entry_time,exit_time,direction,units,entry_price,exit_price,sl,tp,pnl,exit_reason,bars_held
2019-04-09 08:30:00+00:00,2019-04-09 12:15:00+00:00,1,42.0,1301.7427395604857,1305.2447395604859,1299.9917395604857,1305.2447395604859,144.14400000000757,TP,15
2019-04-09 12:15:00+00:00,2019-04-10 00:45:00+00:00,1,32.0,1302.3693887843976,1303.8264140208007,1300.0603887843977,1306.9873887843976,44.38480756489822,TIME,50
2019-04-10 08:15:00+00:00,2019-04-10 12:15:00+00:00,1,49.0,1303.8719736802907,1302.3149736802907,1302.3149736802907,1306.9859736802905,-79.72300000000081,SL,16
2019-04-10 12:45:00+00:00,2019-04-10 13:15:00+00:00,-1,39.0,1302.684058226521,1304.6220582265212,1304.6220582265212,1298.808058226521,-78.31200000000398,SL,2
2019-04-10 13:15:00+00:00,2019-04-10 13:30:00+00:00,-1,34.0,1302.5252437764834,1304.7082437764834,1304.7082437764834,1298.1592437764834,-76.60199999999975,SL,1
2019-04-10 14:30:00+00:00,2019-04-11 03:00:00+00:00,1,28.000000000000004,1306.82261139702,1306.7371393569472,1304.2016113970199,1312.06461139702,-4.353217122037641,TIME,50
2019-04-11 08:15:00+00:00,2019-04-11 11:15:00+00:00,-1,48.0,1304.6737188636732,1301.6297188636731,1306.1957188636732,1301.6297188636731,142.7520000000046,TP,12
2019-04-11 11:15:00+00:00,2019-04-11 12:00:00+00:00,-1,36.0,1302.690496140621,1298.6564961406211,1304.707496140621,1298.6564961406211,142.7039999999956,TP,3
2019-04-11 12:00:00+00:00,2019-04-11 12:30:00+00:00,-1,35.0,1300.9212920197576,1296.6252920197576,1303.0692920197575,1296.6252920197576,147.91000000000173,TP,2
2019-04-11 12:30:00+00:00,2019-04-11 15:30:00+00:00,-1,31.0,1298.9757323501115,1294.1777323501115,1301.3747323501116,1294.1777323501115,146.56800000000007,TP,12
2019-04-11 15:30:00+00:00,2019-04-12 04:00:00+00:00,-1,20.0,1294.8685613487992,1292.0132276161328,1298.6335613487993,1287.338561348799,55.7066746533279,TIME,50
2019-04-12 09:45:00+00:00,2019-04-12 11:30:00+00:00,1,40.0,1295.1594341419884,1293.2104341419883,1293.2104341419883,1299.0574341419883,-80.76000000000276,SL,7
2019-04-12 11:30:00+00:00,2019-04-12 12:30:00+00:00,1,35.0,1294.0272723872179,1291.775272387218,1291.775272387218,1298.5312723872178,-81.26999999999835,SL,4
2019-04-12 13:15:00+00:00,2019-04-12 14:00:00+00:00,-1,32.0,1291.5894541521297,1294.0084541521296,1294.0084541521296,1286.7514541521298,-79.6479999999958,SL,3
2019-04-12 16:15:00+00:00,2019-04-15 04:45:00+00:00,-1,30.0,1291.3343618274387,1289.31327631172,1293.8893618274385,1286.2243618274388,58.53256547155788,TIME,50
2019-04-15 08:15:00+00:00,2019-04-15 12:00:00+00:00,-1,49.0,1286.5386833560087,1288.1136833560088,1288.1136833560088,1283.3886833560086,-80.60500000000224,SL,15
2019-04-15 12:00:00+00:00,2019-04-15 12:15:00+00:00,-1,36.0,1285.737419122599,1287.888419122599,1287.888419122599,1281.4354191225991,-79.95600000000242,SL,1
2019-04-15 12:45:00+00:00,2019-04-15 14:30:00+00:00,-1,30.0,1283.7614547403186,1286.3094547403186,1286.3094547403186,1278.6654547403186,-78.54000000000005,SL,7
2019-04-15 14:30:00+00:00,2019-04-15 15:15:00+00:00,-1,26.0,1284.885293019756,1287.8072930197561,1287.8072930197561,1279.041293019756,-77.79200000000066,SL,3
2019-04-15 16:00:00+00:00,2019-04-16 01:15:00+00:00,1,25.0,1288.6839312112133,1285.7789312112134,1285.7789312112134,1294.4939312112133,-74.37499999999932,SL,37
2019-04-16 09:30:00+00:00,2019-04-16 12:30:00+00:00,-1,39.0,1283.8972161650292,1280.087216165029,1285.8022161650292,1280.087216165029,145.86000000000675,TP,12
2019-04-16 12:45:00+00:00,2019-04-16 13:15:00+00:00,-1,30.0,1279.7730536129213,1274.7970536129212,1282.2610536129214,1274.7970536129212,147.1800000000034,TP,2
2019-04-16 13:15:00+00:00,2019-04-16 20:15:00+00:00,-1,25.0,1275.9903327899626,1276.565438037658,1278.9693327899627,1270.0323327899625,-16.127631192382978,SIGNAL_REVERSE,28
2019-04-16 20:15:00+00:00,2019-04-17 00:00:00+00:00,1,46.0,1276.5665428949208,1274.9115428949208,1274.9115428949208,1279.8765428949207,-79.34999999999874,SL,15
2019-04-17 08:15:00+00:00,2019-04-17 08:30:00+00:00,1,52.0,1278.6018304895324,1277.1348304895323,1277.1348304895323,1281.5358304895324,-79.92400000000511,SL,1
2019-04-17 08:30:00+00:00,2019-04-17 08:45:00+00:00,1,47.0,1278.3424476215591,1276.732447621559,1276.732447621559,1281.5624476215592,-78.96000000000599,SL,1
2019-04-17 09:45:00+00:00,2019-04-17 12:15:00+00:00,-1,39.0,1275.3953249026756,1277.3163249026757,1277.3163249026757,1271.5533249026757,-77.64900000000192,SL,10
2019-04-17 12:15:00+00:00,2019-04-17 22:00:00+00:00,-1,36.0,1276.6117417464186,1272.4957417464186,1278.6697417464186,1272.4957417464186,145.65599999999947,TP,39
2019-04-18 08:15:00+00:00,2019-04-18 12:30:00+00:00,1,47.0,1274.8487045970603,1273.2547045970605,1273.2547045970605,1278.0367045970602,-78.20799999999171,SL,17
2019-04-18 12:30:00+00:00,2019-04-18 13:00:00+00:00,1,32.0,1276.009695558113,1273.683695558113,1273.683695558113,1280.661695558113,-76.6720000000007,SL,2
2019-04-18 16:15:00+00:00,2019-04-18 20:30:00+00:00,-1,28.999999999999996,1273.163105286409,1275.4562992150536,1275.690105286409,1268.109105286409,-68.53262393069168,SIGNAL_REVERSE,17
2019-04-18 20:30:00+00:00,2019-04-22 01:45:00+00:00,1,60.0,1275.4597570492624,1277.9237570492623,1274.2277570492624,1277.9237570492623,143.63999999999652,TP,21
2019-04-22 10:45:00+00:00,2019-04-22 11:30:00+00:00,1,56.00000000000001,1279.5372690934905,1278.2172690934906,1278.2172690934906,1282.1772690934906,-77.83999999999645,SL,3
2019-04-22 11:30:00+00:00,2019-04-22 12:15:00+00:00,1,60.0,1279.1416981399468,1277.9126981399468,1277.9126981399468,1281.599698139947,-77.94000000000251,SL,3
2019-04-22 13:00:00+00:00,2019-04-23 00:15:00+00:00,-1,48.0,1276.8306284808111,1273.7726284808111,1278.3596284808111,1273.7726284808111,143.42399999999964,TP,45
2019-04-23 08:15:00+00:00,2019-04-23 12:30:00+00:00,-1,56.00000000000001,1273.6666732180395,1271.0106732180398,1274.9946732180395,1271.0106732180398,144.81599999998446,TP,17
2019-04-23 13:00:00+00:00,2019-04-23 13:45:00+00:00,-1,32.0,1267.67799734898,1269.9929973489798,1269.9929973489798,1263.04799734898,-76.31999999999447,SL,3
2019-04-23 13:45:00+00:00,2019-04-23 15:45:00+00:00,-1,30.0,1269.811876333586,1272.327876333586,1272.327876333586,1264.7798763335863,-77.57999999999547,SL,8
2019-04-23 15:45:00+00:00,2019-04-23 17:15:00+00:00,-1,21.0,1269.916677401986,1272.6230476435749,1273.386677401986,1262.9766774019859,-58.30377507336809,SIGNAL_REVERSE,6
2019-04-23 17:15:00+00:00,2019-04-24 03:15:00+00:00,1,20.0,1272.6188747837903,1269.0558747837902,1269.0558747837902,1279.7448747837902,-72.66000000000204,SL,40
2019-04-24 08:15:00+00:00,2019-04-24 10:45:00+00:00,1,48.0,1272.8578832810392,1271.3268832810393,1271.3268832810393,1275.9198832810393,-76.84799999999755,SL,10
2019-04-24 10:45:00+00:00,2019-04-24 15:15:00+00:00,1,44.0,1271.8618249550398,1275.1878249550398,1270.1988249550398,1275.1878249550398,143.26400000000095,TP,18
2019-05-02 08:15:00+00:00,2019-05-02 12:15:00+00:00,-1,48.0,1271.4036024751638,1272.945602475164,1272.945602475164,1268.3196024751637,-77.3760000000069,SL,16
2019-05-02 12:45:00+00:00,2019-05-02 15:45:00+00:00,-1,33.0,1269.8330009179751,1272.0110009179753,1272.0110009179753,1265.4770009179751,-74.18400000000366,SL,12
2019-05-02 18:15:00+00:00,2019-05-03 06:45:00+00:00,1,26.0,1271.3650736226975,1271.6971307562249,1268.5660736226976,1276.9630736226975,6.813485471710173,TIME,50
2019-05-03 08:15:00+00:00,2019-05-03 10:15:00+00:00,-1,45.0,1269.478351491434,1271.099351491434,1271.099351491434,1266.236351491434,-76.09499999999403,SL,8
2019-05-03 10:15:00+00:00,2019-05-03 12:15:00+00:00,-1,42.0,1270.6279483462138,1272.3469483462136,1272.3469483462136,1267.189948346214,-75.13799999999259,SL,8
2019-05-03 13:00:00+00:00,2019-05-03 14:15:00+00:00,1,27.0,1275.9328072903104,1281.1528072903104,1273.3228072903105,1281.1528072903104,139.05000000000075,TP,5
2019-05-03 14:15:00+00:00,2019-05-03 20:15:00+00:00,1,21.0,1280.6195891577554,1278.4193125880404,1277.3165891577553,1287.2255891577554,-47.67580796401532,SIGNAL_REVERSE,24
2019-05-03 20:15:00+00:00,2019-05-05 22:00:00+00:00,-1,35.0,1278.4236020300186,1280.4576020300187,1280.4576020300187,1274.3556020300186,-73.6400000000037,SL,7
2019-05-06 12:00:00+00:00,2019-05-06 13:15:00+00:00,-1,41.0,1280.7938546992646,1277.3218546992646,1282.5298546992644,1277.3218546992646,139.48199999999918,TP,5
2019-05-06 13:15:00+00:00,2019-05-06 14:45:00+00:00,-1,39.0,1277.668315970382,1279.505315970382,1279.505315970382,1273.994315970382,-74.37299999999958,SL,6
2019-05-06 14:45:00+00:00,2019-05-06 16:00:00+00:00,-1,34.0,1278.7102890379385,1280.8372890379385,1280.8372890379385,1274.4562890379386,-74.69799999999839,SL,5
2019-05-06 17:00:00+00:00,2019-05-07 05:30:00+00:00,1,31.0,1281.710652361065,1282.1873500114257,1279.4356523610652,1286.260652361065,12.607627161179225,TIME,50
2019-05-07 08:30:00+00:00,2019-05-07 14:00:00+00:00,-1,39.0,1281.2386528168,1283.0706528168,1283.0706528168,1277.5746528167997,-74.17800000000419,SL,22
2019-05-07 15:15:00+00:00,2019-05-08 03:45:00+00:00,1,27.0,1283.8005357940067,1286.3294079283924,1281.1845357940067,1289.0325357940067,66.38954762841296,TIME,50
2019-05-08 09:45:00+00:00,2019-05-08 12:15:00+00:00,1,47.0,1287.9080395009807,1290.9700395009809,1286.3770395009808,1290.9700395009809,140.6240000000059,TP,10
2019-05-08 12:15:00+00:00,2019-05-08 13:00:00+00:00,1,34.0,1289.6153081783457,1287.5253081783458,1287.5253081783458,1293.7953081783457,-73.43999999999721,SL,3
2019-05-08 13:00:00+00:00,2019-05-08 13:15:00+00:00,1,28.000000000000004,1289.7693671738925,1287.2003671738926,1287.2003671738926,1294.9073671738927,-73.89199999999889,SL,1
2019-05-08 14:15:00+00:00,2019-05-09 02:45:00+00:00,-1,24.0,1284.9528541532718,1280.8590852864372,1287.9158541532718,1279.0268541532716,96.57045280402991,TIME,50
2019-05-09 08:15:00+00:00,2019-05-09 09:30:00+00:00,1,45.0,1285.223534030733,1283.6425340307328,1283.6425340307328,1288.385534030733,-74.2950000000059,SL,5
2019-05-09 09:30:00+00:00,2019-05-09 11:45:00+00:00,1,43.0,1284.1873393948588,1282.5023393948588,1282.5023393948588,1287.557339394859,-75.46499999999766,SL,9
2019-05-09 12:15:00+00:00,2019-05-09 12:45:00+00:00,-1,40.0,1281.044416972583,1282.821416972583,1282.821416972583,1277.4904169725828,-73.88000000000174,SL,2
2019-05-09 12:45:00+00:00,2019-05-09 13:45:00+00:00,-1,37.0,1282.3221861610796,1284.2311861610797,1284.2311861610797,1278.5041861610796,-73.2230000000039,SL,4
2019-05-09 13:45:00+00:00,2019-05-09 14:00:00+00:00,-1,27.0,1282.7120640624223,1285.2750640624224,1285.2750640624224,1277.5860640624223,-71.09100000000275,SL,1
2019-05-09 14:30:00+00:00,2019-05-09 14:45:00+00:00,1,23.0,1287.4416191651474,1284.4896191651474,1284.4896191651474,1293.3456191651474,-69.50599999999996,SL,1
2019-05-09 15:45:00+00:00,2019-05-09 21:00:00+00:00,1,21.0,1285.3305703215235,1283.377161017909,1282.0625703215235,1291.8665703215236,-42.491595375905234,SIGNAL_REVERSE,21
2019-05-09 21:00:00+00:00,2019-05-10 00:15:00+00:00,-1,44.0,1283.3783568645968,1284.9523568645968,1284.9523568645968,1280.2303568645968,-72.33600000000304,SL,13
2019-05-10 13:00:00+00:00,2019-05-10 13:15:00+00:00,1,31.0,1288.3890638686144,1286.1940638686144,1286.1940638686144,1292.7790638686142,-70.21499999999803,SL,1
2019-05-10 13:15:00+00:00,2019-05-10 19:30:00+00:00,1,30.0,1286.7931402038466,1285.5933302708008,1284.5511402038467,1291.2771402038466,-38.09429799137397,SIGNAL_REVERSE,25
2019-05-10 19:30:00+00:00,2019-05-12 22:00:00+00:00,-1,33.0,1285.5947728792685,1287.6387728792683,1287.6387728792683,1281.5067728792685,-69.76199999999568,SL,10
2019-05-13 08:15:00+00:00,2019-05-13 12:00:00+00:00,-1,49.0,1283.6140995213923,1284.9650995213922,1284.9650995213922,1280.9120995213923,-69.62899999999439,SL,15
2019-05-13 12:30:00+00:00,2019-05-13 12:45:00+00:00,1,34.0,1286.9922235935062,1290.8482235935062,1285.064223593506,1290.8482235935062,128.72399999999982,TP,1
2019-05-13 12:45:00+00:00,2019-05-13 13:00:00+00:00,1,30.0,1288.9296187723028,1293.2536187723028,1286.7676187723027,1293.2536187723028,127.62000000000208,TP,1
2019-05-13 13:00:00+00:00,2019-05-13 13:15:00+00:00,1,25.0,1291.5366127177904,1296.7686127177903,1288.9206127177904,1296.7686127177903,129.04999999999927,TP,1
2019-05-13 13:30:00+00:00,2019-05-13 14:00:00+00:00,1,23.0,1298.7500104477513,1295.7990104477512,1295.7990104477512,1304.6520104477513,-69.4830000000005,SL,2
2019-05-13 14:00:00+00:00,2019-05-14 02:30:00+00:00,1,21.0,1297.4465231210272,1299.0380367962491,1294.2265231210272,1303.8865231210273,31.951787179659988,TIME,50
2019-05-14 08:15:00+00:00,2019-05-14 13:00:00+00:00,-1,46.0,1298.2305384372441,1299.4788102122611,1299.7275384372442,1295.2365384372442,-60.640501650780806,SIGNAL_REVERSE,19
2019-05-14 13:00:00+00:00,2019-05-14 13:15:00+00:00,1,36.0,1299.4780151208915,1297.5610151208916,1297.5610151208916,1303.3120151208916,-71.53199999999698,SL,1
2019-05-14 15:45:00+00:00,2019-05-14 19:45:00+00:00,-1,25.0,1293.8586971740688,1296.5796971740688,1296.5796971740688,1288.4166971740688,-69.77500000000009,SL,16
2019-05-14 20:30:00+00:00,2019-05-15 02:30:00+00:00,1,61.0,1296.9486181261057,1295.8566181261058,1295.8566181261058,1299.1326181261056,-70.88199999999212,SL,24
2019-05-15 08:45:00+00:00,2019-05-15 14:30:00+00:00,1,39.0,1297.6458764991933,1295.9528764991933,1295.9528764991933,1301.0318764991932,-68.75699999999937,SL,23
2019-05-15 15:30:00+00:00,2019-05-16 04:00:00+00:00,-1,20.0,1295.4438199409788,1296.2146189766456,1298.6968199409787,1288.9378199409787,-16.815980713337375,TIME,50
2019-05-16 08:15:00+00:00,2019-05-16 08:30:00+00:00,1,53.0,1297.554085806907,1296.304085806907,1296.304085806907,1300.054085806907,-69.96,SL,1
2019-05-16 08:30:00+00:00,2019-05-16 08:45:00+00:00,1,44.0,1296.8419970713383,1295.3399970713383,1295.3399970713383,1299.8459970713382,-69.16799999999792,SL,1
2019-05-16 10:00:00+00:00,2019-05-16 12:30:00+00:00,-1,33.0,1295.2523413003853,1291.3703413003852,1297.1933413003853,1291.3703413003852,125.79600000000204,TP,10
2019-05-16 12:30:00+00:00,2019-05-16 14:45:00+00:00,-1,26.0,1294.0153082362265,1289.1153082362266,1296.4653082362265,1289.1153082362266,125.57999999999646,TP,9
2019-05-16 14:45:00+00:00,2019-05-16 15:30:00+00:00,-1,23.0,1290.1072124909604,1284.5352124909605,1292.8932124909604,1284.5352124909605,126.54599999999745,TP,3
2019-05-16 15:30:00+00:00,2019-05-17 04:00:00+00:00,-1,22.0,1285.6978310981083,1286.3094936150214,1288.7148310981083,1279.6638310981084,-14.996575372089445,TIME,50
2019-05-17 10:00:00+00:00,2019-05-17 11:30:00+00:00,-1,41.0,1285.2022775843814,1286.8272775843814,1286.8272775843814,1281.9522775843814,-69.495,SL,6
2019-05-17 11:30:00+00:00,2019-05-17 12:30:00+00:00,-1,45.0,1286.4840360903784,1283.4820360903782,1287.9850360903783,1283.4820360903782,131.9400000000081,TP,4
2019-05-17 12:30:00+00:00,2019-05-17 13:15:00+00:00,-1,38.0,1285.6159739760346,1282.1199739760345,1287.3639739760347,1282.1199739760345,130.1880000000036,TP,3
2019-05-17 13:15:00+00:00,2019-05-17 14:00:00+00:00,-1,32.0,1283.8004422371016,1279.5924422371015,1285.9044422371016,1279.5924422371015,132.41600000000267,TP,3
2019-05-17 14:00:00+00:00,2019-05-17 14:45:00+00:00,-1,26.0,1281.202976366352,1275.874976366352,1283.866976366352,1275.874976366352,136.70799999999934,TP,3
2019-05-17 14:45:00+00:00,2019-05-17 21:00:00+00:00,-1,23.0,1277.2419404337584,1277.7307921956894,1280.2019404337584,1271.3219404337583,-12.853590524414685,SIGNAL_REVERSE,25
2019-05-17 21:00:00+00:00,2019-05-20 02:45:00+00:00,1,53.0,1277.7267677278296,1276.3807677278296,1276.3807677278296,1280.4187677278296,-75.04800000000019,SL,23
2019-05-20 08:15:00+00:00,2019-05-20 12:00:00+00:00,-1,51.0,1275.846433857159,1277.2184338571587,1277.2184338571587,1273.102433857159,-73.54199999999202,SL,15
2019-05-20 14:30:00+00:00,2019-05-21 03:00:00+00:00,1,25.0,1277.3625851952984,1276.1278053704405,1274.6455851952983,1282.7965851952983,-32.619495621448095,TIME,50
2019-05-21 11:45:00+00:00,2019-05-21 14:45:00+00:00,-1,41.0,1272.6306790696021,1274.297679069602,1274.297679069602,1269.296679069602,-71.21699999999657,SL,12
2019-05-21 14:45:00+00:00,2019-05-21 17:45:00+00:00,-1,27.0,1272.398726911593,1274.1708409796893,1274.907726911593,1267.380726911593,-49.737079838598575,SIGNAL_REVERSE,12
2019-05-21 17:45:00+00:00,2019-05-22 06:15:00+00:00,1,31.0,1274.1714984660157,1273.6741555567885,1271.9964984660157,1278.5214984660156,-17.5876301860432,TIME,50
2019-05-22 11:30:00+00:00,2019-05-22 14:15:00+00:00,1,50.0,1274.659158074022,1273.300158074022,1273.300158074022,1277.3771580740217,-71.44999999999618,SL,11
2019-05-22 18:30:00+00:00,2019-05-23 07:00:00+00:00,-1,44.0,1274.2945838582611,1274.0799399081925,1275.818583858261,1271.2465838582611,6.364333803020527,TIME,50
2019-05-23 08:15:00+00:00,2019-05-23 12:00:00+00:00,1,49.0,1275.3682986121232,1278.1082986121232,1273.9982986121233,1278.1082986121232,130.83000000000044,TP,15
2019-06-07 08:15:00+00:00,2019-06-07 09:45:00+00:00,1,43.0,1335.4064452418888,1333.8174452418887,1333.8174452418887,1338.5844452418892,-71.33700000000728,SL,6
2019-06-07 09:45:00+00:00,2019-06-07 12:15:00+00:00,1,38.0,1333.9360340296773,1337.5460340296775,1332.1310340296773,1337.5460340296775,134.52000000000484,TP,10
2019-06-07 12:15:00+00:00,2019-06-07 12:30:00+00:00,1,36.0,1336.7908764457218,1340.552876445722,1334.9098764457217,1340.552876445722,132.91200000000615,TP,1
2019-06-07 12:30:00+00:00,2019-06-07 12:45:00+00:00,1,27.0,1337.0967059296854,1342.1947059296856,1334.5477059296854,1342.1947059296856,135.75600000000497,TP,1
2019-06-07 13:00:00+00:00,2019-06-07 14:30:00+00:00,1,20.0,1341.1242512011838,1348.068251201184,1337.6522512011838,1348.068251201184,137.48000000000374,TP,6
2019-06-07 14:30:00+00:00,2019-06-07 15:45:00+00:00,1,14.000000000000002,1346.2408106113971,1341.420810611397,1341.420810611397,1355.8808106113972,-68.46000000000231,SL,5
2019-06-07 15:45:00+00:00,2019-06-07 19:00:00+00:00,1,12.0,1342.5984686980453,1340.309090845085,1336.7974686980451,1354.2004686980454,-28.312534235524108,SIGNAL_REVERSE,13
2019-06-07 19:00:00+00:00,2019-06-10 01:00:00+00:00,-1,18.0,1340.3147719612896,1332.4727719612897,1344.2357719612896,1332.4727719612897,139.89599999999768,TP,24
2019-06-10 08:15:00+00:00,2019-06-10 09:00:00+00:00,-1,36.0,1325.5654144078674,1327.5404144078675,1327.5404144078675,1321.6154144078673,-73.62000000000491,SL,3
2019-06-10 09:00:00+00:00,2019-06-10 10:00:00+00:00,-1,34.0,1326.9801769656306,1329.0761769656306,1329.0761769656306,1322.7881769656306,-73.64400000000012,SL,4
2019-06-10 14:15:00+00:00,2019-06-10 16:15:00+00:00,1,25.0,1329.5328273522725,1326.7588273522726,1326.7588273522726,1335.0808273522723,-71.09999999999718,SL,8
2019-06-10 17:45:00+00:00,2019-06-10 18:00:00+00:00,-1,30.0,1326.5841727000006,1328.9371727000007,1328.9371727000007,1321.8781727000007,-72.69000000000196,SL,1
2019-06-10 18:00:00+00:00,2019-06-11 01:15:00+00:00,-1,28.999999999999996,1327.1501334166917,1329.5991334166918,1329.5991334166918,1322.2521334166918,-73.05100000000199,SL,29
2019-06-11 08:15:00+00:00,2019-06-11 14:00:00+00:00,-1,34.0,1323.3300929300563,1324.4943782645498,1325.3560929300563,1319.2780929300561,-41.96570137278139,SIGNAL_REVERSE,23
2019-06-11 14:00:00+00:00,2019-06-12 02:00:00+00:00,1,30.0,1324.490717280524,1329.0927172805239,1322.189717280524,1329.0927172805239,135.95999999999586,TP,48
2019-06-12 08:15:00+00:00,2019-06-12 10:15:00+00:00,1,33.0,1337.6497348940109,1335.561734894011,1335.561734894011,1341.825734894011,-71.21399999999886,SL,8
2019-06-12 10:15:00+00:00,2019-06-12 12:15:00+00:00,1,28.000000000000004,1335.787669756631,1333.3016697566309,1333.3016697566309,1340.759669756631,-71.56800000000291,SL,8
2019-06-12 12:30:00+00:00,2019-06-12 16:00:00+00:00,-1,27.0,1333.4816843100264,1336.0206843100264,1336.0206843100264,1328.4036843100264,-70.44299999999966,SL,14
2019-06-12 19:00:00+00:00,2019-06-13 01:45:00+00:00,-1,28.999999999999996,1332.7197932759752,1335.0957932759752,1335.0957932759752,1327.967793275975,-70.9339999999993,SL,27
2019-06-13 08:15:00+00:00,2019-06-13 09:15:00+00:00,1,37.0,1337.619389114603,1335.8003891146031,1335.8003891146031,1341.257389114603,-69.89299999999852,SL,4
2019-06-13 09:15:00+00:00,2019-06-13 13:00:00+00:00,1,33.0,1336.2852161207989,1334.2192161207988,1334.2192161207988,1340.417216120799,-70.48800000000102,SL,15
2019-06-13 13:15:00+00:00,2019-06-13 13:45:00+00:00,-1,28.999999999999996,1334.3367370807578,1336.6507370807578,1336.6507370807578,1329.7087370807578,-69.13600000000226,SL,2
2019-06-13 13:45:00+00:00,2019-06-13 14:00:00+00:00,-1,28.999999999999996,1335.6160383922816,1337.9400383922816,1337.9400383922816,1330.9680383922816,-69.42600000000199,SL,1
2019-06-13 15:45:00+00:00,2019-06-14 02:00:00+00:00,1,23.0,1339.6564024908903,1345.3004024908903,1336.8344024908904,1345.3004024908903,128.2020000000001,TP,41
2019-06-14 08:15:00+00:00,2019-06-14 09:15:00+00:00,1,23.0,1355.5105403614355,1352.6135403614353,1352.6135403614353,1361.3045403614356,-68.24100000000372,SL,4
2019-06-14 09:15:00+00:00,2019-06-14 12:45:00+00:00,1,21.0,1352.9060857574116,1349.8180857574116,1349.8180857574116,1359.0820857574115,-66.31799999999927,SL,14
2019-06-14 13:00:00+00:00,2019-06-14 13:45:00+00:00,-1,21.0,1348.9182775990696,1352.0112775990697,1352.0112775990697,1342.7322775990697,-66.42300000000157,SL,3
2019-06-14 13:45:00+00:00,2019-06-14 17:00:00+00:00,-1,18.0,1350.0821876621615,1342.7881876621614,1353.7291876621614,1342.7881876621614,130.03200000000174,TP,13
2019-06-14 17:00:00+00:00,2019-06-17 01:00:00+00:00,-1,13.0,1347.1184057736532,1336.960405773653,1352.1974057736531,1336.960405773653,131.14400000000168,TP,32
2019-06-17 08:15:00+00:00,2019-06-17 12:15:00+00:00,-1,24.0,1334.667730053857,1337.408730053857,1337.408730053857,1329.185730053857,-67.46399999999966,SL,16
2019-06-17 13:00:00+00:00,2019-06-17 14:15:00+00:00,1,24.0,1339.8626864749192,1337.0806864749193,1337.0806864749193,1345.4266864749193,-68.44799999999822,SL,5
2019-06-17 14:15:00+00:00,2019-06-18 02:45:00+00:00,1,20.0,1339.8360774094597,1341.8558398815487,1336.4730774094596,1346.5620774094598,38.995249441780835,TIME,50
2019-06-18 08:15:00+00:00,2019-06-18 11:45:00+00:00,1,28.000000000000004,1345.9673021399092,1350.769302139909,1343.566302139909,1350.769302139909,132.49599999999742,TP,14
2019-06-18 11:45:00+00:00,2019-06-18 13:30:00+00:00,1,20.0,1349.165374125562,1345.9423741255619,1345.9423741255619,1355.6113741255622,-65.86000000000368,SL,7
2019-06-18 13:30:00+00:00,2019-06-18 13:45:00+00:00,1,15.0,1352.1905485246941,1347.8445485246941,1347.8445485246941,1360.8825485246941,-66.24000000000005,SL,1
2019-06-18 14:45:00+00:00,2019-06-18 15:00:00+00:00,-1,12.0,1342.0612907771613,1347.6072907771613,1347.6072907771613,1330.9692907771612,-67.39200000000059,SL,1
2019-06-19 08:30:00+00:00,2019-06-19 12:30:00+00:00,-1,28.999999999999996,1342.6467021025687,1344.9177021025687,1344.9177021025687,1338.1047021025688,-67.88899999999877,SL,16
2019-06-19 14:30:00+00:00,2019-06-19 18:00:00+00:00,1,24.0,1345.2630825147207,1350.6730825147206,1342.5580825147208,1350.6730825147206,128.1599999999965,TP,14
2019-06-19 18:00:00+00:00,2019-06-19 18:15:00+00:00,1,20.0,1345.4681713889283,1352.0781713889282,1342.1631713889283,1352.0781713889282,130.799999999998,TP,1
2019-06-19 18:30:00+00:00,2019-06-19 20:15:00+00:00,1,16.0,1351.7245289939508,1360.0485289939506,1347.5625289939508,1360.0485289939506,132.06399999999746,TP,7
2019-06-19 20:15:00+00:00,2019-06-20 00:45:00+00:00,1,12.0,1357.8279091783816,1369.0219091783815,1352.2309091783816,1369.0219091783815,133.48799999999952,TP,18
2019-06-20 08:15:00+00:00,2019-06-20 16:00:00+00:00,1,16.0,1380.6201505712922,1388.9461505712923,1376.4571505712922,1388.9461505712923,132.09600000000034,TP,31
2019-06-20 16:00:00+00:00,2019-06-21 01:30:00+00:00,1,12.0,1385.3975596509058,1396.2435596509058,1379.9745596509058,1396.2435596509058,129.31200000000004,TP,38
2019-06-21 08:15:00+00:00,2019-06-21 10:15:00+00:00,-1,12.0,1385.9256395642994,1391.9026395642995,1391.9026395642995,1373.9716395642995,-72.56400000000107,SL,8
2019-06-21 10:15:00+00:00,2019-06-21 10:30:00+00:00,-1,10.0,1388.1333539218242,1394.9003539218243,1394.9003539218243,1374.5993539218243,-68.37000000000053,SL,1
2019-06-21 10:30:00+00:00,2019-06-21 10:45:00+00:00,-1,9.0,1390.684550893806,1397.977550893806,1397.977550893806,1376.0985508938063,-66.26699999999903,SL,1
2019-06-21 12:00:00+00:00,2019-06-23 22:30:00+00:00,1,10.0,1395.2693509706,1408.7593509706,1388.5243509706002,1408.7593509706,134.2000000000001,TP,42
2019-06-24 08:15:00+00:00,2019-06-24 08:45:00+00:00,-1,21.0,1402.3650762443594,1405.7190762443595,1405.7190762443595,1395.6570762443596,-71.90400000000088,SL,2
2019-06-24 10:15:00+00:00,2019-06-24 15:15:00+00:00,1,20.0,1406.8739167726626,1413.9759167726627,1403.3229167726627,1413.9759167726627,140.64000000000178,TP,20
2019-06-24 15:30:00+00:00,2019-06-25 00:00:00+00:00,1,16.0,1417.2224860801948,1426.0584860801948,1412.8044860801947,1426.0584860801948,140.2560000000002,TP,34
2019-06-25 12:15:00+00:00,2019-06-25 13:30:00+00:00,-1,15.0,1427.1160920750913,1431.8650920750913,1431.8650920750913,1417.6180920750912,-72.28500000000035,SL,5
2019-06-25 14:30:00+00:00,2019-06-25 15:15:00+00:00,1,13.0,1433.1639344663972,1427.9029344663973,1427.9029344663973,1443.6859344663972,-69.30299999999957,SL,3
2019-06-25 17:30:00+00:00,2019-06-25 18:30:00+00:00,-1,8.0,1415.709811416396,1424.566811416396,1424.566811416396,1397.995811416396,-71.41599999999977,SL,4
2019-06-25 18:30:00+00:00,2019-06-26 03:45:00+00:00,-1,8.0,1422.0918407094814,1404.6458407094815,1430.8148407094814,1404.6458407094815,139.0079999999993,TP,37
2019-06-26 11:30:00+00:00,2019-06-26 12:15:00+00:00,-1,13.0,1404.9172798756788,1410.3182798756789,1410.3182798756789,1394.1152798756789,-71.12300000000087,SL,3
2019-06-26 12:15:00+00:00,2019-06-26 12:30:00+00:00,-1,12.0,1405.4583833873683,1411.1663833873683,1411.1663833873683,1394.0423833873683,-69.33600000000101,SL,1
2019-06-26 15:30:00+00:00,2019-06-26 20:30:00+00:00,1,12.0,1411.2187365772888,1409.6140553333194,1405.358736577289,1422.9387365772889,-20.096174927633765,SIGNAL_REVERSE,20
2019-06-26 20:30:00+00:00,2019-06-27 06:30:00+00:00,-1,22.0,1409.6075321038866,1403.1175321038866,1412.8525321038867,1403.1175321038866,141.2400000000002,TP,40
2019-06-27 08:15:00+00:00,2019-06-27 12:15:00+00:00,-1,22.0,1403.3923753948407,1406.6143753948406,1406.6143753948406,1396.9483753948407,-72.42399999999957,SL,16
2019-06-27 12:30:00+00:00,2019-06-27 12:45:00+00:00,1,25.0,1405.0443681315055,1402.1733681315054,1402.1733681315054,1410.7863681315055,-73.52500000000236,SL,1
2019-06-27 12:45:00+00:00,2019-06-27 13:00:00+00:00,1,21.0,1404.9774097057502,1401.6464097057503,1401.6464097057503,1411.6394097057503,-71.42099999999797,SL,1
2019-06-27 17:00:00+00:00,2019-06-28 01:00:00+00:00,1,15.0,1407.6162275793242,1416.9622275793242,1402.9432275793242,1416.9622275793242,139.14000000000004,TP,32
2019-06-28 08:15:00+00:00,2019-06-28 13:30:00+00:00,-1,16.0,1414.6066888732787,1405.8226888732786,1418.9986888732788,1405.8226888732786,139.42400000000168,TP,21
2019-06-28 13:30:00+00:00,2019-06-30 22:00:00+00:00,-1,20.0,1410.2134671568338,1403.2034671568338,1413.7184671568339,1403.2034671568338,138.7999999999998,TP,34
2019-07-01 08:15:00+00:00,2019-07-01 09:00:00+00:00,-1,20.0,1387.0332073169184,1390.6852073169184,1390.6852073169184,1379.7292073169183,-74.44000000000088,SL,3
2019-07-01 09:00:00+00:00,2019-07-01 11:00:00+00:00,-1,18.0,1388.2390061720846,1389.6637456204085,1392.2210061720846,1380.2750061720847,-26.905310069829522,SIGNAL_REVERSE,8
2019-07-01 11:00:00+00:00,2019-07-01 16:45:00+00:00,1,20.0,1389.6569643466573,1386.1019643466575,1386.1019643466575,1396.7669643466572,-72.49999999999673,SL,23
2019-07-01 17:00:00+00:00,2019-07-02 05:00:00+00:00,-1,14.000000000000002,1386.461896763271,1391.558896763271,1391.558896763271,1376.2678967632708,-72.33799999999974,SL,48
2019-07-02 08:15:00+00:00,2019-07-02 12:15:00+00:00,1,26.0,1393.5427740483824,1390.8497740483824,1390.8497740483824,1398.9287740483826,-71.83799999999957,SL,16
2019-07-02 15:30:00+00:00,2019-07-02 18:30:00+00:00,1,15.0,1399.1547182642607,1408.3647182642605,1394.5497182642607,1408.3647182642605,137.09999999999712,TP,12
2019-07-02 18:30:00+00:00,2019-07-02 20:30:00+00:00,1,13.0,1407.700007411862,1418.268007411862,1402.4160074118622,1418.268007411862,136.4739999999998,TP,8
2019-07-02 20:30:00+00:00,2019-07-02 22:00:00+00:00,1,13.0,1414.1064389750256,1424.7504389750256,1408.7844389750258,1424.7504389750256,137.46200000000007,TP,6
2019-07-03 08:15:00+00:00,2019-07-03 12:00:00+00:00,-1,16.0,1424.0948606371228,1415.2928606371229,1428.4958606371229,1415.2928606371229,139.7119999999985,TP,15
2019-07-03 12:00:00+00:00,2019-07-03 21:15:00+00:00,-1,19.0,1419.1827034397,1418.8763182221778,1423.0257034397,1411.4967034397,4.49131913292028,SIGNAL_REVERSE,37
2019-07-03 21:15:00+00:00,2019-07-03 22:15:00+00:00,1,39.0,1418.8817765867361,1416.954776586736,1416.954776586736,1422.7357765867362,-77.88300000000525,SL,4
2019-07-04 08:15:00+00:00,2019-07-04 14:15:00+00:00,-1,24.0,1413.1937816749537,1416.2157816749539,1416.2157816749539,1407.1497816749536,-74.20800000000389,SL,24
2019-07-04 14:45:00+00:00,2019-07-04 15:15:00+00:00,1,30.0,1416.9600632993163,1414.5040632993164,1414.5040632993164,1421.8720632993163,-75.7799999999971,SL,2
2019-07-04 15:15:00+00:00,2019-07-04 22:30:00+00:00,1,28.999999999999996,1415.4419426243567,1420.4599426243567,1412.9329426243567,1420.4599426243567,143.49200000000081,TP,13
2019-07-05 08:15:00+00:00,2019-07-05 12:30:00+00:00,-1,26.0,1414.0391888339077,1408.4251888339077,1416.8461888339077,1408.4251888339077,144.14400000000086,TP,17
2019-07-05 13:45:00+00:00,2019-07-05 14:45:00+00:00,-1,11.0,1390.8430022434832,1397.646002243483,1397.646002243483,1377.2370022434832,-75.60299999999872,SL,4
2019-07-05 14:45:00+00:00,2019-07-05 15:30:00+00:00,-1,9.0,1390.966958754738,1399.111958754738,1399.111958754738,1374.676958754738,-73.93499999999983,SL,3
2019-07-05 19:15:00+00:00,2019-07-07 22:15:00+00:00,1,15.0,1399.7721540712962,1394.8411540712962,1394.8411540712962,1409.6341540712963,-75.0150000000006,SL,12
2019-07-08 08:15:00+00:00,2019-07-08 13:00:00+00:00,1,23.0,1405.6523898400394,1402.5353898400394,1402.5353898400394,1411.8863898400396,-73.30099999999912,SL,19
2019-07-08 13:15:00+00:00,2019-07-08 15:45:00+00:00,-1,23.0,1400.8936894224844,1394.6736894224844,1404.0036894224843,1394.6736894224844,141.4500000000006,TP,10
2019-07-08 15:45:00+00:00,2019-07-09 04:15:00+00:00,-1,17.0,1396.1837624619634,1394.8242756255102,1400.4267624619633,1387.6977624619633,21.92127621970513,TIME,50
2019-07-09 08:15:00+00:00,2019-07-09 08:45:00+00:00,-1,26.0,1392.8110242180617,1387.2370242180616,1395.5980242180617,1387.2370242180616,143.1040000000018,TP,2
2019-07-09 08:45:00+00:00,2019-07-09 12:15:00+00:00,-1,22.0,1390.781990513082,1394.063990513082,1394.063990513082,1384.2179905130822,-73.74399999999837,SL,14
2019-07-09 13:15:00+00:00,2019-07-10 01:45:00+00:00,1,20.0,1393.2698858404535,1393.1883713578723,1389.5948858404536,1400.6198858404534,-3.03028965162539,TIME,50
2019-07-10 09:45:00+00:00,2019-07-10 12:15:00+00:00,1,24.0,1396.6345562325705,1393.5115562325705,1393.5115562325705,1402.8805562325706,-76.63200000000114,SL,10
2019-07-10 12:15:00+00:00,2019-07-10 12:30:00+00:00,1,28.000000000000004,1393.937864462269,1399.313864462269,1391.249864462269,1399.313864462269,148.56799999999936,TP,1
2019-07-10 13:00:00+00:00,2019-07-10 15:00:00+00:00,1,16.0,1410.0742480842932,1405.435248084293,1405.435248084293,1419.3522480842933,-75.34400000000198,SL,8
2019-07-10 15:00:00+00:00,2019-07-10 22:00:00+00:00,1,13.0,1408.125248594914,1419.651248594914,1402.362248594914,1419.651248594914,148.92800000000088,TP,28
2019-07-11 08:15:00+00:00,2019-07-11 12:30:00+00:00,-1,27.0,1421.5694480195766,1416.0334480195768,1424.3374480195766,1416.0334480195768,147.58199999999545,TP,17
2019-07-11 12:30:00+00:00,2019-07-11 14:00:00+00:00,-1,23.0,1418.898660248883,1412.4626602488831,1422.1166602488831,1412.4626602488831,146.4179999999982,TP,6
2019-07-11 14:00:00+00:00,2019-07-11 17:15:00+00:00,-1,18.0,1414.2039410259624,1405.9699410259625,1418.3209410259624,1405.9699410259625,146.95199999999863,TP,13
2019-07-11 17:15:00+00:00,2019-07-12 05:45:00+00:00,-1,13.0,1407.8335966040293,1406.4991911431932,1413.4695966040292,1396.561596604029,16.43727099086831,TIME,50
2019-07-12 08:15:00+00:00,2019-07-12 09:00:00+00:00,1,30.0,1411.4446623191216,1408.8316623191215,1408.8316623191215,1416.6706623191214,-80.49000000000169,SL,3
2019-07-12 09:00:00+00:00,2019-07-12 09:15:00+00:00,1,28.000000000000004,1409.0809604255323,1406.2379604255323,1406.2379604255323,1414.7669604255323,-81.5640000000021,SL,1
2019-07-12 10:45:00+00:00,2019-07-12 11:15:00+00:00,-1,25.0,1406.265669767784,1409.313669767784,1409.313669767784,1400.169669767784,-77.95000000000005,SL,2
2019-07-12 12:45:00+00:00,2019-07-12 13:15:00+00:00,-1,24.0,1404.9869563908437,1408.1269563908436,1408.1269563908436,1398.7069563908437,-77.03999999999695,SL,2
2019-07-12 13:15:00+00:00,2019-07-12 13:30:00+00:00,-1,23.0,1406.5803261839842,1409.9333261839843,1409.9333261839843,1399.8743261839843,-78.7290000000015,SL,1
2019-07-12 16:30:00+00:00,2019-07-14 22:00:00+00:00,1,19.0,1409.7528476344926,1417.6168476344926,1405.8208476344926,1417.6168476344926,148.0860000000006,TP,22
2019-07-15 08:15:00+00:00,2019-07-15 12:00:00+00:00,1,35.0,1415.4051783678399,1413.18317836784,1413.18317836784,1419.8491783678398,-80.2199999999993,SL,15
2019-07-15 13:00:00+00:00,2019-07-15 19:45:00+00:00,-1,27.0,1412.1939085600322,1415.0419085600322,1415.0419085600322,1406.497908560032,-78.78599999999882,SL,27
2019-07-15 19:45:00+00:00,2019-07-16 01:00:00+00:00,1,31.0,1414.253294286149,1411.8082942861488,1411.8082942861488,1419.143294286149,-77.96500000000508,SL,21
2019-07-16 09:30:00+00:00,2019-07-16 10:45:00+00:00,1,37.0,1416.1429681708833,1414.1069681708832,1414.1069681708832,1420.2149681708834,-77.92200000000216,SL,5
2019-07-16 10:45:00+00:00,2019-07-16 12:30:00+00:00,1,37.0,1414.7873264074196,1412.7303264074196,1412.7303264074196,1418.9013264074197,-78.69900000000061,SL,7
2019-07-16 13:00:00+00:00,2019-07-16 15:45:00+00:00,-1,24.0,1410.809692304094,1404.7396923040938,1413.844692304094,1404.7396923040938,144.00000000000392,TP,11
2019-07-16 15:45:00+00:00,2019-07-17 04:15:00+00:00,-1,16.0,1409.368939841793,1404.8636773895378,1414.010939841793,1400.084939841793,70.9641992360838,TIME,50
2019-07-17 08:30:00+00:00,2019-07-17 12:00:00+00:00,-1,40.0,1403.1389689284265,1405.0119689284265,1405.0119689284265,1399.3929689284264,-77.72000000000189,SL,14
2019-07-17 13:00:00+00:00,2019-07-17 13:30:00+00:00,1,27.0,1406.0591257156927,1411.493125715693,1403.3421257156926,1411.493125715693,144.82800000000532,TP,2
2019-07-17 13:30:00+00:00,2019-07-17 14:15:00+00:00,1,24.0,1409.888741840434,1416.1987418404342,1406.733741840434,1416.1987418404342,149.76000000000414,TP,3
2019-07-17 14:15:00+00:00,2019-07-17 14:45:00+00:00,1,20.0,1411.6392588208637,1419.1512588208639,1407.8832588208636,1419.1512588208639,148.8400000000034,TP,2
2019-07-17 14:45:00+00:00,2019-07-17 18:00:00+00:00,1,18.0,1416.191519310256,1424.503519310256,1412.035519310256,1424.503519310256,148.35600000000227,TP,13
2019-07-17 18:00:00+00:00,2019-07-18 05:30:00+00:00,1,17.0,1424.0036749063177,1419.3496749063177,1419.3496749063177,1433.3116749063176,-80.30799999999994,SL,46
2019-07-18 08:15:00+00:00,2019-07-18 12:30:00+00:00,-1,27.0,1421.090461031179,1415.374461031179,1423.948461031179,1415.374461031179,152.4420000000033,TP,17
2019-07-18 13:00:00+00:00,2019-07-18 14:00:00+00:00,-1,20.0,1417.3925216043704,1421.3815216043704,1421.3815216043704,1409.4145216043703,-81.18000000000066,SL,4
2019-07-18 14:00:00+00:00,2019-07-18 14:45:00+00:00,-1,17.0,1418.2726333763699,1422.8706333763698,1422.8706333763698,1409.07663337637,-79.35599999999926,SL,3
2019-07-18 15:30:00+00:00,2019-07-18 18:30:00+00:00,1,14.000000000000002,1425.2224601428027,1436.3524601428026,1419.6574601428026,1436.3524601428026,154.83999999999838,TP,12
2019-07-18 18:30:00+00:00,2019-07-18 19:00:00+00:00,1,17.0,1434.0331656876344,1443.3191656876345,1429.3901656876344,1443.3191656876345,156.672000000001,TP,2
2019-07-18 19:00:00+00:00,2019-07-18 19:45:00+00:00,1,16.0,1437.7460527807987,1447.8460527807986,1432.6960527807987,1447.8460527807986,160.47999999999854,TP,3
2019-07-18 19:45:00+00:00,2019-07-18 22:30:00+00:00,1,15.0,1444.8356655885696,1439.4056655885695,1439.4056655885695,1455.6956655885695,-82.50000000000095,SL,11
2019-07-19 08:15:00+00:00,2019-07-19 14:15:00+00:00,-1,28.000000000000004,1439.4090556633623,1433.6110556633623,1442.3080556633622,1433.6110556633623,160.38400000000007,TP,24
2019-07-19 14:45:00+00:00,2019-07-22 03:15:00+00:00,-1,13.0,1427.813538267558,1427.6732466419048,1434.031538267558,1415.377538267558,0.9137911334911132,TIME,50
2019-07-29 18:30:00+00:00,2019-07-29 19:15:00+00:00,1,31.0,1422.6781033467394,1427.9421033467395,1420.0461033467393,1427.9421033467395,161.01400000000385,TP,3
2019-07-29 19:15:00+00:00,2019-07-30 00:00:00+00:00,1,31.0,1426.8564387193296,1424.1834387193296,1424.1834387193296,1432.2024387193296,-85.03300000000006,SL,19
2019-07-30 08:15:00+00:00,2019-07-30 11:30:00+00:00,1,49.0,1425.894209704725,1429.298209704725,1424.192209704725,1429.298209704725,163.36599999999981,TP,13
2019-07-30 11:30:00+00:00,2019-07-30 12:30:00+00:00,1,36.0,1428.4966553172276,1426.2016553172275,1426.2016553172275,1433.0866553172277,-85.14000000000262,SL,4
2019-07-30 12:30:00+00:00,2019-07-30 14:00:00+00:00,1,28.000000000000004,1428.4178472008236,1425.4238472008237,1425.4238472008237,1434.4058472008237,-85.79199999999761,SL,6
2019-07-30 18:00:00+00:00,2019-07-31 02:00:00+00:00,1,28.999999999999996,1430.606536133952,1427.790536133952,1427.790536133952,1436.238536133952,-83.69400000000088,SL,32
2019-07-31 08:15:00+00:00,2019-07-31 13:30:00+00:00,1,48.0,1430.8461549006367,1434.2661549006368,1429.1361549006367,1434.2661549006368,160.80000000000348,TP,21
2019-07-31 14:15:00+00:00,2019-07-31 16:30:00+00:00,-1,28.000000000000004,1428.2247885198365,1422.2967885198366,1431.1887885198364,1422.2967885198366,164.02399999999676,TP,9
2019-07-31 16:30:00+00:00,2019-07-31 17:45:00+00:00,-1,22.0,1424.5044460459083,1428.3274460459081,1428.3274460459081,1416.8584460459085,-85.64599999999704,SL,5
2019-07-31 17:45:00+00:00,2019-07-31 18:00:00+00:00,-1,20.0,1425.9832535852906,1430.1322535852905,1430.1322535852905,1417.6852535852909,-84.37999999999775,SL,1
2019-07-31 18:00:00+00:00,2019-07-31 18:45:00+00:00,-1,15.0,1428.3444661806736,1417.3924661806736,1433.8204661806735,1417.3924661806736,163.22999999999996,TP,3
2019-07-31 19:15:00+00:00,2019-08-01 07:45:00+00:00,-1,10.0,1419.4690885618388,1406.581807145268,1427.4880885618388,1403.4310885618388,128.17281416570887,TIME,50
2019-08-01 08:15:00+00:00,2019-08-01 08:30:00+00:00,-1,33.0,1403.1910636954317,1405.7750636954318,1405.7750636954318,1398.0230636954316,-87.58200000000198,SL,1
2019-08-01 08:30:00+00:00,2019-08-01 09:45:00+00:00,-1,33.0,1405.1418200890305,1407.7758200890305,1407.7758200890305,1399.8738200890305,-89.23200000000048,SL,5
2019-08-01 09:45:00+00:00,2019-08-01 13:15:00+00:00,-1,31.0,1406.6399547376298,1401.0999547376298,1409.4099547376297,1401.0999547376298,169.56999999999888,TP,14
2019-08-01 13:30:00+00:00,2019-08-01 14:00:00+00:00,-1,20.0,1403.7362499505775,1407.9352499505776,1407.9352499505776,1395.3382499505776,-85.38000000000139,SL,2
2019-08-01 14:45:00+00:00,2019-08-01 17:30:00+00:00,1,15.0,1411.3235113162682,1422.1715113162682,1405.8995113162682,1422.1715113162682,161.66999999999933,TP,11
2019-08-01 17:30:00+00:00,2019-08-01 17:45:00+00:00,1,11.0,1420.1854347506203,1435.0514347506203,1412.7524347506203,1435.0514347506203,162.75599999999983,TP,1
2019-08-01 18:15:00+00:00,2019-08-02 06:45:00+00:00,1,10.0,1436.986814984096,1434.4126325512889,1428.5238149840961,1453.912814984096,-26.441824328072197,TIME,50
2019-08-02 08:15:00+00:00,2019-08-02 08:45:00+00:00,1,26.0,1438.6074938757583,1435.2134938757583,1435.2134938757583,1445.3954938757583,-90.06400000000014,SL,2
2019-08-02 08:45:00+00:00,2019-08-02 12:30:00+00:00,1,25.0,1435.9107123265176,1432.3727123265176,1432.3727123265176,1442.9867123265176,-90.20000000000027,SL,15
2019-08-02 14:15:00+00:00,2019-08-02 20:00:00+00:00,1,14.000000000000002,1443.1591626242573,1441.0045074588006,1437.3071626242572,1454.8631626242573,-31.14517231639364,SIGNAL_REVERSE,23
2019-08-02 20:00:00+00:00,2019-08-05 01:15:00+00:00,-1,21.0,1441.0012638586152,1444.976263858615,1444.976263858615,1433.0512638586151,-84.94499999999809,SL,21
2019-08-05 08:15:00+00:00,2019-08-05 14:00:00+00:00,1,21.0,1458.2802375294873,1466.2662375294874,1454.2872375294874,1466.2662375294874,166.23600000000218,TP,23
2019-08-05 14:00:00+00:00,2019-08-05 15:00:00+00:00,1,17.0,1465.506016719029,1460.5480167190292,1460.5480167190292,1475.422016719029,-85.47599999999755,SL,4
2019-08-05 15:00:00+00:00,2019-08-05 15:15:00+00:00,1,12.0,1466.3033345855379,1459.530334585538,1459.530334585538,1479.849334585538,-82.11599999999893,SL,1
2019-08-05 16:00:00+00:00,2019-08-06 04:30:00+00:00,1,12.0,1463.5155196186647,1460.6957515813097,1456.4175196186648,1477.7115196186646,-34.67721644826074,TIME,50
2019-08-06 11:00:00+00:00,2019-08-06 15:00:00+00:00,1,22.0,1465.2559911314158,1472.759991131416,1461.503991131416,1472.759991131416,163.54800000000293,TP,16
2019-08-06 15:00:00+00:00,2019-08-07 01:15:00+00:00,1,17.0,1471.593435749516,1481.5234357495162,1466.6284357495158,1481.5234357495162,167.62000000000495,TP,41
2019-08-07 08:30:00+00:00,2019-08-07 11:30:00+00:00,1,19.0,1486.2840265314394,1495.2800265314395,1481.7860265314393,1495.2800265314395,169.59400000000178,TP,12
2019-08-07 11:30:00+00:00,2019-08-07 13:30:00+00:00,1,20.0,1492.944795706806,1501.434795706806,1488.699795706806,1501.434795706806,168.40000000000018,TP,8
2019-08-07 13:30:00+00:00,2019-08-07 13:45:00+00:00,1,15.0,1497.773020258803,1509.273020258803,1492.023020258803,1509.273020258803,171.45,TP,1
2019-08-07 13:45:00+00:00,2019-08-07 19:45:00+00:00,1,14.000000000000002,1500.8727947754078,1494.406794775408,1494.406794775408,1513.8047947754078,-91.50399999999854,SL,24
2019-08-07 20:00:00+00:00,2019-08-08 00:15:00+00:00,-1,11.0,1495.27857516724,1503.15957516724,1503.15957516724,1479.5165751672398,-87.46100000000094,SL,17
2019-08-08 08:45:00+00:00,2019-08-08 11:45:00+00:00,-1,23.0,1497.1472100364542,1500.941210036454,1500.941210036454,1489.5592100364543,-88.87199999999699,SL,12
2019-08-08 13:00:00+00:00,2019-08-08 13:45:00+00:00,-1,20.0,1492.2936544779157,1496.5956544779156,1496.5956544779156,1483.6896544779156,-87.43999999999815,SL,3
2019-08-08 13:45:00+00:00,2019-08-08 15:15:00+00:00,-1,17.0,1492.8296393196404,1497.8546393196405,1497.8546393196405,1482.7796393196404,-86.61500000000154,SL,6
2019-08-08 18:00:00+00:00,2019-08-09 06:30:00+00:00,1,15.0,1501.880142228702,1502.7864242785586,1496.107142228702,1513.426142228702,12.544230747848996,TIME,50
2019-08-09 08:15:00+00:00,2019-08-09 13:30:00+00:00,-1,28.000000000000004,1501.450372006344,1495.258372006344,1504.546372006344,1495.258372006344,171.41600000000022,TP,21
2019-08-09 13:30:00+00:00,2019-08-09 14:15:00+00:00,-1,24.0,1498.0211491050388,1501.6561491050388,1501.6561491050388,1490.7511491050388,-88.91999999999979,SL,3
2019-08-09 14:15:00+00:00,2019-08-09 14:30:00+00:00,-1,19.0,1499.3286043672874,1504.0676043672875,1504.0676043672875,1489.8506043672876,-91.37100000000062,SL,1
2019-08-09 18:45:00+00:00,2019-08-12 07:15:00+00:00,-1,15.0,1497.9323353668249,1492.5163976841097,1503.7793353668249,1486.238335366825,80.18906524072709,TIME,50
2019-08-12 08:15:00+00:00,2019-08-12 08:45:00+00:00,-1,24.0,1494.4702212272596,1498.1662212272595,1498.1662212272595,1487.0782212272595,-90.38399999999791,SL,2
2019-08-12 09:15:00+00:00,2019-08-12 18:30:00+00:00,1,18.0,1502.7091688936862,1512.1571688936863,1497.9851688936863,1512.1571688936863,168.80400000000168,TP,37
2019-08-12 18:30:00+00:00,2019-08-12 18:45:00+00:00,1,20.0,1507.6573256994054,1516.5293256994055,1503.2213256994055,1516.5293256994055,176.0400000000014,TP,1
2019-08-12 19:00:00+00:00,2019-08-13 06:15:00+00:00,1,17.0,1512.0186751181013,1522.2206751181013,1506.9176751181012,1522.2206751181013,172.24399999999997,TP,45
2019-08-13 08:15:00+00:00,2019-08-13 09:45:00+00:00,1,27.0,1524.5886639244984,1531.3166639244985,1521.2246639244984,1531.3166639244985,179.76600000000178,TP,6
2019-08-13 09:45:00+00:00,2019-08-13 12:00:00+00:00,1,20.0,1529.7782749556443,1525.2382749556443,1525.2382749556443,1538.8582749556442,-92.19999999999928,SL,9
2019-08-13 12:00:00+00:00,2019-08-13 12:30:00+00:00,1,18.0,1525.8087946407973,1520.7257946407972,1520.7257946407972,1535.9747946407972,-92.75400000000151,SL,2
2019-08-13 13:15:00+00:00,2019-08-13 13:45:00+00:00,-1,15.0,1519.3281425665452,1507.4721425665455,1525.2561425665451,1507.4721425665455,176.7899999999965,TP,2
2019-08-13 13:45:00+00:00,2019-08-13 14:00:00+00:00,-1,9.0,1512.6020312352541,1492.5240312352544,1522.641031235254,1492.5240312352544,180.07199999999773,TP,1
2019-08-13 19:00:00+00:00,2019-08-14 07:30:00+00:00,-1,11.0,1501.2055114207328,1500.5841634801955,1509.404511420733,1484.807511420733,6.064827345910981,TIME,50
2019-08-14 10:30:00+00:00,2019-08-14 11:30:00+00:00,1,22.0,1507.309809104283,1515.6158091042828,1503.156809104283,1515.6158091042828,181.1919999999959,TP,4
2019-08-14 11:30:00+00:00,2019-08-14 11:45:00+00:00,1,20.0,1508.6882836120503,1518.1642836120502,1503.9502836120505,1518.1642836120502,188.1199999999977,TP,1
2019-08-14 11:45:00+00:00,2019-08-14 14:00:00+00:00,1,19.0,1514.7103543478984,1509.6933543478985,1509.6933543478985,1524.7443543478983,-96.65299999999668,SL,9
2019-08-14 14:00:00+00:00,2019-08-15 02:30:00+00:00,1,13.0,1513.3134856048878,1520.5784741265943,1506.1044856048877,1527.7314856048877,93.53485078218486,TIME,50
2019-08-15 08:15:00+00:00,2019-08-15 09:00:00+00:00,-1,19.0,1512.8569560817205,1517.8349560817203,1517.8349560817203,1502.9009560817206,-95.91199999999692,SL,3
2019-08-15 09:00:00+00:00,2019-08-15 09:45:00+00:00,-1,17.0,1516.0396727772393,1521.4936727772392,1521.4936727772392,1505.1316727772394,-93.90799999999916,SL,3
2019-08-15 10:45:00+00:00,2019-08-15 11:15:00+00:00,1,15.0,1521.4913291762928,1515.216329176293,1515.216329176293,1534.0413291762927,-95.17499999999795,SL,2
2019-08-15 11:15:00+00:00,2019-08-15 11:30:00+00:00,1,14.000000000000002,1519.647881556142,1512.8728815561421,1512.8728815561421,1533.197881556142,-95.82999999999811,SL,1
2019-08-15 13:00:00+00:00,2019-08-15 14:30:00+00:00,-1,12.0,1511.5676510683768,1518.9026510683768,1518.9026510683768,1496.8976510683767,-88.86000000000044,SL,6
2019-08-15 16:30:00+00:00,2019-08-16 05:00:00+00:00,1,14.000000000000002,1519.9270240459314,1521.8680520187118,1513.5700240459314,1532.6410240459313,26.19439161892526,TIME,50
2019-08-16 08:15:00+00:00,2019-08-16 09:00:00+00:00,-1,27.0,1513.2163928093166,1506.3563928093165,1516.6463928093167,1506.3563928093165,183.33000000000345,TP,3
2019-08-16 09:00:00+00:00,2019-08-16 13:45:00+00:00,-1,22.0,1510.8036789716268,1515.058678971627,1515.058678971627,1502.2936789716268,-95.15000000000241,SL,19
2019-08-16 15:15:00+00:00,2019-08-16 16:45:00+00:00,-1,16.0,1507.7388562025944,1513.4398562025945,1513.4398562025945,1496.3368562025944,-92.33600000000035,SL,6
2019-08-16 18:45:00+00:00,2019-08-18 22:00:00+00:00,1,17.0,1515.6559509574824,1510.3319509574824,1510.3319509574824,1526.3039509574826,-91.69800000000117,SL,13
2019-08-19 08:15:00+00:00,2019-08-19 11:30:00+00:00,-1,26.0,1501.9077428437172,1494.8197428437172,1505.4517428437173,1494.8197428437172,182.4679999999991,TP,13
2019-08-19 11:30:00+00:00,2019-08-19 14:00:00+00:00,-1,20.0,1496.8341550678115,1501.3601550678115,1501.3601550678115,1487.7821550678113,-91.92000000000135,SL,10
2019-08-19 14:00:00+00:00,2019-08-19 14:15:00+00:00,-1,19.0,1496.8256406017729,1501.597640601773,1501.597640601773,1487.2816406017728,-91.99800000000307,SL,1
2019-08-19 16:00:00+00:00,2019-08-19 18:00:00+00:00,1,19.0,1502.4163740793006,1497.6493740793005,1497.6493740793005,1511.9503740793007,-91.903000000001,SL,8
2019-08-19 19:00:00+00:00,2019-08-20 01:00:00+00:00,-1,27.0,1495.2354111975408,1498.5844111975407,1498.5844111975407,1488.5374111975407,-92.31299999999818,SL,24
2019-08-20 08:15:00+00:00,2019-08-20 11:00:00+00:00,1,37.0,1500.993008841761,1505.897008841761,1498.541008841761,1505.897008841761,178.85799999999986,TP,11
2019-08-20 11:00:00+00:00,2019-08-20 13:00:00+00:00,1,30.0,1504.7209368200447,1501.6459368200447,1501.6459368200447,1510.8709368200446,-94.35000000000136,SL,8
2019-08-20 13:00:00+00:00,2019-08-21 01:30:00+00:00,1,27.0,1504.2328262410465,1505.57704885161,1500.8128262410467,1511.0728262410462,34.40401048521504,TIME,50
2019-08-21 08:15:00+00:00,2019-08-21 10:15:00+00:00,-1,33.0,1498.375539729372,1501.1455397293719,1501.1455397293719,1492.835539729372,-93.7199999999994,SL,8
2019-08-21 10:15:00+00:00,2019-08-21 14:00:00+00:00,-1,28.000000000000004,1500.6624661664616,1503.9684661664617,1503.9684661664617,1494.0504661664615,-94.52800000000113,SL,15
2019-08-21 14:15:00+00:00,2019-08-21 18:00:00+00:00,1,30.0,1504.2109007589538,1501.1739007589538,1501.1739007589538,1510.2849007589539,-93.21000000000103,SL,15
2019-08-21 18:00:00+00:00,2019-08-21 21:00:00+00:00,1,22.0,1503.4759504919757,1502.1388383429996,1499.3019504919757,1511.823950491976,-30.956467277473656,SIGNAL_REVERSE,12
2019-08-21 21:00:00+00:00,2019-08-22 09:30:00+00:00,-1,26.0,1502.1432870869592,1499.2606495061148,1505.630287086959,1495.1692870869592,73.12857710195448,TIME,50
2019-08-22 09:30:00+00:00,2019-08-22 11:30:00+00:00,-1,34.0,1499.2192756948596,1493.8912756948596,1501.8832756948595,1493.8912756948596,178.77199999999914,TP,8
2019-08-22 11:30:00+00:00,2019-08-22 13:15:00+00:00,-1,28.999999999999996,1495.9003401484701,1499.05634014847,1499.05634014847,1489.5883401484703,-93.55399999999851,SL,7
2019-08-22 13:15:00+00:00,2019-08-22 13:45:00+00:00,-1,25.0,1497.6097736822448,1501.240773682245,1501.240773682245,1490.347773682245,-92.52500000000214,SL,2
2019-08-22 14:15:00+00:00,2019-08-22 21:15:00+00:00,1,21.0,1500.0126392339002,1498.3270075528346,1495.6756392339003,1508.6866392339002,-36.86826530237792,SIGNAL_REVERSE,28
2019-08-22 21:15:00+00:00,2019-08-23 01:45:00+00:00,-1,53.0,1498.330078467844,1494.900078467844,1500.045078467844,1494.900078467844,178.08000000000337,TP,18
2019-08-23 09:00:00+00:00,2019-08-23 12:00:00+00:00,1,45.0,1496.3509959344153,1500.3869959344154,1494.3329959344153,1500.3869959344154,178.4700000000026,TP,12
2019-08-23 12:30:00+00:00,2019-08-23 14:15:00+00:00,1,31.0,1503.044312362357,1509.0263123623572,1500.053312362357,1509.0263123623572,183.27200000000616,TP,7
2019-08-23 14:15:00+00:00,2019-08-23 14:30:00+00:00,1,18.0,1503.7761973358852,1514.1581973358852,1498.5851973358851,1514.1581973358852,185.61600000000112,TP,1
2019-08-23 14:30:00+00:00,2019-08-23 15:00:00+00:00,1,17.0,1513.106171035659,1524.016171035659,1507.651171035659,1524.016171035659,184.2800000000014,TP,2
2019-08-23 15:00:00+00:00,2019-08-25 22:00:00+00:00,1,13.0,1519.2158770901192,1533.0418770901192,1512.3028770901192,1533.0418770901192,178.8280000000003,TP,28
2019-08-26 08:15:00+00:00,2019-08-26 14:00:00+00:00,-1,16.0,1528.9284213671494,1535.1084213671495,1535.1084213671495,1516.5684213671493,-100.00000000000102,SL,23
2019-08-26 14:15:00+00:00,2019-08-26 15:15:00+00:00,1,16.0,1536.219186083008,1530.243186083008,1530.243186083008,1548.171186083008,-96.73600000000181,SL,4
2019-08-26 15:15:00+00:00,2019-08-26 17:00:00+00:00,1,17.0,1533.8427432141614,1528.0917432141614,1528.0917432141614,1545.3447432141613,-98.9569999999996,SL,7
2019-08-26 17:30:00+00:00,2019-08-27 06:00:00+00:00,-1,17.0,1527.3382876858668,1532.8572876858668,1532.8572876858668,1516.3002876858668,-95.01300000000009,SL,50
2019-08-27 08:15:00+00:00,2019-08-27 11:30:00+00:00,1,33.0,1531.4483363775835,1530.0360163345263,1528.5893363775835,1537.1663363775835,-48.91656142088783,SIGNAL_REVERSE,13
2019-08-27 11:30:00+00:00,2019-08-27 13:30:00+00:00,-1,34.0,1530.0373746785292,1532.8513746785293,1532.8513746785293,1524.4093746785293,-98.05600000000265,SL,8
2019-08-27 14:45:00+00:00,2019-08-27 15:15:00+00:00,1,23.0,1533.637705349409,1541.6617053494092,1529.6257053494091,1541.6617053494092,182.94200000000262,TP,2
2019-08-27 15:15:00+00:00,2019-08-28 02:30:00+00:00,1,21.0,1539.0186419201777,1534.5656419201778,1534.5656419201778,1547.9246419201777,-94.98299999999946,SL,45
2019-08-28 08:15:00+00:00,2019-08-28 12:00:00+00:00,1,30.0,1539.9281443998022,1546.2821443998023,1536.7511443998023,1546.2821443998023,188.52000000000126,TP,15
2019-08-28 12:00:00+00:00,2019-08-28 12:15:00+00:00,1,27.0,1545.4465761164863,1541.9135761164864,1541.9135761164864,1552.5125761164861,-97.28099999999735,SL,1
2019-08-28 12:15:00+00:00,2019-08-28 12:30:00+00:00,1,26.0,1545.1164778337254,1541.3944778337254,1541.3944778337254,1552.5604778337254,-98.59199999999947,SL,1
2019-08-28 12:30:00+00:00,2019-08-28 13:45:00+00:00,1,24.0,1542.7743612746337,1538.8503612746338,1538.8503612746338,1550.6223612746337,-95.85599999999948,SL,5
2019-08-28 14:15:00+00:00,2019-08-28 17:30:00+00:00,-1,19.0,1535.730620959628,1540.489620959628,1540.489620959628,1526.2126209596279,-91.75100000000027,SL,13
2019-08-28 19:00:00+00:00,2019-08-28 19:45:00+00:00,1,25.0,1542.1388331982278,1538.4738331982278,1538.4738331982278,1549.4688331982277,-93.37499999999909,SL,3
2019-08-28 19:45:00+00:00,2019-08-29 06:15:00+00:00,1,27.0,1539.542296857087,1546.338296857087,1536.1442968570868,1546.338296857087,181.60200000000134,TP,42
2019-08-29 09:15:00+00:00,2019-08-29 12:45:00+00:00,-1,18.0,1539.1094700693475,1544.1814700693474,1544.1814700693474,1528.9654700693477,-92.55599999999801,SL,14
2019-08-29 12:45:00+00:00,2019-08-29 13:00:00+00:00,-1,20.0,1539.1356386001316,1543.8386386001316,1543.8386386001316,1529.7296386001317,-95.4599999999995,SL,1
2019-08-29 16:30:00+00:00,2019-08-29 18:15:00+00:00,-1,15.0,1533.0671969850607,1520.9871969850606,1539.1071969850607,1520.9871969850606,180.1500000000023,TP,7
2019-08-29 18:15:00+00:00,2019-08-29 19:45:00+00:00,-1,14.000000000000002,1521.6102063043588,1528.2672063043588,1528.2672063043588,1508.296206304359,-94.17799999999897,SL,6
2019-08-29 19:45:00+00:00,2019-08-30 06:00:00+00:00,-1,15.0,1526.601236405265,1532.695236405265,1532.695236405265,1514.4132364052648,-92.46000000000076,SL,41
2019-08-30 13:00:00+00:00,2019-08-30 13:15:00+00:00,1,26.0,1528.3948663154492,1524.8608663154491,1524.8608663154491,1535.4628663154494,-93.70400000000274,SL,1
2019-08-30 13:15:00+00:00,2019-08-30 16:15:00+00:00,1,24.0,1528.7421776023602,1524.9761776023602,1524.9761776023602,1536.2741776023604,-92.06400000000184,SL,12
2019-08-30 17:15:00+00:00,2019-09-01 22:00:00+00:00,-1,16.0,1522.8554880534,1528.3604880534,1528.3604880534,1511.8454880534,-89.20000000000175,SL,19
2019-09-02 08:15:00+00:00,2019-09-02 09:15:00+00:00,-1,35.0,1521.6338152142278,1524.2218152142277,1524.2218152142277,1516.4578152142276,-93.0299999999988,SL,4
2019-09-02 09:15:00+00:00,2019-09-02 09:45:00+00:00,-1,31.0,1521.706494663208,1524.6374946632081,1524.6374946632081,1515.844494663208,-93.03100000000124,SL,2
2019-09-02 09:45:00+00:00,2019-09-02 11:30:00+00:00,-1,28.000000000000004,1523.45862926116,1525.4662192167834,1526.61062926116,1517.15462926116,-58.17251875745566,SIGNAL_REVERSE,7
2019-09-02 11:30:00+00:00,2019-09-03 00:45:00+00:00,1,28.000000000000004,1525.4708825799999,1525.678139036349,1522.2908825799998,1531.83088258,3.8431807777751974,TIME,50
2019-09-03 08:15:00+00:00,2019-09-03 13:15:00+00:00,1,26.0,1530.5051230268589,1537.185123026859,1527.165123026859,1537.185123026859,171.86000000000166,TP,20
2019-09-03 13:15:00+00:00,2019-09-03 14:00:00+00:00,1,22.0,1537.1495431796186,1544.9915431796187,1533.2285431796186,1544.9915431796187,170.98400000000217,TP,3
2019-09-03 14:00:00+00:00,2019-09-03 23:45:00+00:00,1,18.0,1540.4032539951122,1550.1252539951122,1535.542253995112,1550.1252539951122,173.73599999999965,TP,39
2019-09-10 21:15:00+00:00,2019-09-11 00:15:00+00:00,-1,28.000000000000004,1485.2520464097465,1488.5530464097465,1488.5530464097465,1478.6500464097464,-94.38799999999807,SL,12
2019-09-11 13:30:00+00:00,2019-09-11 14:00:00+00:00,-1,23.0,1488.640414519182,1492.5304145191822,1492.5304145191822,1480.860414519182,-91.0800000000023,SL,2
2019-09-11 15:30:00+00:00,2019-09-12 00:30:00+00:00,1,19.0,1495.159423141271,1490.437423141271,1490.437423141271,1504.6034231412712,-91.04799999999962,SL,36
2019-09-12 08:15:00+00:00,2019-09-12 11:45:00+00:00,1,26.0,1503.3280192739144,1510.2360192739143,1499.8740192739144,1510.2360192739143,177.78799999999745,TP,14
2019-09-12 11:45:00+00:00,2019-09-12 12:00:00+00:00,1,24.0,1504.4241844189553,1511.8561844189553,1500.7081844189554,1511.8561844189553,176.6880000000004,TP,1
2019-09-12 12:00:00+00:00,2019-09-12 12:30:00+00:00,1,22.0,1512.6528129403546,1520.9828129403545,1508.4878129403546,1520.9828129403545,181.7199999999984,TP,2
2019-09-12 12:30:00+00:00,2019-09-12 13:30:00+00:00,1,19.0,1517.42610588411,1512.5751058841101,1512.5751058841101,1527.12810588411,-93.49899999999782,SL,4
2019-09-12 13:30:00+00:00,2019-09-12 14:00:00+00:00,1,14.000000000000002,1513.6349703465785,1507.2389703465785,1507.2389703465785,1526.4269703465784,-90.52399999999943,SL,2
2019-09-12 14:00:00+00:00,2019-09-12 14:15:00+00:00,1,12.0,1516.3037920002432,1508.7667920002432,1508.7667920002432,1531.377792000243,-91.28400000000042,SL,1
2019-09-12 14:15:00+00:00,2019-09-12 15:45:00+00:00,1,11.0,1509.1778390843788,1501.2738390843788,1501.2738390843788,1524.9858390843788,-87.71399999999996,SL,6
2019-09-12 16:30:00+00:00,2019-09-13 05:00:00+00:00,-1,8.0,1500.3366310342033,1497.8560641953188,1511.4076310342032,1478.1946310342032,19.28453471107554,TIME,50
2019-09-13 08:15:00+00:00,2019-09-13 12:30:00+00:00,1,28.000000000000004,1506.5249910473049,1503.232991047305,1503.232991047305,1513.1089910473047,-94.13599999999767,SL,17
2019-09-13 12:30:00+00:00,2019-09-13 12:45:00+00:00,1,21.0,1505.641656847361,1501.229656847361,1501.229656847361,1514.4656568473608,-94.12200000000072,SL,1
2019-09-13 13:00:00+00:00,2019-09-13 13:30:00+00:00,-1,20.0,1500.4484987498442,1504.9684987498442,1504.9684987498442,1491.4084987498443,-91.79999999999964,SL,2
2019-09-13 14:30:00+00:00,2019-09-15 22:00:00+00:00,-1,15.0,1496.71409559273,1502.54209559273,1502.54209559273,1485.05809559273,-88.46999999999962,SL,30
2019-09-16 09:00:00+00:00,2019-09-16 17:45:00+00:00,-1,21.0,1502.396029666011,1503.4952899950322,1506.670029666011,1493.8480296660107,-24.554466909446518,SIGNAL_REVERSE,35
2019-09-16 17:45:00+00:00,2019-09-16 19:45:00+00:00,1,18.0,1503.4974082805804,1498.5354082805804,1498.5354082805804,1513.4214082805806,-90.57599999999981,SL,8
2019-09-16 20:15:00+00:00,2019-09-17 08:45:00+00:00,-1,23.0,1498.343569781248,1498.1727676794071,1502.1175697812482,1490.7955697812479,2.3184483423427897,TIME,50
2019-09-17 11:15:00+00:00,2019-09-17 12:30:00+00:00,1,28.999999999999996,1498.9469820422723,1505.0449820422723,1495.8979820422724,1505.0449820422723,174.8119999999987,TP,5
2019-09-17 12:30:00+00:00,2019-09-17 13:30:00+00:00,1,28.999999999999996,1504.2241063822714,1501.1561063822714,1501.1561063822714,1510.3601063822714,-91.00199999999951,SL,4
2019-09-17 13:30:00+00:00,2019-09-17 13:45:00+00:00,1,21.0,1504.0915626903934,1499.8485626903935,1499.8485626903935,1512.5775626903935,-90.5729999999987,SL,1
2019-09-17 13:45:00+00:00,2019-09-17 20:00:00+00:00,1,20.0,1500.665361627105,1502.0649457016586,1496.200361627105,1509.5953616271051,26.591681491071178,SIGNAL_REVERSE,25
2019-09-17 20:00:00+00:00,2019-09-18 08:30:00+00:00,-1,33.0,1502.0644834208297,1500.9710592517765,1504.7634834208297,1496.6664834208298,33.77299757875397,TIME,50
2019-09-18 08:30:00+00:00,2019-09-18 09:00:00+00:00,-1,59.0,1500.9269851818913,1502.4209851818912,1502.4209851818912,1497.9389851818914,-92.27599999999495,SL,2
2019-09-18 09:00:00+00:00,2019-09-18 12:15:00+00:00,-1,55.00000000000001,1501.6526144717936,1503.2556144717935,1503.2556144717935,1498.4466144717937,-92.0149999999911,SL,13
2019-09-18 12:45:00+00:00,2019-09-18 15:00:00+00:00,1,41.0,1504.1934940884294,1508.4414940884292,1502.0694940884296,1508.4414940884292,171.2979999999926,TP,9
2019-09-18 15:00:00+00:00,2019-09-18 18:00:00+00:00,1,28.999999999999996,1507.1555723194017,1504.1715723194018,1504.1715723194018,1513.1235723194015,-88.56599999999777,SL,12
2019-09-18 18:00:00+00:00,2019-09-18 18:15:00+00:00,1,17.0,1507.7330096385365,1502.7200096385366,1502.7200096385366,1517.7590096385366,-86.41099999999864,SL,1
2019-09-18 18:30:00+00:00,2019-09-18 18:45:00+00:00,-1,13.0,1497.9457220456982,1484.5117220456982,1504.662722045698,1484.5117220456982,173.7319999999996,TP,1
2019-09-18 19:00:00+00:00,2019-09-19 07:00:00+00:00,-1,11.0,1490.4472789160088,1498.0002789160087,1498.0002789160087,1475.3412789160088,-83.85299999999872,SL,48
2019-09-19 08:15:00+00:00,2019-09-19 12:00:00+00:00,1,33.0,1497.0119812078399,1502.3779812078396,1494.32898120784,1502.3779812078396,174.767999999992,TP,15
2019-09-19 12:00:00+00:00,2019-09-19 15:15:00+00:00,1,31.0,1501.4433798021867,1498.6163798021867,1498.6163798021867,1507.0973798021867,-89.80699999999995,SL,13
2019-09-19 15:15:00+00:00,2019-09-19 19:45:00+00:00,1,20.0,1500.3454015129955,1497.9229821788927,1495.9894015129955,1509.0574015129957,-49.84838668205739,SIGNAL_REVERSE,18
2019-09-19 19:45:00+00:00,2019-09-20 01:00:00+00:00,-1,26.0,1497.923750763207,1501.259750763207,1501.259750763207,1491.251750763207,-88.55600000000032,SL,21
2019-09-20 12:00:00+00:00,2019-09-20 13:30:00+00:00,-1,33.0,1499.879954690098,1502.531954690098,1502.531954690098,1494.575954690098,-89.82600000000144,SL,6
2019-09-20 13:30:00+00:00,2019-09-20 14:45:00+00:00,-1,28.999999999999996,1501.8875481187167,1504.8935481187168,1504.8935481187168,1495.8755481187168,-89.20400000000247,SL,5
2019-09-20 17:30:00+00:00,2019-09-20 19:15:00+00:00,1,23.0,1507.5413001184459,1515.105300118446,1503.759300118446,1515.105300118446,172.36200000000179,TP,7
2019-09-20 19:15:00+00:00,2019-09-23 07:45:00+00:00,1,20.0,1512.9535113109978,1516.4834478700755,1508.7705113109978,1521.3195113109978,69.19873118155337,TIME,50
2019-09-23 08:30:00+00:00,2019-09-23 14:45:00+00:00,1,26.0,1518.6823462109196,1525.3303462109195,1515.3583462109195,1525.3303462109195,171.0279999999977,TP,25
2019-09-23 14:45:00+00:00,2019-09-24 03:15:00+00:00,1,21.0,1523.2069304149088,1521.4722924124867,1518.9979304149088,1531.624930414909,-37.89739805086444,TIME,50
2019-09-24 08:15:00+00:00,2019-09-24 09:00:00+00:00,1,35.0,1523.542099046973,1521.0170990469728,1521.0170990469728,1528.5920990469729,-90.82500000000319,SL,3
2019-09-24 09:00:00+00:00,2019-09-24 13:00:00+00:00,1,32.0,1521.804802047849,1519.058802047849,1519.058802047849,1527.296802047849,-90.11200000000302,SL,16
2019-09-24 13:30:00+00:00,2019-09-24 14:00:00+00:00,-1,27.0,1518.91888456394,1522.14888456394,1522.14888456394,1512.45888456394,-89.10000000000049,SL,2
2019-09-24 14:00:00+00:00,2019-09-24 14:15:00+00:00,-1,23.0,1517.67445499685,1521.41445499685,1521.41445499685,1510.19445499685,-87.63000000000021,SL,1
2019-09-24 15:30:00+00:00,2019-09-24 16:45:00+00:00,1,18.0,1526.0211630896995,1535.4971630896994,1521.2831630896994,1535.4971630896994,169.30799999999795,TP,5
2019-09-24 16:45:00+00:00,2019-09-24 18:00:00+00:00,1,14.000000000000002,1532.3854235055157,1526.5104235055157,1526.5104235055157,1544.1354235055157,-83.23000000000002,SL,5
2019-09-24 18:00:00+00:00,2019-09-24 18:15:00+00:00,1,13.0,1531.4838414571138,1524.903841457114,1524.903841457114,1544.6438414571137,-86.44999999999905,SL,1
2019-09-24 18:15:00+00:00,2019-09-25 06:45:00+00:00,1,13.0,1526.412095782851,1528.6332687215358,1519.8300957828512,1539.576095782851,27.965248202901503,TIME,50
2019-09-25 08:45:00+00:00,2019-09-25 10:45:00+00:00,1,33.0,1531.0959172100584,1528.4979172100584,1528.4979172100584,1536.2919172100583,-88.04399999999856,SL,8
2019-09-25 12:15:00+00:00,2019-09-25 14:00:00+00:00,-1,30.0,1527.3331646677111,1530.142164667711,1530.142164667711,1521.715164667711,-86.36999999999907,SL,7
2019-09-25 14:00:00+00:00,2019-09-25 14:30:00+00:00,-1,22.0,1527.9151997282045,1520.3751997282045,1531.6851997282045,1520.3751997282045,164.3399999999992,TP,2
2019-09-25 14:30:00+00:00,2019-09-25 14:45:00+00:00,-1,19.0,1525.0004143935753,1516.2924143935752,1529.3544143935753,1516.2924143935752,164.12200000000158,TP,1
2019-09-25 14:45:00+00:00,2019-09-25 15:45:00+00:00,-1,17.0,1519.5871591905163,1509.7631591905163,1524.4991591905164,1509.7631591905163,165.81800000000118,TP,4
2019-09-25 15:45:00+00:00,2019-09-25 16:00:00+00:00,-1,14.000000000000002,1513.508635916579,1501.5346359165787,1519.495635916579,1501.5346359165787,166.65600000000228,TP,1
2019-09-25 16:00:00+00:00,2019-09-26 04:30:00+00:00,-1,13.0,1508.3792758685004,1509.0564513025467,1515.1692758685003,1494.7992758685004,-9.713280642602886,TIME,50
2019-09-26 08:15:00+00:00,2019-09-26 12:15:00+00:00,-1,33.0,1507.8855397554644,1502.5195397554644,1510.5685397554644,1502.5195397554644,174.76799999999952,TP,16
2019-09-26 12:15:00+00:00,2019-09-26 13:00:00+00:00,-1,27.0,1505.3219865736746,1508.6849865736747,1508.6849865736747,1498.5959865736747,-92.69100000000152,SL,3
2019-09-26 19:45:00+00:00,2019-09-27 08:15:00+00:00,-1,23.0,1504.0192198278419,1498.7119977594461,1507.9422198278419,1496.1732198278419,120.45610757310182,TIME,50
2019-09-27 08:15:00+00:00,2019-09-27 10:00:00+00:00,-1,28.999999999999996,1498.6685076684475,1492.4725076684476,1501.7665076684475,1492.4725076684476,177.65399999999744,TP,7
2019-09-27 10:00:00+00:00,2019-09-27 15:30:00+00:00,-1,22.0,1494.075594055903,1498.2425940559028,1498.2425940559028,1485.7415940559029,-93.21399999999817,SL,22
2019-09-27 17:00:00+00:00,2019-09-29 22:00:00+00:00,1,12.0,1502.1764843898993,1494.9054843898994,1494.9054843898994,1516.7184843898992,-88.0919999999995,SL,20
2019-09-30 08:15:00+00:00,2019-09-30 11:30:00+00:00,-1,26.0,1489.6399164726156,1482.7299164726155,1493.0949164726155,1482.7299164726155,177.84000000000214,TP,13
2019-09-30 11:30:00+00:00,2019-09-30 15:00:00+00:00,-1,22.0,1487.0009596560924,1478.7729596560923,1491.1149596560924,1478.7729596560923,179.47600000000145,TP,14
2019-09-30 15:00:00+00:00,2019-09-30 15:30:00+00:00,-1,15.0,1480.790258312705,1468.6522583127048,1486.859258312705,1468.6522583127048,181.0200000000022,TP,2
2019-09-30 15:30:00+00:00,2019-10-01 04:00:00+00:00,-1,14.000000000000002,1470.1738078247379,1463.416340946099,1476.950807824738,1456.6198078247378,93.62453630094572,TIME,50
2019-10-01 08:15:00+00:00,2019-10-01 09:00:00+00:00,-1,24.0,1459.1722192445422,1463.1652192445422,1463.1652192445422,1451.1862192445424,-97.51199999999852,SL,3
2019-10-01 09:00:00+00:00,2019-10-01 09:30:00+00:00,-1,24.0,1462.2819529539622,1466.2189529539621,1466.2189529539621,1454.4079529539622,-96.16799999999756,SL,2
2019-10-01 10:30:00+00:00,2019-10-01 12:30:00+00:00,1,21.0,1468.3192790321368,1463.854279032137,1463.854279032137,1477.2492790321369,-95.23499999999828,SL,8
2019-10-01 12:30:00+00:00,2019-10-01 14:00:00+00:00,1,20.0,1465.7711098754705,1475.2631098754705,1461.0251098754704,1475.2631098754705,188.43999999999923,TP,6
2019-10-01 14:30:00+00:00,2019-10-01 21:15:00+00:00,1,14.000000000000002,1476.4213462911744,1480.440881891034,1469.9493462911744,1489.3653462911743,55.29349839803493,SIGNAL_REVERSE,27
2019-10-01 21:15:00+00:00,2019-10-02 07:30:00+00:00,-1,26.0,1480.4409121689057,1484.1199121689058,1484.1199121689058,1473.0829121689055,-97.47400000000226,SL,41
2019-10-02 08:15:00+00:00,2019-10-02 11:15:00+00:00,1,28.999999999999996,1479.8271762852671,1486.2671762852672,1476.607176285267,1486.2671762852672,184.73000000000155,TP,12
2019-10-02 11:15:00+00:00,2019-10-02 13:00:00+00:00,1,23.0,1485.5908830624842,1493.8568830624843,1481.4578830624841,1493.8568830624843,188.50800000000174,TP,7
2019-10-10 13:00:00+00:00,2019-10-10 13:45:00+00:00,-1,21.0,1502.7718295908867,1493.6718295908865,1507.3218295908866,1493.6718295908865,189.63000000000287,TP,3
2019-10-10 13:45:00+00:00,2019-10-11 02:15:00+00:00,-1,18.0,1496.0446394016572,1495.7391840004416,1501.4376394016572,1485.258639401657,4.238197221880219,TIME,50
2019-10-11 08:15:00+00:00,2019-10-11 08:30:00+00:00,1,35.0,1502.6797413267511,1499.853741326751,1499.853741326751,1508.3317413267512,-101.36000000000077,SL,1
2019-10-11 08:30:00+00:00,2019-10-11 09:30:00+00:00,1,33.0,1500.047255928682,1497.040255928682,1497.040255928682,1506.0612559286822,-101.54100000000204,SL,4
2019-10-11 09:30:00+00:00,2019-10-11 09:45:00+00:00,1,27.0,1499.3507245793312,1495.6857245793312,1495.6857245793312,1506.6807245793314,-100.84499999999902,SL,1
2019-10-11 10:30:00+00:00,2019-10-11 11:30:00+00:00,-1,24.0,1493.6093422809956,1485.6073422809955,1497.6103422809956,1485.6073422809955,190.36800000000432,TP,4
2019-10-11 11:30:00+00:00,2019-10-11 11:45:00+00:00,-1,20.0,1492.1979799781889,1482.8099799781887,1496.8919799781888,1482.8099799781887,186.36000000000294,TP,1
2019-10-11 11:45:00+00:00,2019-10-11 14:15:00+00:00,-1,19.0,1484.3485205151778,1474.2385205151777,1489.403520515178,1474.2385205151777,190.7600000000024,TP,10
2019-10-11 14:15:00+00:00,2019-10-11 16:00:00+00:00,-1,14.000000000000002,1476.2684756694346,1483.3914756694346,1483.3914756694346,1462.0224756694345,-100.70200000000068,SL,7
2019-10-11 16:00:00+00:00,2019-10-11 20:15:00+00:00,-1,12.0,1481.5318378584816,1487.3928743222198,1489.6848378584816,1465.2258378584816,-71.17243756485809,SIGNAL_REVERSE,17
2019-10-11 20:15:00+00:00,2019-10-14 08:45:00+00:00,1,19.0,1487.390491443836,1489.1606858180483,1482.154491443836,1497.862491443836,32.303693110032256,TIME,50
2019-10-14 08:45:00+00:00,2019-10-14 09:15:00+00:00,1,37.0,1489.2012601248096,1494.5292601248095,1486.5372601248096,1494.5292601248095,194.54599999999905,TP,2
2019-10-14 09:15:00+00:00,2019-10-14 11:15:00+00:00,1,31.0,1490.4686065733447,1496.9366065733448,1487.2346065733448,1496.9366065733448,198.33800000000232,TP,8
2019-10-14 11:15:00+00:00,2019-10-14 12:30:00+00:00,1,30.0,1495.030127392446,1491.635127392446,1491.635127392446,1501.820127392446,-103.94999999999945,SL,5
2019-10-14 12:30:00+00:00,2019-10-14 13:00:00+00:00,1,31.0,1492.8723670568847,1489.5263670568847,1489.5263670568847,1499.5643670568847,-105.89600000000011,SL,2
2019-10-14 13:00:00+00:00,2019-10-14 14:30:00+00:00,1,28.000000000000004,1491.6638640288675,1490.935789428027,1488.0848640288675,1498.8218640288674,-22.346088823534014,SIGNAL_REVERSE,6
2019-10-14 14:30:00+00:00,2019-10-15 01:45:00+00:00,-1,27.0,1490.939963670748,1494.708963670748,1494.708963670748,1483.4019636707483,-103.65300000000015,SL,45
2019-10-15 08:15:00+00:00,2019-10-15 08:45:00+00:00,-1,40.0,1492.2897972488524,1494.7677972488525,1494.7677972488525,1487.3337972488523,-101.92000000000262,SL,2
2019-10-15 09:45:00+00:00,2019-10-15 12:45:00+00:00,1,32.0,1494.8829987041076,1491.7419987041076,1491.7419987041076,1501.1649987041078,-102.75200000000244,SL,12
2019-10-15 13:30:00+00:00,2019-10-15 14:30:00+00:00,-1,25.0,1488.0518554930825,1480.3378554930825,1491.9088554930825,1480.3378554930825,191.09999999999854,TP,4
2019-10-15 14:30:00+00:00,2019-10-16 03:00:00+00:00,-1,21.0,1484.5466261763763,1482.9599414164654,1489.3006261763762,1475.0386261763763,31.850379958128798,TIME,50
2019-10-16 11:45:00+00:00,2019-10-16 12:30:00+00:00,-1,27.0,1481.4338414327565,1485.0798414327564,1485.0798414327564,1474.1418414327566,-100.33199999999887,SL,3
2019-10-16 12:30:00+00:00,2019-10-16 12:45:00+00:00,-1,22.0,1478.4442794085292,1482.8872794085291,1482.8872794085291,1469.5582794085292,-99.28599999999965,SL,1
2019-10-16 13:15:00+00:00,2019-10-16 13:30:00+00:00,1,20.0,1489.0634199321105,1484.1374199321106,1484.1374199321106,1498.9154199321104,-99.91999999999862,SL,1
2019-10-16 13:30:00+00:00,2019-10-17 02:00:00+00:00,1,18.0,1487.2855556791692,1488.3221938856384,1481.952555679169,1497.9515556791691,17.39948771644571,TIME,50
2019-10-17 10:00:00+00:00,2019-10-17 11:00:00+00:00,-1,28.000000000000004,1485.8516586995947,1489.3706586995947,1489.3706586995947,1478.8136586995947,-100.49200000000016,SL,4
2019-10-17 11:00:00+00:00,2019-10-17 12:15:00+00:00,-1,25.0,1486.8632700555481,1490.7842700555482,1490.7842700555482,1479.021270055548,-99.77500000000123,SL,5
2019-10-17 13:30:00+00:00,2019-10-17 20:15:00+00:00,1,21.0,1491.118138933698,1491.7775730743326,1486.553138933698,1500.2481389336979,12.378116953327234,SIGNAL_REVERSE,27
2019-10-17 20:15:00+00:00,2019-10-18 08:45:00+00:00,-1,36.0,1491.7848531715642,1487.3632717342452,1494.4388531715642,1486.4768531715645,156.65693174348368,TIME,50
2019-10-18 08:45:00+00:00,2019-10-18 10:45:00+00:00,-1,40.0,1487.316434519764,1489.7264345197639,1489.7264345197639,1482.496434519764,-99.19999999999418,SL,8
2019-10-18 10:45:00+00:00,2019-10-18 13:00:00+00:00,-1,35.0,1489.141277384268,1491.970277384268,1491.970277384268,1483.4832773842681,-101.46499999999828,SL,9
2019-10-18 13:15:00+00:00,2019-10-21 01:45:00+00:00,1,28.999999999999996,1491.6465361289909,1490.2289915959204,1488.384536128991,1498.1705361289908,-43.13879145904277,TIME,50
2019-10-21 08:15:00+00:00,2019-10-21 09:00:00+00:00,-1,41.0,1488.1538032744413,1490.4738032744413,1490.4738032744413,1483.5138032744414,-97.9899999999974,SL,3
2019-10-21 11:30:00+00:00,2019-10-21 14:30:00+00:00,1,39.0,1491.658649193611,1489.2316491936108,1489.2316491936108,1496.512649193611,-97.38300000000525,SL,12
2019-10-21 15:15:00+00:00,2019-10-22 03:45:00+00:00,-1,24.0,1485.0354157081908,1483.934954644726,1488.879415708191,1477.3474157081907,24.73106552315432,TIME,50
2019-10-22 08:15:00+00:00,2019-10-22 11:30:00+00:00,1,47.0,1488.0627210489135,1486.0467210489135,1486.0467210489135,1492.0947210489137,-98.0420000000036,SL,13
2019-10-22 12:45:00+00:00,2019-10-22 13:30:00+00:00,-1,38.0,1485.6418903849008,1488.097890384901,1488.097890384901,1480.7298903849007,-95.98800000000497,SL,3
2019-10-22 14:30:00+00:00,2019-10-22 19:15:00+00:00,-1,32.0,1485.9681233495082,1487.672054063655,1488.8911233495082,1480.1221233495082,-56.76578285269556,SIGNAL_REVERSE,19
2019-10-22 19:15:00+00:00,2019-10-23 07:30:00+00:00,1,32.0,1487.6688784169519,1493.4248784169517,1484.790878416952,1493.4248784169517,181.95199999999545,TP,49
2019-10-23 08:15:00+00:00,2019-10-23 10:30:00+00:00,1,49.0,1493.0314088863458,1491.105408886346,1491.105408886346,1496.8834088863457,-97.80399999999662,SL,9
2019-10-23 10:30:00+00:00,2019-10-23 20:00:00+00:00,1,36.0,1492.49510727645,1491.8229094234139,1489.90210727645,1497.68110727645,-26.719122709299445,SIGNAL_REVERSE,38
2019-10-23 20:00:00+00:00,2019-10-24 08:30:00+00:00,-1,43.0,1491.8197491169701,1490.1066375130426,1493.98474911697,1487.4897491169702,70.65379896888133,TIME,50
2019-11-14 19:15:00+00:00,2019-11-15 00:30:00+00:00,1,25.0,1471.8566590686787,1468.1976590686786,1468.1976590686786,1479.1746590686787,-93.22500000000264,SL,21
2019-11-15 08:15:00+00:00,2019-11-15 09:15:00+00:00,-1,50.0,1466.3166369570943,1462.5586369570942,1468.1956369570942,1462.5586369570942,184.4000000000019,TP,4
2019-11-15 09:30:00+00:00,2019-11-15 11:00:00+00:00,-1,40.0,1463.435108669973,1465.798108669973,1465.798108669973,1458.709108669973,-97.32000000000225,SL,6
2019-11-15 14:00:00+00:00,2019-11-15 14:15:00+00:00,1,33.0,1467.9105596942804,1465.0995596942805,1465.0995596942805,1473.5325596942805,-95.07299999999742,SL,1
2019-11-15 14:15:00+00:00,2019-11-18 02:45:00+00:00,1,31.0,1467.443390697309,1466.2350967833565,1464.435390697309,1473.4593906973091,-39.627111332527576,TIME,50
2019-11-18 08:15:00+00:00,2019-11-18 12:30:00+00:00,-1,43.0,1461.6035840411141,1457.335584041114,1463.7375840411141,1457.335584041114,180.51400000000126,TP,17
2019-11-18 12:30:00+00:00,2019-11-18 13:15:00+00:00,-1,36.0,1458.5705175438673,1461.1545175438673,1461.1545175438673,1453.4025175438671,-95.54400000000216,SL,3
2019-11-18 13:15:00+00:00,2019-11-18 13:30:00+00:00,-1,32.0,1458.5610742728413,1461.5060742728413,1461.5060742728413,1452.6710742728415,-96.47999999999796,SL,1
2019-11-18 13:45:00+00:00,2019-11-18 14:30:00+00:00,1,30.0,1464.9658004928367,1471.0738004928367,1461.9118004928368,1471.0738004928367,181.13999999999842,TP,3
2019-11-18 14:30:00+00:00,2019-11-19 03:00:00+00:00,1,24.0,1469.572553301728,1470.4806622097267,1465.794553301728,1477.128553301728,20.114613791968004,TIME,50
2019-11-19 09:00:00+00:00,2019-11-19 14:45:00+00:00,-1,40.0,1468.050306730658,1470.4193067306578,1470.4193067306578,1463.312306730658,-97.55999999999658,SL,23
2019-11-19 15:00:00+00:00,2019-11-20 03:30:00+00:00,1,30.0,1469.3865067297381,1474.1931907334776,1466.2385067297382,1475.6825067297382,142.1005201121856,TIME,50
2019-11-20 08:15:00+00:00,2019-11-20 09:30:00+00:00,1,41.0,1478.1440710362215,1475.8460710362215,1475.8460710362215,1482.7400710362213,-97.08800000000008,SL,5
2019-11-20 09:30:00+00:00,2019-11-20 12:00:00+00:00,1,34.0,1476.18544649089,1473.44744649089,1473.44744649089,1481.6614464908898,-95.47200000000191,SL,10
2019-11-20 12:30:00+00:00,2019-11-20 15:30:00+00:00,-1,35.0,1472.9226714771505,1467.6266714771505,1475.5706714771504,1467.6266714771505,182.91000000000173,TP,12
2019-11-20 15:30:00+00:00,2019-11-20 18:15:00+00:00,-1,24.0,1471.3320794066967,1475.1490794066967,1475.1490794066967,1463.698079406697,-93.28800000000018,SL,11
2019-11-20 20:45:00+00:00,2019-11-21 09:15:00+00:00,1,22.0,1472.4899019754241,1471.4991355482698,1468.2399019754241,1480.9899019754241,-23.336861397394877,TIME,50
2019-11-21 11:00:00+00:00,2019-11-21 13:30:00+00:00,-1,31.0,1468.3100671002412,1471.3330671002414,1471.3330671002414,1462.2640671002412,-95.88300000000429,SL,10
2019-11-21 13:30:00+00:00,2019-11-22 02:00:00+00:00,-1,30.0,1468.3441588466542,1463.7274366745407,1471.4361588466543,1462.160158846654,136.40166516340324,TIME,50
2019-11-22 08:15:00+00:00,2019-11-22 08:30:00+00:00,1,54.0,1466.7034358838478,1464.9494358838479,1464.9494358838479,1470.2114358838478,-98.4959999999949,SL,1
2019-11-22 08:30:00+00:00,2019-11-22 09:00:00+00:00,1,46.0,1465.331375887005,1469.453375887005,1463.270375887005,1469.453375887005,186.39200000000326,TP,2
2019-11-22 09:00:00+00:00,2019-11-22 10:00:00+00:00,1,37.0,1466.9814914905014,1471.9914914905014,1464.4764914905013,1471.9914914905014,182.77999999999966,TP,4
2019-11-22 10:00:00+00:00,2019-11-22 13:45:00+00:00,1,32.0,1471.2717020325535,1468.3187020325536,1468.3187020325536,1477.1777020325535,-96.73599999999918,SL,15
2019-11-22 15:15:00+00:00,2019-11-24 23:15:00+00:00,-1,31.0,1465.8673709698096,1459.6713709698097,1468.9653709698096,1459.6713709698097,189.9059999999973,TP,32
2019-11-25 08:15:00+00:00,2019-11-25 09:45:00+00:00,-1,50.0,1457.4644189151827,1459.3884189151827,1459.3884189151827,1453.6164189151827,-99.69999999999891,SL,6
2019-11-25 09:45:00+00:00,2019-11-25 22:15:00+00:00,-1,42.0,1458.5513339161505,1454.8403952743527,1460.8553339161504,1453.9433339161506,152.91942295550922,TIME,50
2019-11-26 08:15:00+00:00,2019-11-26 13:30:00+00:00,1,51.0,1455.708384564833,1453.7913845648332,1453.7913845648332,1459.542384564833,-101.33699999999573,SL,21
2019-11-26 13:30:00+00:00,2019-11-26 14:30:00+00:00,-1,45.0,1455.5965552112668,1451.3145552112667,1457.737555211267,1451.3145552112667,189.54000000000687,TP,4
2019-11-26 14:30:00+00:00,2019-11-26 15:00:00+00:00,-1,38.0,1454.1501742749142,1456.6721742749141,1456.6721742749141,1449.106174274914,-98.49599999999751,SL,2
2019-11-26 15:00:00+00:00,2019-11-26 15:30:00+00:00,-1,33.0,1455.1373137241053,1458.0843137241054,1458.0843137241054,1449.2433137241053,-99.56100000000384,SL,2
2019-11-26 16:30:00+00:00,2019-11-27 05:00:00+00:00,1,25.0,1460.3235201551688,1459.189952085171,1456.501520155169,1467.9675201551688,-30.089201749946596,TIME,50
2019-11-27 13:00:00+00:00,2019-11-27 13:30:00+00:00,-1,50.0,1457.9359044775613,1454.0839044775614,1459.8619044775612,1454.0839044775614,189.0999999999931,TP,2
2019-11-27 13:30:00+00:00,2019-11-28 00:45:00+00:00,-1,44.0,1455.8391287605943,1458.0341287605943,1458.0341287605943,1451.4491287605945,-99.6599999999972,SL,45
2019-11-28 08:30:00+00:00,2019-11-28 11:30:00+00:00,1,73.0,1457.5935027429884,1456.2765027429884,1456.2765027429884,1460.2275027429885,-101.25100000000053,SL,12
2019-11-28 12:45:00+00:00,2019-11-28 13:45:00+00:00,-1,66.0,1454.971594092044,1456.4355940920439,1456.4355940920439,1452.043594092044,-101.24399999999616,SL,4
2019-11-28 13:45:00+00:00,2019-11-29 02:00:00+00:00,-1,69.0,1455.9700118304147,1457.3620118304148,1457.3620118304148,1453.1860118304148,-100.87800000000364,SL,33
2019-11-29 09:15:00+00:00,2019-11-29 13:15:00+00:00,-1,56.99999999999999,1456.5396858895897,1453.2056858895896,1458.2066858895896,1453.2056858895896,186.04800000000338,TP,16
2019-11-29 13:15:00+00:00,2019-11-29 14:00:00+00:00,-1,51.0,1453.6239502028411,1455.460950202841,1455.460950202841,1449.9499502028411,-97.25699999999944,SL,3
2019-11-29 14:00:00+00:00,2019-11-29 14:30:00+00:00,-1,49.0,1453.4810144749329,1455.447014474933,1455.447014474933,1449.5490144749328,-99.76400000000598,SL,2
2019-11-29 14:30:00+00:00,2019-11-29 14:45:00+00:00,-1,44.0,1455.2858266232743,1457.4258266232744,1457.4258266232744,1451.005826623274,-97.2400000000044,SL,1
2019-11-29 14:45:00+00:00,2019-11-29 15:00:00+00:00,-1,41.0,1455.6786916775964,1457.9666916775964,1457.9666916775964,1451.1026916775963,-96.67800000000045,SL,1
2019-11-29 15:30:00+00:00,2019-11-29 17:15:00+00:00,1,33.0,1460.4667750658245,1466.0727750658248,1457.6637750658244,1466.0727750658248,182.68800000000732,TP,7
2019-11-29 17:15:00+00:00,2019-12-02 00:00:00+00:00,1,26.0,1464.5783885563562,1460.9913885563562,1460.9913885563562,1471.7523885563562,-95.08199999999971,SL,14
2019-12-02 08:15:00+00:00,2019-12-02 11:00:00+00:00,-1,55.00000000000001,1456.6430839699033,1458.3460839699032,1458.3460839699032,1453.2370839699033,-97.51499999999861,SL,11
2019-12-02 11:00:00+00:00,2019-12-02 13:00:00+00:00,-1,39.0,1456.754751768682,1459.119751768682,1459.119751768682,1452.0247517686819,-94.96500000000036,SL,8
2019-12-02 13:30:00+00:00,2019-12-02 14:15:00+00:00,1,39.0,1459.6542746045852,1457.294274604585,1457.294274604585,1464.3742746045853,-94.77000000000497,SL,3
2019-12-02 14:15:00+00:00,2019-12-02 15:00:00+00:00,1,37.0,1458.3594820732826,1463.3474820732827,1455.8654820732827,1463.3474820732827,181.96600000000208,TP,3
2019-12-02 15:00:00+00:00,2019-12-02 15:30:00+00:00,1,28.000000000000004,1458.2380753507243,1464.5960753507243,1455.0590753507242,1464.5960753507243,176.06399999999854,TP,2
2019-12-02 15:30:00+00:00,2019-12-03 04:00:00+00:00,1,24.0,1462.7909847719156,1461.644926855437,1458.9909847719157,1470.3909847719156,-29.18538999548735,TIME,50
2019-12-03 08:45:00+00:00,2019-12-03 10:00:00+00:00,1,56.99999999999999,1463.967780221066,1467.259780221066,1462.321780221066,1467.259780221066,183.6539999999952,TP,5
2019-12-03 10:00:00+00:00,2019-12-03 12:45:00+00:00,1,39.0,1466.1520303346572,1470.9500303346572,1463.753030334657,1470.9500303346572,184.39200000000008,TP,11
2019-12-03 12:45:00+00:00,2019-12-03 14:15:00+00:00,1,31.0,1470.421337697731,1476.4813376977309,1467.391337697731,1476.4813376977309,185.68999999999832,TP,6
2019-12-03 14:15:00+00:00,2019-12-03 21:15:00+00:00,1,27.0,1475.2048180594757,1477.4687964229033,1471.6638180594757,1482.2868180594755,59.23741581254704,SIGNAL_REVERSE,28
2019-12-03 21:15:00+00:00,2019-12-04 03:00:00+00:00,-1,44.0,1477.4702249412637,1479.6992249412638,1479.6992249412638,1473.0122249412636,-101.15600000000184,SL,23
2019-12-04 08:15:00+00:00,2019-12-04 09:00:00+00:00,1,52.0,1483.022614325632,1481.135614325632,1481.135614325632,1486.796614325632,-101.76399999999707,SL,3
2019-12-04 09:00:00+00:00,2019-12-04 09:15:00+00:00,1,36.0,1482.41403327872,1479.74203327872,1479.74203327872,1487.7580332787197,-98.71199999999273,SL,1
2019-12-04 09:30:00+00:00,2019-12-04 12:00:00+00:00,-1,28.999999999999996,1474.5577930405327,1477.7837930405326,1477.7837930405326,1468.1057930405327,-95.58399999999666,SL,10
2019-12-04 12:00:00+00:00,2019-12-04 13:15:00+00:00,-1,25.0,1475.6253678877645,1479.3943678877645,1479.3943678877645,1468.0873678877645,-95.97500000000014,SL,5
2019-12-04 13:15:00+00:00,2019-12-05 01:45:00+00:00,-1,23.0,1476.7371799482926,1476.2436680143828,1480.8411799482926,1468.5291799482927,9.74077447992444,TIME,50
2019-12-05 09:00:00+00:00,2019-12-05 13:00:00+00:00,-1,40.0,1474.673858959288,1477.0168589592881,1477.0168589592881,1469.987858959288,-96.52000000000298,SL,16
2019-12-05 15:15:00+00:00,2019-12-06 06:00:00+00:00,1,28.000000000000004,1478.22232413503,1474.95332413503,1474.95332413503,1484.76032413503,-93.49200000000016,SL,43
2019-12-06 08:15:00+00:00,2019-12-06 09:00:00+00:00,-1,56.00000000000001,1473.2105991130047,1474.8745991130047,1474.8745991130047,1469.8825991130047,-97.1039999999993,SL,3
2019-12-06 09:00:00+00:00,2019-12-06 11:00:00+00:00,-1,50.0,1474.7894689619757,1475.431541024095,1476.6424689619757,1471.0834689619758,-35.60360310596343,SIGNAL_REVERSE,8
2019-12-06 11:00:00+00:00,2019-12-06 13:30:00+00:00,1,50.0,1475.4346981511671,1473.5946981511672,1473.5946981511672,1479.1146981511672,-95.49999999999591,SL,10
2019-12-06 13:30:00+00:00,2019-12-06 13:45:00+00:00,1,28.000000000000004,1477.7348457808143,1474.4548457808144,1474.4548457808144,1484.2948457808143,-93.79999999999924,SL,1
2019-12-06 14:00:00+00:00,2019-12-06 15:00:00+00:00,-1,23.0,1467.922117717545,1460.168117717545,1471.799117717545,1460.168117717545,176.7319999999978,TP,4
2019-12-06 15:00:00+00:00,2019-12-09 03:30:00+00:00,-1,19.0,1461.6676624650256,1459.4124998353795,1466.2386624650258,1452.5256624650256,41.518089963275244,TIME,50
2019-12-23 08:15:00+00:00,2019-12-23 11:45:00+00:00,1,59.0,1484.6484649286133,1483.0764649286134,1483.0764649286134,1487.7924649286133,-96.87799999999345,SL,14
2019-12-23 13:00:00+00:00,2019-12-23 13:45:00+00:00,-1,56.00000000000001,1482.083761302251,1483.712761302251,1483.712761302251,1478.825761302251,-95.14399999999472,SL,3
2019-12-23 13:45:00+00:00,2019-12-23 15:30:00+00:00,-1,50.0,1483.004590530397,1484.835590530397,1484.835590530397,1479.342590530397,-95.04999999999518,SL,7
2019-12-23 18:30:00+00:00,2019-12-24 02:00:00+00:00,1,45.0,1484.8327734312754,1488.7867734312754,1482.8557734312753,1488.7867734312754,174.77999999999778,TP,30
2019-12-24 08:15:00+00:00,2019-12-24 11:00:00+00:00,1,65.0,1491.2298969974183,1489.8148969974184,1489.8148969974184,1494.0598969974183,-96.52499999999763,SL,11
2019-12-24 13:15:00+00:00,2019-12-24 14:30:00+00:00,-1,45.0,1489.445144598305,1491.4601445983049,1491.4601445983049,1485.4151445983052,-93.82499999999428,SL,5
2019-12-24 15:00:00+00:00,2019-12-24 15:45:00+00:00,1,35.0,1492.9196497345622,1497.9856497345622,1490.3866497345623,1497.9856497345622,174.8600000000011,TP,3
2019-12-24 15:45:00+00:00,2019-12-26 02:00:00+00:00,1,32.0,1497.274779169791,1502.792779169791,1494.515779169791,1502.792779169791,174.33600000000092,TP,28
2019-12-26 08:30:00+00:00,2019-12-26 12:15:00+00:00,1,56.99999999999999,1503.869115760022,1507.085115760022,1502.261115760022,1507.085115760022,179.3220000000069,TP,15
2019-12-26 12:15:00+00:00,2019-12-26 14:00:00+00:00,1,60.0,1505.4329368215058,1508.5249368215057,1503.8869368215057,1508.5249368215057,181.31999999999226,TP,7
2019-12-26 14:00:00+00:00,2019-12-26 15:00:00+00:00,1,42.0,1507.8758481927232,1512.313848192723,1505.6568481927231,1512.313848192723,183.45599999999473,TP,4
2019-12-26 15:00:00+00:00,2019-12-26 16:30:00+00:00,1,34.0,1509.9505546171015,1507.1445546171014,1507.1445546171014,1515.5625546171013,-97.78400000000136,SL,6
2019-12-26 16:30:00+00:00,2019-12-27 05:00:00+00:00,1,28.000000000000004,1507.94302059787,1512.9257529833278,1504.55602059787,1514.7170205978698,137.55650679282104,TIME,50
2019-12-27 08:15:00+00:00,2019-12-27 09:30:00+00:00,-1,44.0,1508.4367741690937,1510.6277741690938,1510.6277741690938,1504.054774169094,-99.48400000000136,SL,5
2019-12-27 09:30:00+00:00,2019-12-27 09:45:00+00:00,-1,40.0,1509.374630292728,1511.806630292728,1511.806630292728,1504.5106302927281,-100.08000000000065,SL,1
2019-12-27 11:15:00+00:00,2019-12-27 11:30:00+00:00,1,43.0,1511.0887270234132,1508.8877270234132,1508.8877270234132,1515.490727023413,-97.65300000000094,SL,1
2019-12-27 13:00:00+00:00,2019-12-27 20:45:00+00:00,1,44.0,1511.2354869847234,1511.1139071770888,1509.0754869847233,1515.5554869847233,-8.42951153592192,SIGNAL_REVERSE,31
2019-12-27 20:45:00+00:00,2019-12-29 23:45:00+00:00,-1,45.0,1511.1082469437133,1513.1832469437134,1513.1832469437134,1506.9582469437132,-96.52500000000205,SL,12
2019-12-30 08:15:00+00:00,2019-12-30 14:30:00+00:00,-1,63.0,1513.5078674180368,1514.9948674180368,1514.9948674180368,1510.5338674180368,-98.09100000000504,SL,25
2019-12-30 15:00:00+00:00,2019-12-31 01:30:00+00:00,1,39.0,1515.4027372068276,1520.1967372068277,1513.0057372068277,1520.1967372068277,184.23600000000377,TP,42
2019-12-31 08:15:00+00:00,2019-12-31 10:45:00+00:00,1,56.00000000000001,1524.1736545654808,1522.4836545654807,1522.4836545654807,1527.5536545654807,-98.56000000000307,SL,10
2019-12-31 12:00:00+00:00,2019-12-31 12:15:00+00:00,-1,56.00000000000001,1521.8676056853153,1523.5256056853152,1523.5256056853152,1518.5516056853153,-96.76799999999452,SL,1
2019-12-31 12:45:00+00:00,2019-12-31 14:00:00+00:00,-1,52.0,1520.8369912840787,1522.6349912840788,1522.6349912840788,1517.2409912840787,-97.1360000000001,SL,5
2019-12-31 14:00:00+00:00,2019-12-31 14:15:00+00:00,-1,42.0,1520.8345103629015,1523.0405103629016,1523.0405103629016,1516.4225103629014,-95.5920000000055,SL,1
2019-12-31 14:15:00+00:00,2019-12-31 14:30:00+00:00,-1,38.0,1522.9426546484956,1518.0586546484956,1525.3846546484956,1518.0586546484956,182.93200000000056,TP,1
2019-12-31 14:30:00+00:00,2019-12-31 15:45:00+00:00,-1,30.0,1521.828781022266,1524.8127810222659,1524.8127810222659,1515.8607810222659,-91.6199999999977,SL,5
2019-12-31 20:15:00+00:00,2020-01-01 23:00:00+00:00,-1,34.0,1518.2964187469536,1521.0104187469535,1521.0104187469535,1512.8684187469535,-94.65599999999802,SL,11
2020-01-02 11:15:00+00:00,2020-01-02 13:30:00+00:00,1,43.0,1521.4750450012496,1525.7490450012494,1519.3380450012496,1525.7490450012494,180.77199999999516,TP,9
2020-01-02 13:30:00+00:00,2020-01-02 13:45:00+00:00,1,42.0,1524.2201462934213,1528.5641462934213,1522.0481462934213,1528.5641462934213,179.50800000000214,TP,1
2020-01-02 13:45:00+00:00,2020-01-02 14:30:00+00:00,1,39.0,1525.7517728739938,1530.5337728739937,1523.3607728739937,1530.5337728739937,183.7679999999971,TP,3
2020-01-02 14:30:00+00:00,2020-01-02 17:15:00+00:00,1,35.0,1527.6952960728916,1525.0182960728914,1525.0182960728914,1533.0492960728916,-96.14500000000471,SL,11
2020-01-02 17:15:00+00:00,2020-01-03 01:45:00+00:00,1,23.0,1526.0890135555755,1534.1370135555755,1522.0650135555754,1534.1370135555755,183.49400000000003,TP,34
2020-01-03 08:15:00+00:00,2020-01-03 09:30:00+00:00,1,34.0,1543.663956348814,1549.325956348814,1540.832956348814,1549.325956348814,190.12800000000118,TP,5
2020-01-03 09:30:00+00:00,2020-01-03 13:00:00+00:00,1,28.999999999999996,1547.2517161280887,1544.0037161280886,1544.0037161280886,1553.7477161280888,-96.22200000000136,SL,14
2020-01-03 13:00:00+00:00,2020-01-03 13:15:00+00:00,1,24.0,1546.3873765836336,1542.4103765836335,1542.4103765836335,1554.3413765836335,-97.12800000000215,SL,1
2020-01-03 18:30:00+00:00,2020-01-05 23:00:00+00:00,1,23.0,1549.8435278112963,1558.0895278112964,1545.7205278112963,1558.0895278112964,188.04800000000216,TP,18
2020-01-06 08:15:00+00:00,2020-01-06 09:15:00+00:00,-1,24.0,1572.6015196857657,1576.6495196857657,1576.6495196857657,1564.5055196857659,-98.83200000000005,SL,4
2020-01-06 11:15:00+00:00,2020-01-06 13:30:00+00:00,1,23.0,1577.8535334467115,1573.7415334467114,1573.7415334467114,1586.0775334467114,-96.18600000000184,SL,9
2020-01-06 15:00:00+00:00,2020-01-06 15:30:00+00:00,-1,24.0,1572.9020105634888,1565.0540105634889,1576.8260105634888,1565.0540105634889,186.67199999999895,TP,2
2020-01-06 16:00:00+00:00,2020-01-07 04:30:00+00:00,-1,17.0,1564.269096797491,1558.5489694006776,1569.852096797491,1553.1030967974912,96.05216574582943,TIME,50
2020-01-07 08:15:00+00:00,2020-01-07 09:30:00+00:00,1,24.0,1567.8877482505075,1563.7817482505075,1563.7817482505075,1576.0997482505074,-100.22399999999988,SL,5
2020-01-07 09:30:00+00:00,2020-01-07 21:30:00+00:00,1,21.0,1564.6338655756217,1573.7998655756217,1560.0508655756216,1573.7998655756217,191.01599999999874,TP,48
2020-01-08 08:30:00+00:00,2020-01-08 11:30:00+00:00,-1,21.0,1585.2331240631804,1575.8291240631804,1589.9351240631804,1575.8291240631804,196.01399999999992,TP,12
2020-01-08 11:30:00+00:00,2020-01-08 16:00:00+00:00,-1,16.0,1579.4741518840876,1567.3961518840877,1585.5131518840876,1567.3961518840877,192.1279999999996,TP,18
2020-01-08 16:00:00+00:00,2020-01-08 16:30:00+00:00,-1,13.0,1573.5015807306145,1558.9875807306146,1580.7585807306145,1558.9875807306146,187.77199999999866,TP,2
2020-01-08 17:15:00+00:00,2020-01-09 05:45:00+00:00,-1,10.0,1561.4778236085235,1555.7230743160599,1571.1218236085235,1542.1898236085235,56.84749292463657,TIME,50
2020-01-09 08:15:00+00:00,2020-01-09 12:15:00+00:00,-1,21.0,1545.7550125662992,1550.6640125662993,1550.6640125662993,1535.937012566299,-104.55900000000221,SL,16
2020-01-09 12:45:00+00:00,2020-01-09 15:45:00+00:00,1,24.0,1550.6079636205702,1546.33396362057,1546.33396362057,1559.1559636205702,-104.25600000000276,SL,12
2020-01-09 19:00:00+00:00,2020-01-10 01:15:00+00:00,1,20.0,1552.8290794195113,1547.9020794195114,1547.9020794195114,1562.6830794195112,-99.93999999999815,SL,25
2020-01-10 08:15:00+00:00,2020-01-10 13:15:00+00:00,1,40.0,1550.2163682127805,1547.7253682127805,1547.7253682127805,1555.1983682127805,-102.43999999999942,SL,20
2020-01-10 14:45:00+00:00,2020-01-10 21:30:00+00:00,1,23.0,1554.2907487192963,1562.8467487192963,1550.0127487192963,1562.8467487192963,195.1780000000009,TP,27
2020-01-13 08:15:00+00:00,2020-01-13 09:00:00+00:00,-1,50.0,1552.3850241996274,1548.2870241996275,1554.4340241996274,1548.2870241996275,201.39999999999782,TP,3
2020-01-13 09:00:00+00:00,2020-01-13 11:45:00+00:00,-1,38.0,1550.3479911898985,1553.0319911898985,1553.0319911898985,1544.9799911898986,-104.65199999999882,SL,11
2020-01-13 11:45:00+00:00,2020-01-13 13:00:00+00:00,-1,33.0,1552.2090478715959,1554.9789236909294,1555.3400478715957,1545.947047871596,-93.71590203800525,SIGNAL_REVERSE,5
2020-01-13 13:00:00+00:00,2020-01-13 14:30:00+00:00,1,34.0,1554.984152987603,1551.982152987603,1551.982152987603,1560.988152987603,-104.44799999999839,SL,6
2020-01-13 14:30:00+00:00,2020-01-13 14:45:00+00:00,1,32.0,1554.2499691659614,1551.1039691659614,1551.1039691659614,1560.5419691659613,-102.91199999999866,SL,1
2020-01-13 14:45:00+00:00,2020-01-13 17:15:00+00:00,1,30.0,1550.8763436691331,1550.901346215368,1547.5543436691332,1557.5203436691331,-1.3499236129538077,SIGNAL_REVERSE,10
2020-01-13 17:15:00+00:00,2020-01-14 00:00:00+00:00,-1,26.0,1550.9043283333115,1543.3403283333116,1554.6863283333114,1543.3403283333116,194.84399999999613,TP,27
2020-01-14 08:15:00+00:00,2020-01-14 18:30:00+00:00,1,37.0,1542.927019790377,1548.319019790377,1540.2310197903769,1548.319019790377,196.91400000000195,TP,41
2020-01-14 19:30:00+00:00,2020-01-15 05:30:00+00:00,1,30.0,1546.26517668781,1553.15317668781,1542.82117668781,1553.15317668781,204.5399999999976,TP,40
2020-01-15 08:15:00+00:00,2020-01-15 12:00:00+00:00,1,49.0,1553.299532799165,1551.174532799165,1551.174532799165,1557.549532799165,-107.555,SL,15
2020-01-15 13:15:00+00:00,2020-01-15 13:30:00+00:00,-1,42.0,1548.7386545973504,1551.1836545973504,1551.1836545973504,1543.8486545973506,-105.62999999999732,SL,1
2020-01-15 13:30:00+00:00,2020-01-15 13:45:00+00:00,-1,37.0,1548.601567075376,1551.3635670753758,1551.3635670753758,1543.077567075376,-104.78399999999792,SL,1
2020-01-15 18:30:00+00:00,2020-01-16 07:00:00+00:00,1,26.0,1553.619203817715,1552.8954079072714,1549.766203817715,1561.325203817715,-20.638693671534675,TIME,50
2020-01-16 08:15:00+00:00,2020-01-16 10:45:00+00:00,-1,55.00000000000001,1554.1974803687842,1555.1704085663696,1556.0494803687843,1550.493480368784,-57.36105086719486,SIGNAL_REVERSE,10
2020-01-16 10:45:00+00:00,2020-01-16 13:30:00+00:00,1,49.0,1555.1678454087514,1553.1108454087514,1553.1108454087514,1559.2818454087515,-104.22300000000081,SL,11
2020-01-16 13:30:00+00:00,2020-01-16 14:30:00+00:00,1,46.0,1555.173969967988,1552.9959699679878,1552.9959699679878,1559.529969967988,-103.4080000000051,SL,4
2020-01-16 14:45:00+00:00,2020-01-16 15:00:00+00:00,-1,35.0,1551.792649028831,1554.596649028831,1554.596649028831,1546.1846490288308,-100.59000000000306,SL,1
2020-01-16 15:00:00+00:00,2020-01-16 21:00:00+00:00,-1,31.0,1553.7817465726946,1553.7640906481442,1556.9337465726946,1547.4777465726945,-1.622666338939025,SIGNAL_REVERSE,24
2020-01-16 21:00:00+00:00,2020-01-16 23:00:00+00:00,1,52.0,1553.760295420553,1551.850295420553,1551.850295420553,1557.5802954205528,-102.95999999999243,SL,8
2020-01-17 08:15:00+00:00,2020-01-17 12:15:00+00:00,1,56.00000000000001,1555.5324231794943,1559.0364231794945,1553.7804231794944,1559.0364231794945,192.30400000000748,TP,16
2020-01-17 12:15:00+00:00,2020-01-17 13:45:00+00:00,1,52.0,1557.0609074479416,1555.1839074479417,1555.1839074479417,1560.8149074479418,-101.24399999999754,SL,6
2020-01-17 13:45:00+00:00,2020-01-20 02:15:00+00:00,1,35.0,1556.2715343920902,1557.7220061670848,1553.4735343920902,1561.8675343920902,48.31651212481238,TIME,50
2020-01-20 08:15:00+00:00,2020-01-20 10:45:00+00:00,1,63.0,1560.4174137206164,1559.8417750765282,1558.8424137206164,1563.5674137206163,-40.675234577560246,SIGNAL_REVERSE,10
2020-01-20 10:45:00+00:00,2020-01-20 16:45:00+00:00,-1,57.99999999999999,1559.843445584359,1561.073743143653,1561.5504455843588,1556.429445584359,-75.41725843905537,SIGNAL_REVERSE,24
2020-01-20 16:45:00+00:00,2020-01-21 01:15:00+00:00,1,67.0,1561.0678324693326,1564.0298324693326,1559.5868324693326,1564.0298324693326,193.76399999999927,TP,18
2020-01-21 08:15:00+00:00,2020-01-21 08:45:00+00:00,-1,36.0,1559.4993851060558,1553.9993851060556,1562.2493851060558,1553.9993851060556,195.48000000000818,TP,2
2020-01-21 08:45:00+00:00,2020-01-21 14:00:00+00:00,-1,28.000000000000004,1557.3670802557485,1550.3150802557484,1560.8930802557486,1550.3150802557484,195.4960000000038,TP,21
2020-01-21 14:00:00+00:00,2020-01-21 15:45:00+00:00,-1,25.0,1553.307161758906,1557.378161758906,1557.378161758906,1545.1651617589062,-103.52499999999782,SL,7
2020-01-21 17:15:00+00:00,2020-01-22 02:15:00+00:00,1,21.0,1557.559383862586,1552.780383862586,1552.780383862586,1567.117383862586,-101.82899999999992,SL,36
2020-01-22 08:15:00+00:00,2020-01-22 10:45:00+00:00,1,48.0,1554.689762573086,1558.865762573086,1552.601762573086,1558.865762573086,197.08799999999667,TP,10
2020-01-22 10:45:00+00:00,2020-01-22 11:45:00+00:00,1,47.0,1558.4949470174895,1556.3469470174896,1556.3469470174896,1562.7909470174895,-104.24599999999582,SL,4
2020-01-22 11:45:00+00:00,2020-01-22 23:15:00+00:00,1,48.0,1556.5717459747698,1560.8637459747697,1554.4257459747698,1560.8637459747697,202.65599999999597,TP,46
2020-01-23 08:15:00+00:00,2020-01-23 13:15:00+00:00,-1,35.0,1554.1868536155687,1557.1028536155686,1557.1028536155686,1548.3548536155686,-104.5099999999979,SL,20
2020-01-23 14:15:00+00:00,2020-01-23 14:30:00+00:00,1,38.0,1557.6240255396922,1562.9700255396922,1554.9510255396922,1562.9700255396922,200.48800000000014,TP,1
2020-01-23 14:30:00+00:00,2020-01-23 14:45:00+00:00,1,31.0,1557.5028758983624,1564.0968758983622,1554.2058758983624,1564.0968758983622,202.24399999999454,TP,1
2020-01-23 14:45:00+00:00,2020-01-24 01:15:00+00:00,1,30.0,1563.0668517934496,1559.5968517934496,1559.5968517934496,1570.0068517934494,-106.20000000000081,SL,42
2020-01-24 08:15:00+00:00,2020-01-24 09:45:00+00:00,-1,63.0,1559.2493782926624,1560.9103782926622,1560.9103782926622,1555.9273782926625,-109.05299999998934,SL,6
2020-01-24 09:45:00+00:00,2020-01-24 10:00:00+00:00,-1,54.0,1560.1939810584267,1562.1189810584267,1562.1189810584267,1556.3439810584268,-107.72999999999755,SL,1
2020-01-24 13:00:00+00:00,2020-01-24 13:30:00+00:00,-1,43.0,1558.1084707787343,1560.5024707787343,1560.5024707787343,1553.3204707787343,-105.95200000000024,SL,2
2020-01-24 13:30:00+00:00,2020-01-24 13:45:00+00:00,-1,39.0,1558.575446505718,1561.186446505718,1561.186446505718,1553.353446505718,-104.55900000000405,SL,1
2020-01-24 15:00:00+00:00,2020-01-24 15:15:00+00:00,1,28.000000000000004,1564.390127320643,1571.6041273206429,1560.783127320643,1571.6041273206429,200.0319999999984,TP,1
2020-01-24 15:15:00+00:00,2020-01-26 23:00:00+00:00,1,24.0,1568.0793297249288,1576.6093297249288,1563.8143297249287,1576.6093297249288,203.03999999999934,TP,31
2020-01-27 08:15:00+00:00,2020-01-27 09:00:00+00:00,-1,41.0,1578.4846415724858,1581.0326415724858,1581.0326415724858,1573.3886415724858,-107.33800000000008,SL,3
2020-01-27 09:45:00+00:00,2020-01-27 14:45:00+00:00,1,33.0,1582.3145977452234,1579.1705977452234,1579.1705977452234,1588.6025977452232,-106.06200000000018,SL,20
2020-01-27 18:30:00+00:00,2020-01-28 07:00:00+00:00,-1,21.0,1578.5839699731584,1578.9054107909333,1583.4789699731584,1568.7939699731585,-8.220257173271394,TIME,50
2020-01-28 08:15:00+00:00,2020-01-28 08:45:00+00:00,-1,48.0,1578.232539333885,1580.3935393338847,1580.3935393338847,1573.910539333885,-107.08799999999188,SL,2
2020-01-28 08:45:00+00:00,2020-01-28 09:00:00+00:00,-1,43.0,1579.1243446956607,1581.4893446956607,1581.4893446956607,1574.394344695661,-104.7050000000004,SL,1
2020-01-28 12:30:00+00:00,2020-01-28 14:30:00+00:00,-1,31.0,1574.4704488215757,1577.7514488215757,1577.7514488215757,1567.9084488215758,-103.88099999999842,SL,8
2020-01-28 14:30:00+00:00,2020-01-28 15:30:00+00:00,-1,28.000000000000004,1575.8398391219873,1568.6258391219874,1579.4468391219873,1568.6258391219874,200.0319999999984,TP,4
2020-01-28 15:30:00+00:00,2020-01-29 04:00:00+00:00,-1,22.0,1569.9318743005097,1564.5355096048258,1574.3828743005097,1561.0298743005096,117.18002330504392,TIME,50
2020-01-29 08:15:00+00:00,2020-01-29 14:45:00+00:00,1,52.0,1568.7161160036826,1572.6301160036826,1566.7591160036827,1572.6301160036826,199.88799999999935,TP,26
2020-01-29 19:45:00+00:00,2020-01-30 07:15:00+00:00,1,30.0,1575.16884504378,1582.05284504378,1571.72684504378,1582.05284504378,204.42000000000044,TP,46
2020-01-30 08:15:00+00:00,2020-01-30 13:15:00+00:00,1,41.0,1580.9956052845084,1578.4216052845084,1578.4216052845084,1586.1436052845086,-108.40400000000284,SL,20
2020-01-30 15:00:00+00:00,2020-01-30 15:30:00+00:00,-1,25.0,1578.108018102744,1582.224018102744,1582.224018102744,1569.8760181027437,-104.64999999999964,SL,2
2020-02-14 08:45:00+00:00,2020-02-14 13:30:00+00:00,1,59.0,1575.8170702054153,1579.3510702054152,1574.0500702054153,1579.3510702054152,204.3759999999928,TP,19
2020-02-14 14:00:00+00:00,2020-02-14 21:30:00+00:00,1,48.0,1580.188020715688,1584.5980207156879,1577.983020715688,1584.5980207156879,208.319999999993,TP,30
2020-02-17 08:15:00+00:00,2020-02-17 09:00:00+00:00,-1,83.0,1579.911058742228,1581.201058742228,1581.201058742228,1577.3310587422282,-112.87999999999698,SL,3
2020-02-17 09:00:00+00:00,2020-02-17 14:00:00+00:00,-1,72.0,1580.3208339036692,1581.822833903669,1581.822833903669,1577.3168339036692,-113.1839999999966,SL,20
2020-02-17 14:15:00+00:00,2020-02-17 15:00:00+00:00,1,85.0,1582.1250166070768,1580.8810166070768,1580.8810166070768,1584.6130166070768,-111.68999999999274,SL,3
2020-02-17 15:00:00+00:00,2020-02-17 18:00:00+00:00,1,78.0,1581.3061207037101,1579.9491207037102,1579.9491207037102,1584.02012070371,-111.30599999999772,SL,12
2020-02-17 18:30:00+00:00,2020-02-17 23:00:00+00:00,-1,73.0,1580.5463723543623,1581.9763723543624,1581.9763723543624,1577.6863723543624,-109.50000000000465,SL,3
2020-02-17 23:00:00+00:00,2020-02-18 00:45:00+00:00,-1,49.0,1584.4649876693748,1586.583987669375,1586.583987669375,1580.2269876693747,-107.26100000000696,SL,7
2020-02-18 08:15:00+00:00,2020-02-18 13:30:00+00:00,1,57.99999999999999,1587.1400816735581,1590.652081673558,1585.3840816735583,1590.652081673558,199.6359999999967,TP,21
2020-02-18 14:00:00+00:00,2020-02-18 14:30:00+00:00,1,39.0,1591.2998950200652,1588.6778950200653,1588.6778950200653,1596.543895020065,-104.9879999999939,SL,2
2020-02-18 14:30:00+00:00,2020-02-18 14:45:00+00:00,1,34.0,1592.3983309416103,1589.3483309416104,1589.3483309416104,1598.4983309416102,-106.07999999999845,SL,1
2020-02-18 14:45:00+00:00,2020-02-18 15:15:00+00:00,1,32.0,1589.0493132702015,1595.4293132702014,1585.8593132702017,1595.4293132702014,201.9199999999962,TP,2
2020-02-18 15:15:00+00:00,2020-02-18 15:45:00+00:00,1,26.0,1592.2028058113754,1599.9448058113753,1588.3318058113755,1599.9448058113753,199.471999999999,TP,2
2020-02-18 15:45:00+00:00,2020-02-19 04:15:00+00:00,1,23.0,1598.5134120370622,1601.5623965145658,1594.1364120370622,1607.267412037062,68.51664298258301,TIME,50
2020-02-19 08:15:00+00:00,2020-02-19 11:00:00+00:00,1,50.0,1606.73822490441,1610.9642249044098,1604.6252249044098,1610.9642249044098,207.79999999999427,TP,11
2020-02-19 11:00:00+00:00,2020-02-19 12:45:00+00:00,1,36.0,1609.8674248285304,1606.9624248285304,1606.9624248285304,1615.6774248285303,-107.09999999999901,SL,7
2020-02-19 12:45:00+00:00,2020-02-19 13:30:00+00:00,1,39.0,1607.8697986340055,1605.1067986340056,1605.1067986340056,1613.3957986340056,-110.48699999999688,SL,3
2020-02-19 14:00:00+00:00,2020-02-19 15:15:00+00:00,-1,32.0,1603.3281674164232,1606.5661674164232,1606.5661674164232,1596.852167416423,-105.8560000000018,SL,5
2020-02-19 15:15:00+00:00,2020-02-19 18:45:00+00:00,-1,26.0,1605.5427174712452,1608.9383073574206,1609.5207174712452,1597.586717471245,-90.10533704056189,SIGNAL_REVERSE,14
2020-02-19 18:45:00+00:00,2020-02-20 07:15:00+00:00,1,27.0,1608.9443038461761,1605.1433038461762,1605.1433038461762,1616.5463038461762,-104.51699999999813,SL,50
2020-02-20 08:15:00+00:00,2020-02-20 09:15:00+00:00,-1,36.0,1607.9845143071013,1610.8135143071013,1610.8135143071013,1602.3265143071012,-104.36399999999823,SL,4
2020-02-20 10:45:00+00:00,2020-02-20 11:45:00+00:00,1,33.0,1610.2596076960524,1616.3776076960526,1607.2006076960524,1616.3776076960526,199.58400000000546,TP,4
2020-02-20 11:45:00+00:00,2020-02-20 15:30:00+00:00,1,28.999999999999996,1614.322115580416,1621.302115580416,1610.832115580416,1621.302115580416,200.3900000000005,TP,15
2020-02-20 15:30:00+00:00,2020-02-20 15:45:00+00:00,1,24.0,1620.7165045401157,1616.4045045401158,1616.4045045401158,1629.3405045401157,-105.16799999999756,SL,1
2020-02-20 15:45:00+00:00,2020-02-21 04:15:00+00:00,1,22.0,1619.5054737402002,1625.6336179462835,1614.8574737402002,1628.8014737402002,133.27917253383336,TIME,50
2020-02-21 08:15:00+00:00,2020-02-21 08:45:00+00:00,1,32.0,1635.8441882319353,1632.5191882319352,1632.5191882319352,1642.4941882319354,-108.64000000000145,SL,2
2020-02-21 08:45:00+00:00,2020-02-21 13:15:00+00:00,1,28.999999999999996,1633.0650925978182,1640.1710925978182,1629.5120925978183,1640.1710925978182,204.0439999999998,TP,18
2020-02-21 13:15:00+00:00,2020-02-21 15:00:00+00:00,1,27.0,1640.0068832197483,1647.6768832197483,1636.1718832197482,1647.6768832197483,205.20000000000198,TP,7
2020-02-21 15:00:00+00:00,2020-02-21 16:30:00+00:00,1,20.0,1644.0253128351292,1638.749312835129,1638.749312835129,1654.5773128351293,-106.92000000000135,SL,6
2020-02-21 16:30:00+00:00,2020-02-23 23:00:00+00:00,1,15.0,1641.9661062946757,1655.7821062946757,1635.0581062946756,1655.7821062946757,206.19000000000045,TP,26
2020-02-24 08:15:00+00:00,2020-02-24 13:00:00+00:00,1,21.0,1679.3412014928663,1674.3032014928663,1674.3032014928663,1689.4172014928663,-107.26800000000023,SL,19
2020-02-24 13:00:00+00:00,2020-02-24 15:00:00+00:00,1,13.0,1681.0074163890874,1673.0734163890875,1673.0734163890875,1696.8754163890874,-104.0519999999996,SL,8
2020-02-24 15:00:00+00:00,2020-02-24 19:15:00+00:00,-1,13.0,1674.7293078794955,1658.7093078794956,1682.7393078794955,1658.7093078794956,207.34999999999977,TP,17
2020-02-24 19:15:00+00:00,2020-02-24 19:30:00+00:00,-1,12.0,1671.4590980461724,1653.9530980461723,1680.2120980461723,1653.9530980461723,209.23200000000102,TP,1
2020-02-24 20:15:00+00:00,2020-02-25 06:15:00+00:00,-1,11.0,1657.686505646669,1639.006505646669,1667.026505646669,1639.006505646669,204.7100000000007,TP,40
2020-02-25 08:15:00+00:00,2020-02-25 09:00:00+00:00,-1,13.0,1645.7649525860706,1653.9209525860706,1653.9209525860706,1629.4529525860705,-106.93799999999933,SL,3
2020-02-25 10:30:00+00:00,2020-02-25 11:30:00+00:00,1,12.0,1653.7535336945934,1644.5795336945935,1644.5795336945935,1672.1015336945934,-110.92799999999974,SL,4
2020-02-25 11:30:00+00:00,2020-02-25 19:00:00+00:00,1,13.0,1650.1611911908644,1641.6511911908644,1641.6511911908644,1667.1811911908644,-111.53999999999988,SL,30
2020-02-25 19:00:00+00:00,2020-02-25 19:30:00+00:00,-1,13.0,1644.9233725651388,1653.430372565139,1653.430372565139,1627.909372565139,-111.5010000000008,SL,2
2020-02-25 19:30:00+00:00,2020-02-25 20:45:00+00:00,-1,12.0,1645.3172706261184,1627.9852706261183,1653.9832706261184,1627.9852706261183,207.14400000000128,TP,5
2020-02-26 08:15:00+00:00,2020-02-26 09:00:00+00:00,1,25.0,1645.4435549154182,1654.207554915418,1641.0615549154181,1654.207554915418,217.3499999999974,TP,3
2020-02-26 09:00:00+00:00,2020-02-26 10:00:00+00:00,1,22.0,1651.4875426348376,1646.6235426348376,1646.6235426348376,1661.2155426348377,-108.54800000000073,SL,4
2020-02-26 10:00:00+00:00,2020-02-26 12:00:00+00:00,1,19.0,1650.804187936809,1645.150187936809,1645.150187936809,1662.112187936809,-108.75599999999993,SL,8
2020-02-26 13:15:00+00:00,2020-02-26 14:30:00+00:00,-1,19.0,1642.180455425697,1630.714455425697,1647.9134554256968,1630.714455425697,216.52399999999798,TP,5
2020-02-26 14:30:00+00:00,2020-02-26 17:00:00+00:00,-1,15.0,1634.6989657554566,1641.9709657554565,1641.9709657554565,1620.1549657554567,-110.12999999999901,SL,10
2020-02-26 17:00:00+00:00,2020-02-26 18:30:00+00:00,-1,12.0,1639.7651535046637,1648.9151535046635,1648.9151535046635,1621.4651535046637,-110.63999999999837,SL,6
2020-02-26 19:00:00+00:00,2020-02-26 20:45:00+00:00,1,12.0,1646.2586153607865,1637.0596153607864,1637.0596153607864,1664.6566153607864,-111.22800000000083,SL,7
2020-02-26 20:45:00+00:00,2020-02-27 09:15:00+00:00,1,14.000000000000002,1643.2631315934584,1645.5318160088216,1635.8081315934585,1658.1731315934585,30.78158181508436,TIME,50
2020-02-27 09:15:00+00:00,2020-02-27 12:15:00+00:00,-1,19.0,1645.5270078647775,1651.1060078647774,1651.1060078647774,1634.3690078647774,-107.33099999999907,SL,12
2020-02-27 12:45:00+00:00,2020-02-27 16:00:00+00:00,1,20.0,1650.441007339189,1645.072007339189,1645.072007339189,1661.179007339189,-108.7799999999983,SL,13
2020-02-27 16:00:00+00:00,2020-02-27 17:00:00+00:00,1,13.0,1651.9971635569523,1643.8811635569523,1643.8811635569523,1668.2291635569522,-106.41799999999981,SL,4
2020-02-27 17:30:00+00:00,2020-02-28 06:00:00+00:00,-1,10.0,1644.200859739062,1630.8081763563437,1654.069859739062,1624.4628597390622,133.2268338271836,TIME,50
2020-02-28 08:30:00+00:00,2020-02-28 14:30:00+00:00,-1,10.0,1636.164218916069,1614.5282189160691,1646.982218916069,1614.5282189160691,215.65999999999968,TP,24
2020-02-28 15:00:00+00:00,2020-02-28 15:30:00+00:00,-1,9.0,1615.804701652299,1593.732701652299,1626.840701652299,1593.732701652299,198.017999999999,TP,2
2020-03-06 20:45:00+00:00,2020-03-08 23:00:00+00:00,1,8.0,1672.2084647865543,1699.3184647865542,1658.6534647865542,1699.3184647865542,216.3199999999992,TP,9
2020-03-09 13:30:00+00:00,2020-03-09 13:45:00+00:00,1,9.0,1684.4751903414783,1672.2601903414784,1672.2601903414784,1708.9051903414784,-110.56499999999926,SL,1
2020-03-09 13:45:00+00:00,2020-03-09 14:00:00+00:00,1,8.0,1680.576654877576,1667.4456548775759,1667.4456548775759,1706.838654877576,-105.60800000000069,SL,1
2020-03-09 16:15:00+00:00,2020-03-09 19:00:00+00:00,-1,8.0,1665.2577481667913,1678.9197481667914,1678.9197481667914,1637.9337481667912,-109.85600000000028,SL,11
2020-03-09 19:30:00+00:00,2020-03-09 23:00:00+00:00,1,11.0,1679.202080912357,1669.392080912357,1669.392080912357,1698.8220809123568,-108.6799999999994,SL,10
2020-03-10 14:15:00+00:00,2020-03-10 14:45:00+00:00,-1,13.0,1650.3376141961353,1658.7936141961352,1658.7936141961352,1633.4256141961353,-110.83799999999874,SL,2
2020-03-10 14:45:00+00:00,2020-03-11 04:15:00+00:00,-1,12.0,1657.2818284682885,1659.7539001945713,1665.8778284682885,1640.0898284682885,-30.504860715393843,TIME,50
2020-03-11 08:15:00+00:00,2020-03-11 14:30:00+00:00,1,21.0,1661.4909383054803,1656.3399383054802,1656.3399383054802,1671.7929383054804,-109.64100000000141,SL,25
2020-03-11 15:00:00+00:00,2020-03-11 18:15:00+00:00,-1,14.000000000000002,1653.0637397365824,1637.9457397365825,1660.6227397365824,1637.9457397365825,210.67199999999917,TP,13
2020-03-11 18:15:00+00:00,2020-03-12 06:45:00+00:00,-1,11.0,1643.7535628133853,1636.4719309542695,1653.5445628133853,1624.1715628133852,79.32795045027386,TIME,50
2020-03-12 08:15:00+00:00,2020-03-12 09:30:00+00:00,1,19.0,1643.0567294393645,1637.4617294393645,1637.4617294393645,1654.2467294393646,-107.63500000000052,SL,5
2020-03-12 09:30:00+00:00,2020-03-12 12:00:00+00:00,1,17.0,1638.410072927016,1631.993072927016,1631.993072927016,1651.244072927016,-110.27899999999858,SL,10
2020-03-12 12:45:00+00:00,2020-03-12 13:30:00+00:00,-1,9.0,1612.7250822552405,1589.4230822552406,1624.3760822552406,1589.4230822552406,209.08799999999917,TP,3
2020-03-12 13:30:00+00:00,2020-03-12 14:00:00+00:00,-1,7.000000000000001,1610.6749599239527,1583.4009599239525,1624.3119599239526,1583.4009599239525,190.42800000000082,TP,2
2020-03-12 14:00:00+00:00,2020-03-12 15:45:00+00:00,-1,6.0,1596.924834201981,1564.9968342019808,1612.888834201981,1564.9968342019808,191.14800000000068,TP,7
2020-03-12 15:45:00+00:00,2020-03-12 16:45:00+00:00,-1,5.0,1568.7950691541805,1588.2490691541807,1588.2490691541807,1529.8870691541804,-97.62000000000089,SL,4
2020-03-12 16:45:00+00:00,2020-03-12 17:00:00+00:00,-1,5.0,1575.3391536116585,1597.3531536116586,1597.3531536116586,1531.3111536116583,-110.42000000000061,SL,1
2020-03-12 19:45:00+00:00,2020-03-13 05:30:00+00:00,-1,5.0,1568.1337309002447,1587.2807309002449,1587.2807309002449,1529.8397309002446,-96.0850000000008,SL,39
2020-03-13 08:15:00+00:00,2020-03-13 13:45:00+00:00,1,8.0,1584.4839730219976,1571.4949730219976,1571.4949730219976,1610.4619730219977,-104.47200000000026,SL,22
2020-03-13 14:15:00+00:00,2020-03-13 15:30:00+00:00,-1,7.000000000000001,1574.0861961969986,1545.8121961969987,1588.2231961969985,1545.8121961969987,197.42799999999923,TP,5
2020-03-13 15:30:00+00:00,2020-03-13 15:45:00+00:00,-1,6.0,1566.929637995869,1531.431637995869,1584.678637995869,1531.431637995869,212.56799999999893,TP,1
2020-03-13 16:30:00+00:00,2020-03-15 22:00:00+00:00,-1,4.0,1531.098782079701,1555.427782079701,1555.427782079701,1482.4407820797012,-97.5959999999998,SL,22
2020-03-16 08:15:00+00:00,2020-03-16 09:30:00+00:00,-1,10.0,1534.8922681280849,1513.840268128085,1545.4182681280847,1513.840268128085,209.81999999999908,TP,5
2020-03-16 09:30:00+00:00,2020-03-16 10:15:00+00:00,-1,8.0,1532.554494803036,1506.4804948030362,1545.591494803036,1506.4804948030362,208.03199999999873,TP,3
2020-03-16 10:15:00+00:00,2020-03-16 10:45:00+00:00,-1,7.000000000000001,1519.8490543239109,1491.065054323911,1534.2410543239107,1491.065054323911,200.99799999999917,TP,2
2020-03-16 10:45:00+00:00,2020-03-16 11:00:00+00:00,-1,6.0,1503.0920524480678,1467.812052448068,1520.7320524480676,1467.812052448068,211.25999999999848,TP,1
2020-03-16 11:15:00+00:00,2020-03-16 15:00:00+00:00,-1,6.0,1479.8183637895331,1498.986363789533,1498.986363789533,1441.4823637895333,-115.42799999999936,SL,15
2020-03-16 15:00:00+00:00,2020-03-16 15:45:00+00:00,-1,4.0,1497.6566375482316,1511.4151816054393,1526.3286375482317,1440.3126375482318,-55.3141762288308,SIGNAL_REVERSE,3
2020-03-16 15:45:00+00:00,2020-03-16 17:15:00+00:00,1,4.0,1511.420957137747,1484.2699571377473,1484.2699571377473,1565.722957137747,-108.88399999999936,SL,6
2020-03-16 17:15:00+00:00,2020-03-17 05:45:00+00:00,1,4.0,1507.377312805397,1496.896261115021,1480.793312805397,1560.5453128053969,-42.20420676150414,TIME,50
2020-03-17 08:15:00+00:00,2020-03-17 13:30:00+00:00,-1,12.0,1483.3724633549343,1492.7454633549341,1492.7454633549341,1464.6264633549345,-113.31599999999784,SL,21
2020-03-17 13:45:00+00:00,2020-03-17 14:30:00+00:00,1,8.0,1488.2011077013326,1514.4591077013326,1475.0721077013325,1514.4591077013326,209.5040000000003,TP,3
2020-03-17 14:30:00+00:00,2020-03-17 15:00:00+00:00,1,7.000000000000001,1510.680535408401,1540.748535408401,1495.646535408401,1540.748535408401,209.9859999999999,TP,2
2020-03-17 15:45:00+00:00,2020-03-18 04:15:00+00:00,1,5.0,1535.3089616650007,1530.0682237923638,1514.5309616650006,1576.8649616650007,-26.55368936318414,TIME,50
2020-03-18 08:15:00+00:00,2020-03-18 11:45:00+00:00,-1,8.0,1502.3877423036529,1515.9957423036528,1515.9957423036528,1475.171742303653,-109.42399999999958,SL,14
2020-03-18 16:00:00+00:00,2020-03-19 04:30:00+00:00,-1,5.0,1492.4493306220468,1466.3725842223719,1513.7303306220467,1449.8873306220469,130.03373199837452,TIME,50
2020-03-19 08:15:00+00:00,2020-03-19 12:00:00+00:00,1,9.0,1480.42483417076,1468.41883417076,1468.41883417076,1504.43683417076,-108.68400000000076,SL,15
2020-03-19 12:15:00+00:00,2020-03-19 13:00:00+00:00,-1,8.0,1466.400807276121,1479.623807276121,1479.623807276121,1439.9548072761208,-106.34399999999965,SL,3
2020-03-19 13:00:00+00:00,2020-03-19 13:45:00+00:00,-1,8.0,1470.1798541694811,1483.527854169481,1483.527854169481,1443.4838541694812,-107.34399999999965,SL,3
2020-03-19 18:30:00+00:00,2020-03-20 02:00:00+00:00,-1,7.000000000000001,1469.0648753012204,1484.0858753012203,1484.0858753012203,1439.0228753012204,-105.63699999999972,SL,30
2020-03-20 08:15:00+00:00,2020-03-20 08:45:00+00:00,1,11.0,1513.9629602855632,1504.2349602855631,1504.2349602855631,1533.4189602855631,-107.77800000000072,SL,2
2020-03-20 08:45:00+00:00,2020-03-20 12:45:00+00:00,1,11.0,1505.2702023006705,1494.8852023006705,1494.8852023006705,1526.0402023006704,-115.0049999999999,SL,16
2020-03-20 13:00:00+00:00,2020-03-20 21:00:00+00:00,-1,9.0,1493.9409203856962,1497.245940719631,1505.2979203856962,1471.2269203856963,-30.375183005413763,SIGNAL_REVERSE,32
2020-03-20 21:00:00+00:00,2020-03-22 22:30:00+00:00,1,11.0,1497.2538965642168,1487.668896564217,1487.668896564217,1516.4238965642166,-106.2049999999979,SL,6
2020-03-23 08:15:00+00:00,2020-03-23 10:00:00+00:00,-1,18.0,1488.7310499275995,1494.7140499275995,1494.7140499275995,1476.7650499275996,-108.95399999999906,SL,7
2020-03-23 12:30:00+00:00,2020-03-23 15:00:00+00:00,1,11.0,1515.551825815982,1535.3678258159819,1505.6438258159822,1535.3678258159819,217.20599999999783,TP,10
2020-03-23 15:00:00+00:00,2020-03-23 17:00:00+00:00,1,8.0,1528.0164937415639,1555.8924937415638,1514.078493741564,1555.8924937415638,222.4479999999998,TP,8
2020-03-23 17:00:00+00:00,2020-03-24 01:00:00+00:00,1,7.000000000000001,1548.4946154962956,1577.9926154962957,1533.7456154962956,1577.9926154962957,205.99600000000035,TP,32
2020-03-24 08:45:00+00:00,2020-03-24 09:15:00+00:00,1,9.0,1585.3767844176182,1573.254784417618,1573.254784417618,1609.620784417618,-109.72800000000063,SL,2
2020-03-24 09:15:00+00:00,2020-03-24 10:45:00+00:00,1,8.0,1577.7169954199292,1606.584995419929,1563.2829954199292,1606.584995419929,230.3839999999995,TP,6
2020-03-24 10:45:00+00:00,2020-03-24 23:15:00+00:00,1,5.0,1600.9435898286058,1633.9358741725584,1579.1005898286057,1644.629589828606,164.61142171976317,TIME,50
2020-03-25 08:15:00+00:00,2020-03-25 09:45:00+00:00,-1,7.000000000000001,1602.6728785259247,1619.1738785259247,1619.1738785259247,1569.6708785259245,-115.99699999999984,SL,6
2020-03-25 11:00:00+00:00,2020-03-25 11:30:00+00:00,1,5.0,1616.3796980088819,1596.445698008882,1596.445698008882,1656.2476980088818,-100.01999999999984,SL,2
2020-03-26 09:45:00+00:00,2020-03-26 12:30:00+00:00,1,14.000000000000002,1608.2823349490457,1623.9963349490456,1600.4253349490457,1623.9963349490456,219.01599999999922,TP,11
2020-03-26 12:30:00+00:00,2020-03-26 16:45:00+00:00,1,10.0,1617.3037836573383,1640.4597836573382,1605.7257836573383,1640.4597836573382,230.8599999999995,TP,17
2020-03-26 16:45:00+00:00,2020-03-26 19:15:00+00:00,1,6.0,1634.8187905269504,1617.3667905269504,1617.3667905269504,1669.7227905269503,-105.13199999999999,SL,10
2020-03-27 08:45:00+00:00,2020-03-27 10:30:00+00:00,-1,14.000000000000002,1617.5698298051313,1625.9338298051314,1625.9338298051314,1600.8418298051315,-118.07600000000048,SL,7
2020-03-27 17:45:00+00:00,2020-03-27 18:15:00+00:00,1,9.0,1627.4624171641053,1615.3764171641053,1615.3764171641053,1651.6344171641053,-109.40400000000011,SL,2
2020-03-27 21:00:00+00:00,2020-03-29 22:15:00+00:00,-1,12.0,1617.9176886402333,1627.3746886402332,1627.3746886402332,1599.0036886402333,-114.32399999999856,SL,5
2020-03-30 09:00:00+00:00,2020-03-30 12:00:00+00:00,1,17.0,1622.0728296013003,1615.3498296013004,1615.3498296013004,1635.5188296013002,-115.48099999999926,SL,12
2020-04-22 08:15:00+00:00,2020-04-22 12:45:00+00:00,1,14.000000000000002,1693.9206993381865,1709.6506993381865,1686.0556993381865,1709.6506993381865,219.2400000000003,TP,18
2020-04-22 12:45:00+00:00,2020-04-23 01:15:00+00:00,1,12.0,1703.4960461509681,1710.6259602670912,1694.478046150968,1721.5320461509682,84.71896939347621,TIME,50
2020-04-23 08:15:00+00:00,2020-04-23 14:00:00+00:00,1,18.0,1721.0636557253933,1734.1856557253932,1714.5026557253934,1734.1856557253932,234.9359999999972,TP,23
2020-04-23 14:30:00+00:00,2020-04-23 16:45:00+00:00,1,12.0,1735.6629809743583,1726.1219809743584,1726.1219809743584,1754.7449809743584,-115.33199999999928,SL,9
2020-04-24 08:15:00+00:00,2020-04-24 14:00:00+00:00,1,21.0,1726.4259986247719,1720.970998624772,1720.970998624772,1737.335998624772,-116.02499999999847,SL,23
2020-04-24 14:30:00+00:00,2020-04-24 19:45:00+00:00,-1,13.0,1723.482956026329,1724.9824360036512,1732.2469560263291,1705.954956026329,-20.40323970518799,SIGNAL_REVERSE,21
2020-04-24 19:45:00+00:00,2020-04-27 06:45:00+00:00,1,14.000000000000002,1724.9752314009459,1716.9652314009459,1716.9652314009459,1740.9952314009458,-113.11999999999989,SL,44
2020-04-27 12:00:00+00:00,2020-04-27 12:15:00+00:00,-1,19.0,1714.6552077536628,1720.6422077536627,1720.6422077536627,1702.6812077536629,-115.0829999999972,SL,1
2020-04-27 12:15:00+00:00,2020-04-27 20:45:00+00:00,-1,19.0,1716.7512285531964,1714.822193125337,1722.8212285531963,1704.6112285531965,35.3216731293284,SIGNAL_REVERSE,34
2020-04-27 20:45:00+00:00,2020-04-27 22:00:00+00:00,1,27.0,1714.823875710885,1710.521875710885,1710.521875710885,1723.427875710885,-118.0439999999975,SL,5
2020-04-28 09:00:00+00:00,2020-04-28 09:15:00+00:00,1,18.0,1702.4589462988818,1714.6769462988818,1696.3499462988818,1714.6769462988818,218.66400000000135,TP,1
2020-04-28 09:15:00+00:00,2020-04-28 13:45:00+00:00,1,16.0,1703.9681913248862,1696.9511913248862,1696.9511913248862,1718.002191324886,-113.39200000000085,SL,18
2020-04-28 14:15:00+00:00,2020-04-28 15:45:00+00:00,-1,13.0,1699.408912588711,1708.177912588711,1708.177912588711,1681.870912588711,-114.90700000000007,SL,6
2020-04-28 15:45:00+00:00,2020-04-28 20:15:00+00:00,-1,12.0,1706.7091901062624,1709.2190913997763,1716.2771901062624,1687.5731901062625,-30.958815522166187,SIGNAL_REVERSE,18
2020-04-28 20:15:00+00:00,2020-04-29 08:00:00+00:00,1,17.0,1709.2210177475588,1702.553017747559,1702.553017747559,1722.5570177475586,-114.54599999999817,SL,47
2020-04-29 08:15:00+00:00,2020-04-29 11:30:00+00:00,-1,26.0,1704.4856461863042,1708.7926461863042,1708.7926461863042,1695.8716461863044,-113.80200000000042,SL,13
2020-04-29 13:30:00+00:00,2020-04-29 18:00:00+00:00,-1,16.0,1701.2803235974336,1708.3833235974337,1708.3833235974337,1687.0743235974335,-114.76800000000105,SL,18
2020-04-29 19:45:00+00:00,2020-04-30 08:15:00+00:00,1,14.000000000000002,1714.8569674218074,1716.091227940171,1707.2169674218076,1730.1369674218074,16.299647257088985,TIME,50
2020-04-30 08:15:00+00:00,2020-04-30 12:30:00+00:00,1,22.0,1716.128941069826,1711.152941069826,1711.152941069826,1726.080941069826,-111.01199999999749,SL,17
2020-04-30 12:30:00+00:00,2020-04-30 13:00:00+00:00,-1,16.0,1711.9236889130698,1698.0316889130697,1718.8696889130697,1698.0316889130697,221.15200000000084,TP,2
2020-04-30 13:00:00+00:00,2020-04-30 16:00:00+00:00,-1,14.000000000000002,1706.5033712849943,1690.5933712849942,1714.4583712849944,1690.5933712849942,221.76000000000118,TP,12
2020-04-30 16:00:00+00:00,2020-05-01 04:30:00+00:00,-1,9.0,1693.578154379266,1687.8383947775421,1704.987154379266,1670.760154379266,51.02783641551411,TIME,50
2020-05-01 08:15:00+00:00,2020-05-01 10:30:00+00:00,-1,17.0,1672.9854510160812,1679.6034510160812,1679.6034510160812,1659.7494510160814,-113.69599999999895,SL,9
2020-05-01 11:45:00+00:00,2020-05-01 15:15:00+00:00,1,15.0,1679.5174359674536,1694.5694359674535,1671.9914359674535,1694.5694359674535,224.7299999999986,TP,14
2020-05-01 15:15:00+00:00,2020-05-04 03:45:00+00:00,1,11.0,1691.505989245051,1698.46746495437,1681.191989245051,1712.133989245051,75.80623280250732,TIME,50
2020-05-04 08:15:00+00:00,2020-05-04 12:30:00+00:00,1,24.0,1703.7538103605193,1698.8808103605193,1698.8808103605193,1713.4998103605194,-118.63200000000114,SL,17
2020-05-04 21:15:00+00:00,2020-05-05 07:00:00+00:00,-1,21.0,1703.2522188664311,1692.446218866431,1708.6552188664311,1692.446218866431,225.45600000000084,TP,39
2020-05-05 17:30:00+00:00,2020-05-06 06:00:00+00:00,1,15.0,1703.8670208810165,1704.003142338651,1696.3580208810165,1718.8850208810165,0.9918218645181696,TIME,50
2020-05-06 08:15:00+00:00,2020-05-06 08:45:00+00:00,1,26.0,1707.1202201230137,1702.7152201230138,1702.7152201230138,1715.9302201230137,-116.34999999999928,SL,2
2020-05-06 11:00:00+00:00,2020-05-06 13:00:00+00:00,-1,23.0,1701.5903158335873,1691.4543158335873,1706.6583158335873,1691.4543158335873,231.51799999999923,TP,8
2020-05-06 13:00:00+00:00,2020-05-06 14:30:00+00:00,-1,18.0,1696.8624056016015,1684.0564056016015,1703.2654056016015,1684.0564056016015,229.24800000000073,TP,6
2020-05-21 08:15:00+00:00,2020-05-21 12:45:00+00:00,-1,25.0,1737.73454826883,1738.3498149134032,1742.4425482688298,1728.31854826883,-17.131666114330983,SIGNAL_REVERSE,18
2020-05-21 12:45:00+00:00,2020-05-21 13:45:00+00:00,1,22.0,1738.3545933234764,1732.9815933234763,1732.9815933234763,1749.1005933234765,-119.74600000000105,SL,4
2020-05-21 14:30:00+00:00,2020-05-21 21:15:00+00:00,-1,16.0,1727.5984748079923,1726.1599550655665,1734.6984748079922,1713.3984748079922,21.896315878812747,SIGNAL_REVERSE,27
2020-05-21 21:15:00+00:00,2020-05-22 06:45:00+00:00,1,31.0,1726.1561069207405,1733.7021069207406,1722.3831069207406,1733.7021069207406,231.75600000000153,TP,38
2020-05-22 08:15:00+00:00,2020-05-22 11:45:00+00:00,1,28.000000000000004,1736.6675243629056,1732.4325243629055,1732.4325243629055,1745.1375243629057,-120.54000000000357,SL,14
2020-05-25 09:00:00+00:00,2020-05-25 13:30:00+00:00,1,38.0,1729.0879477394958,1725.920947739496,1725.920947739496,1735.4219477394959,-123.00599999999682,SL,18
2020-05-25 14:00:00+00:00,2020-05-25 14:15:00+00:00,-1,32.0,1725.8373519644738,1729.5223519644737,1729.5223519644737,1718.4673519644737,-120.15999999999825,SL,1
2020-05-25 14:15:00+00:00,2020-05-25 14:45:00+00:00,-1,28.999999999999996,1726.3662328920273,1730.4252328920272,1730.4252328920272,1718.248232892027,-119.74099999999909,SL,2
2020-05-26 08:15:00+00:00,2020-05-26 10:00:00+00:00,-1,30.0,1728.3459835814642,1720.6619835814643,1732.1879835814643,1720.6619835814643,228.41999999999908,TP,7
2020-05-26 10:00:00+00:00,2020-05-26 10:30:00+00:00,-1,28.999999999999996,1721.6651543139174,1725.7231543139173,1725.7231543139173,1713.5491543139174,-119.71199999999978,SL,2
2020-05-26 10:30:00+00:00,2020-05-26 14:00:00+00:00,-1,28.000000000000004,1724.8951763331688,1716.3571763331688,1729.1641763331688,1716.3571763331688,237.10400000000033,TP,14
2020-05-26 14:15:00+00:00,2020-05-27 02:45:00+00:00,-1,17.0,1719.515470008672,1710.5957182214051,1726.460470008672,1705.6254700086722,150.44578038353785,TIME,50
2020-05-27 09:15:00+00:00,2020-05-27 13:00:00+00:00,-1,27.0,1705.2136220646407,1696.4736220646407,1709.5836220646406,1696.4736220646407,234.09000000000026,TP,15
2020-05-27 13:00:00+00:00,2020-05-27 16:00:00+00:00,-1,23.0,1699.551955334735,1704.821955334735,1704.821955334735,1689.0119553347351,-122.81999999999958,SL,12
2020-05-27 16:45:00+00:00,2020-05-28 05:15:00+00:00,1,15.0,1706.0505289825408,1716.4640302211128,1698.0075289825409,1722.1365289825405,155.15251857858078,TIME,50
2020-05-28 08:15:00+00:00,2020-05-28 17:15:00+00:00,1,31.0,1720.9634579695783,1717.0784579695783,1717.0784579695783,1728.7334579695782,-122.60499999999972,SL,36
2020-05-28 17:30:00+00:00,2020-05-29 01:45:00+00:00,-1,20.0,1716.1488324382092,1722.1698324382091,1722.1698324382091,1704.1068324382093,-121.81999999999917,SL,33
2020-05-29 08:45:00+00:00,2020-05-29 12:30:00+00:00,1,27.0,1723.4404236440232,1732.3784236440233,1718.9714236440232,1732.3784236440233,239.43600000000276,TP,15
2020-05-29 12:30:00+00:00,2020-05-29 13:45:00+00:00,1,25.0,1731.1366531132337,1726.2956531132336,1726.2956531132336,1740.8186531132337,-122.77500000000305,SL,5
2020-05-29 13:45:00+00:00,2020-05-29 20:45:00+00:00,1,24.0,1729.627532554744,1731.47339687975,1724.524532554744,1739.833532554744,42.62074380014412,SIGNAL_REVERSE,28
2020-05-29 20:45:00+00:00,2020-05-31 22:00:00+00:00,-1,27.0,1731.466480668422,1735.846480668422,1735.846480668422,1722.706480668422,-120.14999999999681,SL,5
2020-06-01 09:15:00+00:00,2020-06-01 14:00:00+00:00,-1,25.0,1737.3491577213993,1727.8711577213992,1742.0881577213993,1727.8711577213992,235.20000000000164,TP,19
2020-06-01 14:00:00+00:00,2020-06-01 15:30:00+00:00,-1,18.0,1732.4276487057248,1739.0516487057248,1739.0516487057248,1719.1796487057247,-120.49200000000043,SL,6
2020-06-01 16:00:00+00:00,2020-06-02 04:30:00+00:00,1,17.0,1740.4579603286293,1737.681287473629,1733.5349603286293,1754.3039603286293,-48.39343853500412,TIME,50
2020-06-02 08:15:00+00:00,2020-06-02 08:30:00+00:00,-1,35.0,1735.2109514503557,1738.6599514503557,1738.6599514503557,1728.3129514503557,-123.16500000000242,SL,1
2020-06-02 11:15:00+00:00,2020-06-02 15:15:00+00:00,1,28.000000000000004,1739.5726001497176,1735.3756001497175,1735.3756001497175,1747.9666001497176,-119.47600000000327,SL,16
2020-06-02 15:45:00+00:00,2020-06-03 04:15:00+00:00,-1,18.0,1733.327276470123,1725.1770681352752,1739.795276470123,1720.3912764701229,145.44375002725997,TIME,50
2020-06-03 08:15:00+00:00,2020-06-03 12:00:00+00:00,-1,28.999999999999996,1718.4455846114327,1722.5575846114325,1722.5575846114325,1710.2215846114327,-121.27799999999571,SL,15
2020-06-03 13:00:00+00:00,2020-06-03 14:00:00+00:00,-1,16.0,1708.9937934466254,1694.7577934466253,1716.1117934466256,1694.7577934466253,226.65600000000165,TP,4
2020-06-03 14:00:00+00:00,2020-06-04 02:30:00+00:00,-1,13.0,1705.7160387791757,1704.5460039564566,1714.4630387791758,1688.2220387791756,14.300452695348522,TIME,50
2020-06-04 09:30:00+00:00,2020-06-04 12:30:00+00:00,1,26.0,1706.4876453981117,1715.8036453981115,1701.8296453981118,1715.8036453981115,240.3959999999949,TP,12
2020-06-04 12:30:00+00:00,2020-06-04 14:00:00+00:00,1,19.0,1706.923464785361,1700.786464785361,1700.786464785361,1719.1974647853608,-117.93299999999893,SL,6
2020-06-11 19:30:00+00:00,2020-06-12 08:00:00+00:00,-1,13.0,1725.6632050792764,1734.6832050792764,1734.6832050792764,1707.6232050792762,-118.16999999999976,SL,50
2020-06-12 08:15:00+00:00,2020-06-12 13:45:00+00:00,1,32.0,1734.8991356793133,1742.4351356793134,1731.1311356793133,1742.4351356793134,238.91200000000185,TP,22
2020-06-12 13:45:00+00:00,2020-06-12 14:00:00+00:00,1,22.0,1741.4094985929996,1735.9164985929997,1735.9164985929997,1752.3954985929997,-122.38599999999865,SL,1
2020-06-12 14:00:00+00:00,2020-06-12 15:00:00+00:00,1,20.0,1741.3274525897302,1735.3214525897301,1735.3214525897301,1753.3394525897304,-121.52000000000172,SL,4
2020-06-12 15:00:00+00:00,2020-06-12 15:15:00+00:00,1,18.0,1738.4721024520136,1731.8521024520135,1731.8521024520135,1751.7121024520136,-120.42000000000213,SL,1
2020-06-12 16:45:00+00:00,2020-06-15 05:15:00+00:00,-1,17.0,1733.2664866535058,1727.6337457513985,1740.3934866535058,1719.012486653506,94.56659533582484,TIME,50
2020-06-15 08:15:00+00:00,2020-06-15 10:15:00+00:00,-1,23.0,1720.1116067785426,1709.6196067785427,1725.3576067785427,1709.6196067785427,239.7059999999991,TP,8
2020-06-15 10:15:00+00:00,2020-06-15 14:30:00+00:00,-1,17.0,1711.789691496057,1718.676691496057,1718.676691496057,1698.015691496057,-118.26899999999904,SL,17
2020-06-15 15:30:00+00:00,2020-06-16 04:00:00+00:00,1,17.0,1721.5774840640388,1728.5025520349843,1714.3514840640387,1736.0294840640388,116.53615550607384,TIME,50
2020-06-16 10:15:00+00:00,2020-06-16 12:15:00+00:00,1,21.0,1731.1366125406284,1725.4186125406284,1725.4186125406284,1742.5726125406284,-121.54800000000157,SL,8
2020-06-16 13:30:00+00:00,2020-06-16 14:45:00+00:00,-1,15.0,1721.9155998098918,1729.6365998098918,1729.6365998098918,1706.4735998098915,-116.86500000000005,SL,5
2020-06-16 14:45:00+00:00,2020-06-17 03:15:00+00:00,-1,12.0,1721.3161201117139,1725.1427735871332,1731.0491201117138,1701.8501201117137,-46.75984170503202,TIME,50
2020-06-17 08:45:00+00:00,2020-06-17 09:30:00+00:00,-1,28.999999999999996,1721.589823384787,1713.273823384787,1725.7478233847871,1713.273823384787,239.13400000000087,TP,3
2020-06-17 09:30:00+00:00,2020-06-17 13:00:00+00:00,-1,24.0,1718.7900939208448,1723.7130939208448,1723.7130939208448,1708.9440939208448,-119.83200000000005,SL,14
2020-06-17 14:15:00+00:00,2020-06-18 02:45:00+00:00,1,20.0,1724.6102974566618,1725.9396343198641,1718.5202974566619,1736.7902974566618,25.18673726404686,TIME,50
2020-06-18 09:00:00+00:00,2020-06-18 09:30:00+00:00,1,28.000000000000004,1733.009345630847,1728.704345630847,1728.704345630847,1741.6193456308472,-122.50000000000179,SL,2
2020-06-18 09:30:00+00:00,2020-06-18 09:45:00+00:00,1,25.0,1734.226317548329,1729.350317548329,1729.350317548329,1743.9783175483292,-123.64999999999941,SL,1
2020-06-18 09:45:00+00:00,2020-06-18 10:00:00+00:00,1,21.0,1729.6162566385287,1723.8772566385287,1723.8772566385287,1741.0942566385288,-121.98900000000069,SL,1
2020-06-18 12:00:00+00:00,2020-06-19 00:30:00+00:00,-1,15.0,1721.9854775028414,1723.5798203075958,1729.6254775028415,1706.7054775028412,-24.965142071316496,TIME,50
2020-06-19 08:15:00+00:00,2020-06-19 13:00:00+00:00,1,36.0,1730.2045320552493,1736.7125320552493,1726.9505320552494,1736.7125320552493,231.76800000000136,TP,19
2020-06-19 13:00:00+00:00,2020-06-19 15:00:00+00:00,1,28.999999999999996,1734.9166357687773,1743.1686357687774,1730.7906357687773,1743.1686357687774,237.2780000000052,TP,8
2020-06-19 15:00:00+00:00,2020-06-21 22:00:00+00:00,1,21.0,1737.8205441655205,1749.1545441655205,1732.1535441655205,1749.1545441655205,236.54400000000126,TP,28
2020-06-22 08:15:00+00:00,2020-06-22 12:15:00+00:00,-1,26.0,1747.2329228274664,1751.9109228274665,1751.9109228274665,1737.8769228274664,-123.44800000000288,SL,16
2020-06-22 13:00:00+00:00,2020-06-22 15:00:00+00:00,1,24.0,1756.4075318460614,1751.2475318460613,1751.2475318460613,1766.7275318460615,-125.52000000000197,SL,8
2020-06-22 15:00:00+00:00,2020-06-23 03:30:00+00:00,1,17.0,1751.6953005457879,1752.7138104668925,1744.6193005457878,1765.847300545788,16.1246686587786,TIME,50
2020-06-23 09:00:00+00:00,2020-06-23 13:15:00+00:00,1,25.0,1756.2541684840764,1766.1201684840764,1751.3211684840765,1766.1201684840764,244.89999999999964,TP,17
2020-06-23 13:15:00+00:00,2020-06-23 20:00:00+00:00,1,25.0,1760.778215329915,1770.654215329915,1755.8402153299148,1770.654215329915,245.1499999999994,TP,27
2020-06-23 20:00:00+00:00,2020-06-23 20:45:00+00:00,1,36.0,1770.0310812921193,1766.5740812921194,1766.5740812921194,1776.9450812921193,-126.97199999999567,SL,3
2020-06-23 20:45:00+00:00,2020-06-23 21:00:00+00:00,1,35.0,1770.52965014132,1766.92665014132,1766.92665014132,1777.7356501413199,-128.55500000000228,SL,1
2020-06-23 21:00:00+00:00,2020-06-23 21:15:00+00:00,1,32.0,1770.5290045124525,1766.6570045124524,1766.6570045124524,1778.2730045124524,-126.14400000000226,SL,1
2020-06-24 09:00:00+00:00,2020-06-24 12:30:00+00:00,1,26.0,1775.0503188609134,1770.4273188609134,1770.4273188609134,1784.2963188609135,-122.01800000000122,SL,14
2020-06-24 12:30:00+00:00,2020-06-24 12:45:00+00:00,1,21.0,1774.3068723894462,1768.6508723894462,1768.6508723894462,1785.6188723894463,-120.24599999999893,SL,1
2020-06-24 13:15:00+00:00,2020-06-24 14:45:00+00:00,-1,17.0,1767.605113961015,1774.518113961015,1774.518113961015,1753.779113961015,-118.71100000000018,SL,6
2020-06-24 14:45:00+00:00,2020-06-24 22:00:00+00:00,-1,13.0,1772.5368169213127,1754.5288169213127,1781.5408169213126,1754.5288169213127,233.1940000000005,TP,29
2020-06-25 08:15:00+00:00,2020-06-25 08:45:00+00:00,1,28.999999999999996,1766.6824161463276,1762.5184161463276,1762.5184161463276,1775.0104161463275,-122.78599999999962,SL,2
2020-06-25 08:45:00+00:00,2020-06-25 10:15:00+00:00,1,28.000000000000004,1764.0896875929702,1759.7796875929703,1759.7796875929703,1772.7096875929703,-122.63999999999848,SL,6
2020-06-25 10:30:00+00:00,2020-06-25 13:15:00+00:00,-1,23.0,1760.8534712287785,1765.9684712287785,1765.9684712287785,1750.6234712287785,-119.25500000000021,SL,11
2020-06-25 20:15:00+00:00,2020-06-26 04:00:00+00:00,1,35.0,1763.684206658583,1760.327206658583,1760.327206658583,1770.398206658583,-119.94499999999898,SL,31
2020-06-26 08:15:00+00:00,2020-06-26 12:30:00+00:00,1,38.0,1763.7484138706739,1760.6284138706737,1760.6284138706737,1769.988413870674,-121.22000000000449,SL,17
2020-06-26 13:30:00+00:00,2020-06-26 15:00:00+00:00,-1,21.0,1754.144498933103,1759.6854989331032,1759.6854989331032,1743.062498933103,-117.83100000000351,SL,6
2020-06-26 15:00:00+00:00,2020-06-26 15:15:00+00:00,-1,17.0,1755.5115759632317,1762.3815759632316,1762.3815759632316,1741.7715759632317,-117.97999999999814,SL,1
2020-06-26 15:15:00+00:00,2020-06-26 15:30:00+00:00,-1,16.0,1760.457055429695,1767.740055429695,1767.740055429695,1745.891055429695,-117.64800000000207,SL,1
2020-06-26 16:45:00+00:00,2020-06-29 05:15:00+00:00,1,14.000000000000002,1767.5612270874499,1774.4374916141526,1759.77222708745,1783.1392270874499,95.28770337383779,TIME,50
2020-06-29 08:15:00+00:00,2020-06-29 11:15:00+00:00,-1,31.0,1769.3870636461613,1773.0510636461613,1773.0510636461613,1762.0590636461616,-115.7539999999996,SL,12
2020-06-29 20:45:00+00:00,2020-06-30 00:45:00+00:00,1,40.0,1772.897119546111,1770.045119546111,1770.045119546111,1778.6011195461112,-116.88000000000356,SL,16
2020-06-30 11:00:00+00:00,2020-06-30 14:00:00+00:00,-1,38.0,1769.7857621668388,1772.7847621668388,1772.7847621668388,1763.7877621668388,-116.6220000000009,SL,12
2020-06-30 15:00:00+00:00,2020-07-01 03:30:00+00:00,1,18.0,1781.1193798960292,1782.3586098635074,1774.853379896029,1793.651379896029,21.046139414607513,TIME,50
2020-07-01 08:15:00+00:00,2020-07-01 10:15:00+00:00,1,32.0,1788.645023087726,1785.101023087726,1785.101023087726,1795.733023087726,-115.64800000000308,SL,8
2020-07-01 10:15:00+00:00,2020-07-01 10:30:00+00:00,1,28.000000000000004,1787.5749336849842,1783.588933684984,1783.588933684984,1795.5469336849842,-113.56800000000291,SL,1
2020-07-01 11:00:00+00:00,2020-07-01 13:30:00+00:00,-1,23.0,1781.4521910361402,1771.93019103614,1786.2131910361402,1771.93019103614,217.3960000000037,TP,10
2020-07-01 13:30:00+00:00,2020-07-01 14:30:00+00:00,-1,14.000000000000002,1777.0443793689344,1761.7803793689343,1784.6763793689345,1761.7803793689343,212.71600000000177,TP,4
2020-07-01 14:30:00+00:00,2020-07-01 20:00:00+00:00,-1,12.0,1765.4404173795845,1772.506290300572,1774.8544173795844,1746.6124173795845,-85.63047505184917,SIGNAL_REVERSE,22
2020-07-01 20:00:00+00:00,2020-07-02 00:00:00+00:00,1,23.0,1772.5065232671018,1767.5665232671017,1767.5665232671017,1782.3865232671017,-115.23000000000125,SL,16
2020-07-02 08:30:00+00:00,2020-07-02 12:15:00+00:00,1,37.0,1771.5113228281305,1768.4233228281305,1768.4233228281305,1777.6873228281304,-116.84599999999872,SL,15
2020-07-02 12:45:00+00:00,2020-07-02 13:30:00+00:00,-1,23.0,1765.1110707260843,1769.9160707260844,1769.9160707260844,1755.5010707260842,-112.12500000000146,SL,3
2020-07-02 13:30:00+00:00,2020-07-02 13:45:00+00:00,-1,19.0,1767.8157814754982,1773.693781475498,1773.693781475498,1756.059781475498,-113.01199999999865,SL,1
2020-07-02 13:45:00+00:00,2020-07-02 14:00:00+00:00,-1,18.0,1769.2118084350539,1775.4338084350538,1775.4338084350538,1756.767808435054,-113.25599999999964,SL,1
2020-07-02 14:45:00+00:00,2020-07-03 03:15:00+00:00,1,15.0,1777.642261801284,1775.9703890056983,1770.574261801284,1791.7782618012839,-26.12809193378421,TIME,50
2020-07-20 08:15:00+00:00,2020-07-20 11:45:00+00:00,1,43.0,1809.4315995130114,1814.5735995130117,1806.8605995130113,1814.5735995130117,218.09600000001205,TP,14
2020-07-20 11:45:00+00:00,2020-07-20 14:30:00+00:00,1,35.0,1813.8009969535672,1820.0569969535672,1810.672996953567,1820.0569969535672,216.510000000003,TP,11
2020-07-20 14:30:00+00:00,2020-07-21 03:00:00+00:00,1,26.0,1816.5997278397276,1817.5054993890537,1812.3347278397275,1825.1297278397276,21.73006028247908,TIME,50
2020-07-21 08:15:00+00:00,2020-07-21 12:00:00+00:00,1,35.0,1822.0884271364275,1828.4784271364276,1818.8934271364276,1828.4784271364276,221.2000000000035,TP,15
2020-07-21 12:00:00+00:00,2020-07-21 12:15:00+00:00,1,33.0,1828.0767723550125,1834.9107723550126,1824.6597723550124,1834.9107723550126,223.21200000000198,TP,1
2020-07-21 12:15:00+00:00,2020-07-21 16:45:00+00:00,1,28.000000000000004,1833.441780940609,1841.6817809406093,1829.321780940609,1841.6817809406093,228.76000000000664,TP,18
2020-07-21 16:45:00+00:00,2020-07-22 01:00:00+00:00,1,18.0,1840.7834600756132,1853.4754600756132,1834.4374600756132,1853.4754600756132,227.19600000000014,TP,33
2020-07-22 08:30:00+00:00,2020-07-22 10:15:00+00:00,-1,22.0,1851.9945974626005,1857.4685974626004,1857.4685974626004,1841.0465974626004,-121.96799999999853,SL,7
2020-07-22 10:15:00+00:00,2020-07-22 11:45:00+00:00,-1,18.0,1855.3105036731156,1859.213924876897,1861.9755036731156,1841.9805036731154,-71.52158166806454,SIGNAL_REVERSE,6
2020-07-22 11:45:00+00:00,2020-07-22 12:45:00+00:00,1,18.0,1859.2124961861894,1852.7234961861893,1852.7234961861893,1872.1904961861894,-118.0620000000006,SL,4
2020-07-22 16:00:00+00:00,2020-07-23 04:30:00+00:00,1,13.0,1864.204918077165,1869.669685861884,1855.5569180771652,1881.500918077165,70.1319812013472,TIME,50
2020-07-23 08:15:00+00:00,2020-07-23 08:30:00+00:00,1,24.0,1878.6815999571882,1888.551599957188,1873.7465999571882,1888.551599957188,235.19999999999737,TP,1
2020-07-23 08:30:00+00:00,2020-07-23 11:15:00+00:00,1,21.0,1881.0480248028114,1875.5360248028114,1875.5360248028114,1892.0720248028113,-117.22199999999881,SL,11
2020-07-23 11:15:00+00:00,2020-07-23 12:00:00+00:00,1,18.0,1881.224475355997,1874.683475355997,1874.683475355997,1894.3064753559968,-118.99799999999892,SL,3
2020-07-23 13:15:00+00:00,2020-07-23 13:45:00+00:00,-1,15.0,1872.2913366451144,1880.0743366451143,1880.0743366451143,1856.7253366451143,-117.79499999999852,SL,2
2020-07-23 13:45:00+00:00,2020-07-23 14:00:00+00:00,-1,15.0,1873.1376148928732,1880.9316148928733,1880.9316148928733,1857.5496148928733,-117.96000000000144,SL,1
2020-07-23 15:15:00+00:00,2020-07-23 20:30:00+00:00,1,12.0,1887.6490314020414,1884.9393818106994,1878.2940314020414,1906.3590314020414,-33.35579509610383,SIGNAL_REVERSE,21
2020-07-23 20:30:00+00:00,2020-07-24 07:00:00+00:00,-1,15.0,1884.9378021746497,1892.6398021746497,1892.6398021746497,1869.53380217465,-116.57999999999997,SL,42
2020-07-24 08:15:00+00:00,2020-07-24 13:00:00+00:00,1,17.0,1892.0500893415176,1905.0200893415179,1885.5650893415175,1905.0200893415179,219.30000000000433,TP,19
2020-07-24 13:15:00+00:00,2020-07-27 00:00:00+00:00,1,17.0,1902.4540708632692,1915.7440708632691,1895.8090708632692,1915.7440708632691,224.73999999999938,TP,43
2020-07-27 08:15:00+00:00,2020-07-27 12:30:00+00:00,1,19.0,1938.1191930098794,1931.8671930098794,1931.8671930098794,1950.6231930098793,-120.1179999999991,SL,17
2020-07-27 21:15:00+00:00,2020-07-27 23:00:00+00:00,1,21.0,1941.1314707179815,1951.9634707179814,1935.7154707179816,1951.9634707179814,226.00199999999748,TP,7
2020-07-28 08:15:00+00:00,2020-07-28 09:00:00+00:00,-1,8.0,1918.231576375667,1932.746576375667,1932.746576375667,1889.201576375667,-116.6800000000008,SL,3
2020-07-28 09:15:00+00:00,2020-07-28 13:15:00+00:00,-1,8.0,1929.8509184333175,1939.1594005010825,1943.9609184333176,1901.6309184333174,-75.02785654211999,SIGNAL_REVERSE,16
2020-07-28 13:15:00+00:00,2020-07-29 00:15:00+00:00,1,10.0,1939.1562580701834,1962.8262580701833,1927.3212580701834,1962.8262580701833,235.99999999999847,TP,44
2020-07-29 08:15:00+00:00,2020-07-29 13:30:00+00:00,1,20.0,1957.7459172367908,1951.7939172367908,1951.7939172367908,1969.6499172367908,-120.43999999999997,SL,21
2020-07-29 14:30:00+00:00,2020-07-29 15:30:00+00:00,-1,14.000000000000002,1949.9883251007684,1958.4383251007685,1958.4383251007685,1933.0883251007683,-119.28000000000065,SL,4
2020-07-29 17:15:00+00:00,2020-07-29 18:30:00+00:00,1,13.0,1960.1315551773835,1977.4715551773834,1951.4615551773834,1977.4715551773834,224.50999999999894,TP,5
2020-07-29 18:30:00+00:00,2020-07-29 19:00:00+00:00,1,12.0,1966.9816290971423,1957.5086290971424,1957.5086290971424,1985.9276290971422,-114.51599999999948,SL,2
2020-07-29 19:30:00+00:00,2020-07-30 06:45:00+00:00,1,11.0,1965.8351976644535,1955.2581976644535,1955.2581976644535,1986.9891976644535,-117.11699999999998,SL,45
2020-07-30 08:15:00+00:00,2020-07-30 15:00:00+00:00,-1,14.000000000000002,1955.5817345315731,1939.703734531573,1963.5207345315732,1939.703734531573,221.31200000000223,TP,27
2020-07-30 15:00:00+00:00,2020-07-30 19:15:00+00:00,-1,11.0,1944.6230219015274,1954.9800219015274,1954.9800219015274,1923.9090219015275,-114.69699999999968,SL,17
2020-07-30 19:15:00+00:00,2020-07-31 01:45:00+00:00,1,17.0,1953.0827815142254,1966.6207815142254,1946.3137815142254,1966.6207815142254,228.9560000000002,TP,26
2020-07-31 08:15:00+00:00,2020-07-31 13:00:00+00:00,1,14.000000000000002,1977.263606304014,1969.093606304014,1969.093606304014,1993.603606304014,-115.36000000000104,SL,19
2020-07-31 13:30:00+00:00,2020-07-31 14:00:00+00:00,-1,17.0,1963.5425331962276,1970.2285331962275,1970.2285331962275,1950.1705331962276,-114.85199999999867,SL,2
2020-07-31 14:00:00+00:00,2020-07-31 14:45:00+00:00,-1,16.0,1967.1183215084116,1974.4273215084115,1974.4273215084115,1952.5003215084116,-118.06399999999951,SL,3
2020-07-31 14:45:00+00:00,2020-07-31 21:15:00+00:00,-1,13.0,1969.4137063719654,1973.557751525256,1978.0247063719655,1952.1917063719654,-54.78258699277731,SIGNAL_REVERSE,26
2020-07-31 21:15:00+00:00,2020-08-02 22:00:00+00:00,1,23.0,1973.5563865449624,1983.5923865449624,1968.5383865449623,1983.5923865449624,229.21800000000133,TP,3
2020-08-03 10:15:00+00:00,2020-08-03 14:45:00+00:00,-1,25.0,1968.2521647923338,1973.0351647923337,1973.0351647923337,1958.6861647923338,-121.32499999999754,SL,18
2020-08-03 18:00:00+00:00,2020-08-04 06:30:00+00:00,1,18.0,1973.8817473654735,1973.945896730898,1967.3367473654735,1986.9717473654734,-0.10531142235800872,TIME,50
2020-08-04 09:15:00+00:00,2020-08-04 11:15:00+00:00,1,27.0,1976.3870252240793,1972.0410252240792,1972.0410252240792,1985.0790252240793,-119.2320000000001,SL,8
2020-08-04 11:45:00+00:00,2020-08-04 12:15:00+00:00,-1,23.0,1970.8695792096505,1975.9155792096506,1975.9155792096506,1960.7775792096504,-117.66800000000113,SL,2
2020-08-04 12:15:00+00:00,2020-08-04 14:00:00+00:00,-1,22.0,1973.3579860889877,1978.4909860889877,1978.4909860889877,1963.0919860889876,-114.46600000000085,SL,7
2020-08-04 14:45:00+00:00,2020-08-04 17:15:00+00:00,1,14.000000000000002,1987.534529224685,2003.496529224685,1979.553529224685,2003.496529224685,222.4879999999999,TP,10
2020-08-04 17:15:00+00:00,2020-08-04 22:00:00+00:00,1,12.0,2003.3311006048289,2021.9411006048288,1994.0261006048288,2021.9411006048288,222.4799999999988,TP,19
2020-08-05 08:15:00+00:00,2020-08-05 14:15:00+00:00,1,15.0,2032.6775510693105,2048.5415510693106,2024.7455510693105,2048.5415510693106,236.91000000000048,TP,24
2020-08-05 14:15:00+00:00,2020-08-05 16:00:00+00:00,1,13.0,2047.8812547815692,2038.7082547815692,2038.7082547815692,2066.227254781569,-120.15900000000002,SL,7
2020-08-05 16:00:00+00:00,2020-08-05 16:45:00+00:00,1,10.0,2043.558204911617,2031.5992049116169,2031.5992049116169,2067.476204911617,-120.2900000000006,SL,3
2020-08-05 17:45:00+00:00,2020-08-06 05:30:00+00:00,-1,9.0,2034.725238716093,2046.966238716093,2046.966238716093,2010.2432387160927,-110.79899999999986,SL,47
2020-08-06 08:15:00+00:00,2020-08-06 12:00:00+00:00,1,16.0,2045.5189967613517,2059.8529967613517,2038.3519967613515,2059.8529967613517,228.22400000000096,TP,15
2020-08-06 12:00:00+00:00,2020-08-06 15:00:00+00:00,1,14.000000000000002,2059.2718542772077,2051.3498542772077,2051.3498542772077,2075.1158542772073,-111.88800000000037,SL,12
2020-08-06 15:00:00+00:00,2020-08-06 15:30:00+00:00,1,10.0,2060.7852322758235,2049.6722322758237,2049.6722322758237,2083.0112322758237,-111.8299999999983,SL,2
2020-08-06 20:15:00+00:00,2020-08-07 03:45:00+00:00,1,17.0,2063.4790006144613,2056.802000614461,2056.802000614461,2076.8330006144615,-114.69900000000229,SL,30
2020-08-07 11:30:00+00:00,2020-08-07 12:30:00+00:00,-1,18.0,2053.9062489238668,2060.424248923867,2060.424248923867,2040.8702489238667,-118.58400000000053,SL,4
2020-08-07 12:30:00+00:00,2020-08-07 12:45:00+00:00,-1,14.000000000000002,2048.6388977255556,2056.8868977255556,2056.8868977255556,2032.1428977255555,-116.45200000000068,SL,1
2020-08-07 13:30:00+00:00,2020-08-07 14:00:00+00:00,-1,11.0,2050.9905605711365,2030.6685605711364,2061.1515605711365,2030.6685605711364,222.77200000000127,TP,2
2020-08-07 14:00:00+00:00,2020-08-07 17:00:00+00:00,-1,9.0,2046.1256406250056,2021.0296406250056,2058.6736406250056,2021.0296406250056,225.23400000000004,TP,12
2020-08-07 17:00:00+00:00,2020-08-10 05:30:00+00:00,-1,7.000000000000001,2024.9164601562384,2029.1282221567383,2041.7254601562383,1991.2984601562382,-29.97233400349932,TIME,50
2020-08-10 08:45:00+00:00,2020-08-10 09:45:00+00:00,1,23.0,2033.1304454840204,2027.9964454840203,2027.9964454840203,2043.3984454840204,-119.69200000000033,SL,4
2020-08-10 14:00:00+00:00,2020-08-10 14:45:00+00:00,1,16.0,2047.5098982425611,2040.214898242561,2040.214898242561,2062.0998982425613,-117.84000000000117,SL,3
2020-08-10 14:45:00+00:00,2020-08-10 15:00:00+00:00,1,14.000000000000002,2043.9513220250012,2035.6673220250013,2035.6673220250013,2060.519322025001,-116.95599999999831,SL,1
2020-08-10 15:00:00+00:00,2020-08-10 16:15:00+00:00,1,13.0,2036.3483411126697,2027.9173411126696,2027.9173411126696,2053.2103411126695,-110.51300000000052,SL,5
2020-08-10 17:45:00+00:00,2020-08-11 05:30:00+00:00,-1,12.0,2030.7625579499922,2011.508557949992,2040.3895579499922,2011.508557949992,230.2080000000016,TP,47
2020-08-11 08:15:00+00:00,2020-08-11 12:30:00+00:00,-1,10.0,1993.2158732816474,1970.0858732816473,2004.7808732816475,1970.0858732816473,230.6000000000011,TP,17
2020-08-11 12:30:00+00:00,2020-08-11 13:00:00+00:00,-1,9.0,1975.0857612550049,1949.4457612550048,1987.9057612550048,1949.4457612550048,230.1300000000009,TP,2
2020-08-11 13:00:00+00:00,2020-08-11 17:00:00+00:00,-1,7.000000000000001,1963.2465667711422,1933.038566771142,1978.3505667711422,1933.038566771142,210.9660000000006,TP,16
2020-08-11 17:00:00+00:00,2020-08-11 20:15:00+00:00,-1,6.0,1941.9352179556922,1901.9092179556924,1961.9482179556921,1901.9092179556924,239.73599999999905,TP,13
2020-08-11 20:15:00+00:00,2020-08-11 22:30:00+00:00,-1,7.000000000000001,1913.487550084742,1929.361550084742,1929.361550084742,1881.739550084742,-111.60800000000017,SL,9
2020-08-12 08:15:00+00:00,2020-08-12 08:45:00+00:00,1,6.0,1943.5026466722857,1923.7346466722856,1923.7346466722856,1983.0386466722857,-119.02800000000018,SL,2
2020-08-12 08:45:00+00:00,2020-08-12 19:15:00+00:00,1,5.0,1929.44262590092,1929.1101939236905,1907.6396259009198,1973.04862590092,-2.01215988614681,SIGNAL_REVERSE,42
2020-08-12 19:15:00+00:00,2020-08-13 01:00:00+00:00,-1,10.0,1929.1104354780548,1940.4654354780548,1940.4654354780548,1906.4004354780548,-114.25000000000018,SL,23
2020-08-13 14:15:00+00:00,2020-08-13 17:30:00+00:00,1,10.0,1941.9374022627617,1964.6174022627617,1930.5974022627618,1964.6174022627617,226.10000000000065,TP,13
2020-08-13 17:30:00+00:00,2020-08-13 18:15:00+00:00,1,10.0,1961.3414481919435,1949.5744481919435,1949.5744481919435,1984.8754481919436,-118.37000000000053,SL,3
2020-08-13 18:15:00+00:00,2020-08-13 18:30:00+00:00,1,9.0,1953.4378932013612,1940.6558932013613,1940.6558932013613,1979.0018932013613,-115.66799999999932,SL,1
2020-08-13 18:30:00+00:00,2020-08-14 07:00:00+00:00,1,9.0,1942.787578084097,1942.5591403862588,1930.089578084097,1968.183578084097,-2.685939280543953,TIME,50
2020-08-14 16:45:00+00:00,2020-08-16 22:00:00+00:00,-1,11.0,1937.8209001761177,1948.5949001761178,1948.5949001761178,1916.2729001761177,-119.28400000000126,SL,21
2020-08-17 08:15:00+00:00,2020-08-17 13:15:00+00:00,1,19.0,1950.567188566088,1963.111188566088,1944.2951885660877,1963.111188566088,237.00600000000182,TP,20
2020-08-17 13:15:00+00:00,2020-08-17 14:00:00+00:00,1,17.0,1960.0731605601675,1973.7011605601674,1953.2591605601674,1973.7011605601674,230.4859999999988,TP,3
2020-08-17 14:00:00+00:00,2020-08-17 14:30:00+00:00,1,16.0,1972.773605699193,1987.505605699193,1965.407605699193,1987.505605699193,234.59199999999953,TP,2
2020-08-17 14:30:00+00:00,2020-08-18 03:00:00+00:00,1,14.000000000000002,1982.2866769951968,1992.2949249296719,1973.953676995197,1998.9526769951967,139.13547108265135,TIME,50
2020-08-18 08:15:00+00:00,2020-08-18 14:00:00+00:00,1,15.0,2006.3683612996854,1998.1693612996853,1998.1693612996853,2022.7663612996853,-124.03500000000103,SL,23
2020-08-18 14:30:00+00:00,2020-08-18 14:45:00+00:00,-1,10.0,1982.6070248916433,1995.0260248916434,1995.0260248916434,1957.7690248916433,-124.89000000000097,SL,1
2020-08-18 14:45:00+00:00,2020-08-18 15:45:00+00:00,-1,9.0,1991.2766082613375,2004.5266082613375,2004.5266082613375,1964.7766082613375,-119.88,SL,4
2020-08-18 15:45:00+00:00,2020-08-19 04:15:00+00:00,-1,8.0,2002.7936167092987,1993.712743359012,2017.1446167092986,1974.0916167092987,72.08698680229412,TIME,50
2020-08-19 08:15:00+00:00,2020-08-19 08:45:00+00:00,-1,16.0,1987.7238429583267,1995.3508429583267,1995.3508429583267,1972.4698429583266,-123.15199999999925,SL,2
2020-08-19 08:45:00+00:00,2020-08-19 14:30:00+00:00,-1,15.0,1990.2610993740982,1973.9210993740983,1998.4310993740983,1973.9210993740983,244.04999999999876,TP,23
2020-08-19 15:00:00+00:00,2020-08-19 18:15:00+00:00,-1,10.0,1964.6150139048498,1940.5410139048497,1976.6520139048498,1940.5410139048497,240.0400000000007,TP,13
2020-08-19 18:15:00+00:00,2020-08-20 06:45:00+00:00,-1,7.000000000000001,1948.9530740917676,1946.006539635826,1965.7730740917675,1915.3130740917675,20.13574119159172,TIME,50
2020-08-20 08:15:00+00:00,2020-08-20 11:30:00+00:00,-1,12.0,1928.2307719966743,1938.1547719966743,1938.1547719966743,1908.3827719966744,-119.92799999999974,SL,13
2020-08-20 11:30:00+00:00,2020-08-20 12:30:00+00:00,-1,12.0,1936.1488033147402,1946.6838033147403,1946.6838033147403,1915.07880331474,-127.26000000000099,SL,4
2020-08-20 15:15:00+00:00,2020-08-21 03:45:00+00:00,1,9.0,1941.7543290078243,1948.4751917885446,1927.7923290078243,1969.6783290078245,59.85776502648343,TIME,50
2020-08-21 08:15:00+00:00,2020-08-21 11:30:00+00:00,-1,15.0,1936.154303593634,1919.558303593634,1944.452303593634,1919.558303593634,247.89000000000004,TP,13
2020-08-21 11:30:00+00:00,2020-08-21 12:45:00+00:00,-1,11.0,1929.3736200248266,1939.9156200248267,1939.9156200248267,1908.2896200248265,-116.73200000000158,SL,5
2020-08-21 12:45:00+00:00,2020-08-21 14:45:00+00:00,-1,11.0,1931.7770926202609,1943.235092620261,1943.235092620261,1908.861092620261,-126.80800000000092,SL,8
2020-08-21 15:15:00+00:00,2020-08-24 03:45:00+00:00,1,8.0,1939.707706321523,1932.686151509405,1924.635706321523,1969.8517063215227,-56.73243849694387,TIME,50
2020-08-24 08:15:00+00:00,2020-08-24 12:15:00+00:00,1,18.0,1948.0616345325723,1961.5796345325723,1941.3026345325723,1961.5796345325723,242.06400000000053,TP,16
2020-08-24 12:15:00+00:00,2020-08-24 12:30:00+00:00,1,17.0,1958.766118448024,1951.650118448024,1951.650118448024,1972.9981184480241,-122.16199999999975,SL,1
2020-08-24 12:30:00+00:00,2020-08-24 13:00:00+00:00,1,17.0,1953.7433252928495,1946.4223252928496,1946.4223252928496,1968.3853252928495,-125.64699999999851,SL,2
2020-08-24 13:00:00+00:00,2020-08-24 13:30:00+00:00,1,16.0,1949.1467635638003,1941.2537635638002,1941.2537635638002,1964.9327635638003,-127.40800000000047,SL,2
2020-08-24 14:45:00+00:00,2020-08-25 03:15:00+00:00,-1,11.0,1935.840765046053,1934.8905218492855,1946.467765046053,1914.5867650460532,9.682675164443463,TIME,50
2020-08-25 08:30:00+00:00,2020-08-25 14:00:00+00:00,-1,21.0,1927.2799923385091,1915.9139923385092,1932.9629923385091,1915.9139923385092,237.2159999999997,TP,22
2020-08-25 14:30:00+00:00,2020-08-25 19:15:00+00:00,-1,13.0,1921.0881383708436,1927.8415268673486,1930.7331383708436,1901.7981383708436,-88.70405045456587,SIGNAL_REVERSE,19
2020-08-25 19:15:00+00:00,2020-08-26 05:00:00+00:00,1,17.0,1927.8449204200554,1920.5889204200553,1920.5889204200553,1942.3569204200553,-124.54200000000145,SL,39
2020-08-26 08:15:00+00:00,2020-08-26 12:30:00+00:00,-1,20.0,1918.5950057809075,1906.4330057809075,1924.6760057809076,1906.4330057809075,241.84000000000069,TP,17
2020-08-26 12:45:00+00:00,2020-08-26 13:00:00+00:00,-1,17.0,1907.2698354059735,1914.6378354059734,1914.6378354059734,1892.5338354059734,-126.44599999999895,SL,1
2020-08-26 13:00:00+00:00,2020-08-26 13:30:00+00:00,-1,16.0,1911.5640480091301,1919.35604800913,1919.35604800913,1895.98004800913,-125.79199999999867,SL,2
2020-08-26 14:00:00+00:00,2020-08-27 02:30:00+00:00,1,12.0,1935.17227843299,1943.6752333592178,1925.21927843299,1955.07827843299,101.19545911473429,TIME,50
2020-08-27 13:00:00+00:00,2020-08-27 13:15:00+00:00,-1,14.000000000000002,1939.7818167361236,1948.5578167361236,1948.5578167361236,1922.2298167361237,-123.84400000000096,SL,1
2020-08-27 13:30:00+00:00,2020-08-27 13:45:00+00:00,1,9.0,1970.6696120888585,1957.4796120888584,1957.4796120888584,1997.0496120888583,-119.34000000000049,SL,1
2020-08-27 14:30:00+00:00,2020-08-28 03:00:00+00:00,-1,6.0,1929.1507522307518,1935.5555141915456,1947.9827522307519,1891.4867522307518,-38.84857176476309,TIME,50
2020-08-28 08:15:00+00:00,2020-08-28 11:30:00+00:00,1,15.0,1947.6317226443123,1963.9117226443122,1939.4917226443124,1963.9117226443122,243.14999999999958,TP,13
2020-08-28 11:30:00+00:00,2020-08-28 13:00:00+00:00,1,13.0,1960.6485333769508,1951.1685333769508,1951.1685333769508,1979.6085333769508,-124.15000000000023,SL,6
2020-08-28 13:00:00+00:00,2020-08-30 23:45:00+00:00,1,12.0,1955.2828746387463,1975.8608746387463,1944.9938746387463,1975.8608746387463,246.0959999999997,TP,43
2020-08-31 08:15:00+00:00,2020-08-31 09:15:00+00:00,-1,20.0,1958.766678799247,1964.784678799247,1964.784678799247,1946.7306787992472,-121.76000000000059,SL,4
2020-08-31 09:15:00+00:00,2020-08-31 11:30:00+00:00,-1,18.0,1961.866787692134,1968.838787692134,1968.838787692134,1947.922787692134,-126.75599999999964,SL,9
2020-08-31 12:00:00+00:00,2020-09-01 00:30:00+00:00,1,19.0,1965.8391666599805,1969.0217845431775,1959.4641666599805,1978.5891666599805,59.13973978074402,TIME,50
2020-09-01 08:15:00+00:00,2020-09-01 13:30:00+00:00,1,21.0,1988.652488207797,1982.775488207797,1982.775488207797,2000.406488207797,-124.886999999999,SL,21
2020-09-01 14:00:00+00:00,2020-09-01 14:30:00+00:00,-1,15.0,1981.8569861056617,1966.2369861056618,1989.6669861056616,1966.2369861056618,233.24999999999835,TP,2
2020-09-01 14:30:00+00:00,2020-09-02 03:00:00+00:00,-1,14.000000000000002,1971.670087425536,1964.8739303101954,1980.3580874255358,1954.294087425536,94.1661996147673,TIME,50
2020-09-02 09:30:00+00:00,2020-09-02 11:00:00+00:00,1,18.0,1970.5864390869608,1963.8074390869608,1963.8074390869608,1984.1444390869608,-123.28199999999994,SL,6
2020-09-02 11:00:00+00:00,2020-09-02 11:15:00+00:00,1,18.0,1965.3637906877966,1958.3937906877966,1958.3937906877966,1979.3037906877967,-126.7200000000005,SL,1
2020-09-02 11:15:00+00:00,2020-09-02 11:30:00+00:00,1,16.0,1965.9759609523298,1958.34696095233,1958.34696095233,1981.2339609523299,-123.18399999999849,SL,1
2020-09-02 12:15:00+00:00,2020-09-02 12:30:00+00:00,-1,14.000000000000002,1957.8234647447794,1966.1494647447794,1966.1494647447794,1941.1714647447793,-117.54400000000032,SL,1
2020-09-02 13:30:00+00:00,2020-09-02 16:15:00+00:00,-1,12.0,1956.1396615998672,1936.4876615998671,1965.9656615998672,1936.4876615998671,234.98400000000052,TP,11
2020-09-02 16:15:00+00:00,2020-09-02 21:00:00+00:00,-1,10.0,1939.554324815198,1943.8055280710141,1951.474324815198,1915.7143248151979,-43.212032558161084,SIGNAL_REVERSE,19
2020-09-02 21:00:00+00:00,2020-09-03 04:45:00+00:00,1,21.0,1943.8050051874418,1938.1000051874416,1938.1000051874416,1955.2150051874419,-121.27500000000325,SL,31
2020-09-03 08:15:00+00:00,2020-09-03 13:15:00+00:00,-1,16.0,1933.200636833403,1940.509636833403,1940.509636833403,1918.5826368334028,-118.06399999999951,SL,20
2020-09-03 13:45:00+00:00,2020-09-03 15:15:00+00:00,1,15.0,1939.722746238813,1931.963746238813,1931.963746238813,1955.240746238813,-117.43500000000022,SL,6
2020-09-03 15:15:00+00:00,2020-09-03 15:30:00+00:00,1,11.0,1935.0753483835028,1924.390348383503,1924.390348383503,1956.445348383503,-118.3049999999994,SL,1
2020-09-03 17:15:00+00:00,2020-09-04 02:00:00+00:00,-1,10.0,1930.048477423935,1941.279477423935,1941.279477423935,1907.586477423935,-113.00999999999995,SL,35
2020-09-04 10:15:00+00:00,2020-09-04 12:30:00+00:00,1,21.0,1938.9432312731744,1933.3372312731744,1933.3372312731744,1950.1552312731744,-119.19599999999988,SL,9
2020-09-04 13:00:00+00:00,2020-09-04 18:30:00+00:00,-1,14.000000000000002,1927.253319991514,1935.451319991514,1935.451319991514,1910.857319991514,-115.75200000000132,SL,22
2020-09-04 19:00:00+00:00,2020-09-07 07:30:00+00:00,1,12.0,1935.9164686373483,1929.6263919902638,1926.5364686373482,1954.6764686373483,-76.32091976501474,TIME,50
2020-09-07 08:15:00+00:00,2020-09-08 00:45:00+00:00,-1,25.0,1932.8167687539003,1926.6503894176628,1937.4397687539004,1923.5707687539002,152.40948340593673,TIME,50
2020-09-08 08:15:00+00:00,2020-09-08 08:45:00+00:00,1,26.0,1929.923191998793,1925.523191998793,1925.523191998793,1938.723191998793,-116.22000000000236,SL,2
2020-09-08 08:45:00+00:00,2020-09-08 09:30:00+00:00,1,24.0,1927.2759275607743,1922.4119275607743,1922.4119275607743,1937.0039275607744,-118.41600000000079,SL,3
2020-09-08 10:00:00+00:00,2020-09-08 13:45:00+00:00,-1,17.0,1919.7310551848204,1906.4790551848205,1926.3570551848204,1906.4790551848205,224.0939999999992,TP,15
2020-09-08 13:45:00+00:00,2020-09-08 14:15:00+00:00,-1,9.0,1909.177622024439,1920.910622024439,1920.910622024439,1885.7116220244388,-106.22699999999952,SL,2
2020-09-16 08:15:00+00:00,2020-09-16 11:30:00+00:00,1,28.999999999999996,1966.9375745195935,1962.8905745195934,1962.8905745195934,1975.0315745195933,-119.39300000000073,SL,13
2020-09-16 11:30:00+00:00,2020-09-16 14:15:00+00:00,1,26.0,1964.5825232891443,1960.1115232891443,1960.1115232891443,1973.5245232891443,-118.06600000000009,SL,11
2020-09-16 19:15:00+00:00,2020-09-17 03:15:00+00:00,-1,12.0,1955.959958213956,1938.107958213956,1964.8859582139562,1938.107958213956,213.38400000000107,TP,32
2020-09-17 10:30:00+00:00,2020-09-17 11:30:00+00:00,-1,23.0,1941.0274973401204,1945.9604973401204,1945.9604973401204,1931.1614973401204,-115.06899999999983,SL,4
2020-09-17 13:30:00+00:00,2020-09-17 14:15:00+00:00,-1,15.0,1937.1703532036213,1944.8963532036214,1944.8963532036214,1921.7183532036213,-116.94000000000169,SL,3
2020-09-17 20:00:00+00:00,2020-09-18 08:30:00+00:00,1,26.0,1948.1086790434022,1954.082808107835,1943.7066790434021,1956.912679043402,153.5073556752547,TIME,50
2020-09-18 08:30:00+00:00,2020-09-18 11:45:00+00:00,1,33.0,1954.1170837934144,1950.6370837934144,1950.6370837934144,1961.0770837934144,-117.1500000000006,SL,13
2020-09-18 12:00:00+00:00,2020-09-18 14:30:00+00:00,-1,30.0,1950.6474850918942,1954.3924850918943,1954.3924850918943,1943.1574850918942,-114.45000000000354,SL,10
2020-09-18 16:45:00+00:00,2020-09-18 18:45:00+00:00,1,17.0,1957.6361891034803,1951.0751891034804,1951.0751891034804,1970.7581891034804,-112.72699999999867,SL,8
2020-09-18 20:00:00+00:00,2020-09-21 01:15:00+00:00,-1,24.0,1950.674140176499,1955.295140176499,1955.295140176499,1941.432140176499,-112.58400000000228,SL,21
2020-09-21 08:15:00+00:00,2020-09-21 08:30:00+00:00,-1,25.0,1946.7332370863496,1937.9652370863496,1951.1172370863496,1937.9652370863496,217.45000000000073,TP,1
2020-09-21 08:30:00+00:00,2020-09-21 09:30:00+00:00,-1,23.0,1943.6632465348855,1933.9232465348855,1948.5332465348856,1933.9232465348855,222.4100000000002,TP,4
2020-09-21 09:30:00+00:00,2020-09-21 12:30:00+00:00,-1,19.0,1934.966768923772,1923.002768923772,1940.948768923772,1923.002768923772,225.98599999999888,TP,12
2020-09-21 12:30:00+00:00,2020-09-21 14:15:00+00:00,-1,15.0,1923.5110149337652,1908.363014933765,1931.0850149337653,1908.363014933765,226.17000000000206,TP,7
2020-09-21 14:15:00+00:00,2020-09-21 14:30:00+00:00,-1,11.0,1910.5850961154263,1889.2790961154262,1921.2380961154263,1889.2790961154262,233.59600000000043,TP,1
2020-09-21 14:45:00+00:00,2020-09-21 16:15:00+00:00,-1,10.0,1894.1236278874221,1905.7666278874221,1905.7666278874221,1870.837627887422,-117.1300000000003,SL,6
2020-09-21 16:15:00+00:00,2020-09-21 19:45:00+00:00,-1,8.0,1903.128464601743,1910.9094872950723,1917.587464601743,1874.2104646017428,-62.808181546634444,SIGNAL_REVERSE,14
2020-09-21 19:45:00+00:00,2020-09-22 06:30:00+00:00,1,14.000000000000002,1910.9089291817672,1902.3209291817673,1902.3209291817673,1928.0849291817674,-121.21199999999953,SL,43
2020-09-22 08:15:00+00:00,2020-09-22 12:30:00+00:00,-1,15.0,1901.3962491580094,1909.1882491580093,1909.1882491580093,1885.8122491580093,-117.92999999999874,SL,17
2020-09-22 13:00:00+00:00,2020-09-22 14:00:00+00:00,1,17.0,1912.3347559564584,1905.5087559564583,1905.5087559564583,1925.9867559564584,-117.23200000000037,SL,4
2020-09-22 14:00:00+00:00,2020-09-22 15:00:00+00:00,1,15.0,1905.6437285895877,1897.7897285895876,1897.7897285895876,1921.3517285895875,-118.86000000000062,SL,4
2020-09-22 16:00:00+00:00,2020-09-23 04:30:00+00:00,-1,11.0,1899.8730769932097,1889.047207979212,1910.3850769932096,1878.8490769932098,118.31455915397349,TIME,50
2020-09-23 08:15:00+00:00,2020-09-23 09:00:00+00:00,-1,12.0,1876.5284392612089,1886.0894392612088,1886.0894392612088,1857.406439261209,-115.57199999999906,SL,3
2020-09-23 09:00:00+00:00,2020-09-23 10:15:00+00:00,-1,11.0,1881.4721091641836,1891.5841091641837,1891.5841091641837,1861.2481091641837,-112.00200000000088,SL,5
2020-09-23 10:45:00+00:00,2020-09-23 11:45:00+00:00,1,12.0,1892.0623472513078,1883.0033472513078,1883.0033472513078,1910.1803472513077,-109.54799999999963,SL,4
2020-09-23 11:45:00+00:00,2020-09-23 12:15:00+00:00,1,14.000000000000002,1888.8106642065081,1880.7506642065082,1880.7506642065082,1904.930664206508,-113.81999999999925,SL,2
2020-09-23 12:15:00+00:00,2020-09-23 14:00:00+00:00,1,14.000000000000002,1883.440509087685,1875.345509087685,1875.345509087685,1899.630509087685,-114.3100000000004,SL,7
2020-09-23 14:15:00+00:00,2020-09-24 02:45:00+00:00,-1,12.0,1871.9967145307514,1859.4321053277176,1881.2347145307515,1853.5207145307515,149.93531043640556,TIME,50
2020-09-24 12:30:00+00:00,2020-09-24 17:15:00+00:00,1,14.000000000000002,1858.29526577765,1873.77726577765,1850.55426577765,1873.77726577765,215.76799999999963,TP,19
2020-09-24 17:15:00+00:00,2020-09-24 18:45:00+00:00,1,11.0,1873.0954945913716,1862.8834945913713,1862.8834945913713,1893.5194945913718,-113.10200000000238,SL,6
2020-09-24 18:45:00+00:00,2020-09-25 07:15:00+00:00,1,12.0,1870.0910155845245,1871.9001380792438,1860.9030155845244,1888.4670155845247,20.86946993663165,TIME,50
2020-09-25 10:15:00+00:00,2020-09-25 18:30:00+00:00,-1,17.0,1864.9723981534464,1865.3191865608733,1871.5763981534465,1851.7643981534463,-7.085402926256566,SIGNAL_REVERSE,33
2020-09-25 18:30:00+00:00,2020-09-28 01:00:00+00:00,1,16.0,1865.3225791031873,1858.1245791031872,1858.1245791031872,1879.7185791031873,-116.28800000000149,SL,26
2020-09-28 08:15:00+00:00,2020-09-28 11:30:00+00:00,-1,23.0,1856.7167338851534,1861.5147338851534,1861.5147338851534,1847.1207338851532,-111.96400000000004,SL,13
2020-09-28 12:15:00+00:00,2020-09-28 17:30:00+00:00,1,14.000000000000002,1864.100612230679,1879.6346122306788,1856.333612230679,1879.6346122306788,216.49599999999833,TP,21
2020-09-28 17:30:00+00:00,2020-09-29 06:00:00+00:00,1,15.0,1878.1888536948088,1878.4722930323849,1870.8848536948087,1892.796853694809,3.2015900636408334,TIME,50
2020-09-29 09:45:00+00:00,2020-09-29 12:30:00+00:00,1,20.0,1884.8502191847076,1879.1102191847076,1879.1102191847076,1896.3302191847076,-116.20000000000019,SL,11
2020-09-29 12:30:00+00:00,2020-09-29 17:15:00+00:00,1,19.0,1884.7181474961858,1896.576147496186,1878.7891474961857,1896.576147496186,223.9720000000033,TP,19
2020-09-29 17:15:00+00:00,2020-09-30 04:15:00+00:00,1,15.0,1894.9906409513706,1887.4986409513706,1887.4986409513706,1909.9746409513705,-113.42999999999942,SL,44
2020-09-30 08:15:00+00:00,2020-09-30 12:30:00+00:00,-1,22.0,1887.7382334761749,1892.820233476175,1892.820233476175,1877.5742334761749,-113.34400000000237,SL,17
2020-09-30 13:00:00+00:00,2020-09-30 13:30:00+00:00,1,17.0,1895.4156607921093,1889.0186607921094,1889.0186607921094,1908.2096607921094,-109.93899999999888,SL,2
2020-09-30 13:30:00+00:00,2020-09-30 13:45:00+00:00,1,16.0,1892.3550106746502,1885.4450106746501,1885.4450106746501,1906.1750106746501,-111.68000000000131,SL,1
2020-09-30 13:45:00+00:00,2020-09-30 15:15:00+00:00,1,15.0,1887.1671227713887,1901.7351227713887,1879.8831227713886,1901.7351227713887,217.46999999999974,TP,6
2020-09-30 15:15:00+00:00,2020-09-30 17:00:00+00:00,1,12.0,1899.7939451149773,1890.7499451149774,1890.7499451149774,1917.8819451149773,-109.36799999999843,SL,7
2020-09-30 17:00:00+00:00,2020-09-30 17:15:00+00:00,1,11.0,1897.8214629076324,1887.7484629076325,1887.7484629076325,1917.9674629076321,-111.57299999999852,SL,1
2020-09-30 20:00:00+00:00,2020-10-01 04:30:00+00:00,-1,15.0,1886.4432803964805,1893.5402803964805,1893.5402803964805,1872.2492803964806,-107.5049999999997,SL,34
2020-10-01 08:15:00+00:00,2020-10-01 12:15:00+00:00,1,28.000000000000004,1896.3739026396183,1904.2699026396185,1892.4259026396182,1904.2699026396185,219.12800000000522,TP,16
2020-10-01 12:15:00+00:00,2020-10-01 15:30:00+00:00,1,20.0,1898.549699559403,1909.6396995594032,1893.004699559403,1909.6396995594032,220.4000000000029,TP,13
2020-10-01 15:30:00+00:00,2020-10-02 00:30:00+00:00,1,12.0,1909.5597609175668,1900.5707609175668,1900.5707609175668,1927.5377609175669,-108.7080000000004,SL,36
2020-10-02 08:15:00+00:00,2020-10-02 13:00:00+00:00,1,13.0,1911.5743554194385,1902.9943554194385,1902.9943554194385,1928.7343554194385,-112.44999999999905,SL,19
2020-10-02 13:30:00+00:00,2020-10-05 02:00:00+00:00,-1,15.0,1903.284405133078,1900.6971517827465,1910.5604051330781,1888.732405133078,37.758800254973906,TIME,50
2020-10-05 08:15:00+00:00,2020-10-05 08:45:00+00:00,-1,26.0,1893.1491422867484,1897.3951422867485,1897.3951422867485,1884.6571422867482,-112.21600000000245,SL,2
2020-10-05 09:30:00+00:00,2020-10-05 13:00:00+00:00,1,24.0,1899.7869548650958,1908.8449548650958,1895.2579548650958,1908.8449548650958,215.71199999999982,TP,14
2020-10-05 13:00:00+00:00,2020-10-05 14:15:00+00:00,1,24.0,1906.8217952700923,1915.875795270092,1902.2947952700924,1915.875795270092,215.61599999999663,TP,5
2020-10-05 14:15:00+00:00,2020-10-06 02:45:00+00:00,1,20.0,1912.1971409228936,1908.704008430294,1906.5631409228936,1923.4651409228934,-71.26264985199342,TIME,50
2020-10-06 08:45:00+00:00,2020-10-06 09:00:00+00:00,-1,28.000000000000004,1907.1629301484036,1911.2659301484036,1911.2659301484036,1898.9569301484037,-116.84400000000184,SL,1
2020-10-06 11:00:00+00:00,2020-10-06 15:15:00+00:00,1,26.0,1913.1392273403428,1908.837227340343,1908.837227340343,1921.7432273403429,-113.67199999999758,SL,17
2020-10-06 16:00:00+00:00,2020-10-06 20:00:00+00:00,-1,13.0,1902.0832386170082,1885.1752386170085,1910.5372386170081,1885.1752386170085,218.89399999999577,TP,16
2020-10-06 20:00:00+00:00,2020-10-07 07:00:00+00:00,-1,13.0,1887.9836530797506,1896.1796530797508,1896.1796530797508,1871.5916530797506,-107.45800000000182,SL,44
2020-10-07 08:15:00+00:00,2020-10-07 09:00:00+00:00,1,23.0,1893.0336028188624,1888.2436028188624,1888.2436028188624,1902.6136028188623,-111.77999999999916,SL,3
2020-10-07 09:00:00+00:00,2020-10-07 11:00:00+00:00,1,22.0,1890.068203972036,1884.898203972036,1884.898203972036,1900.4082039720358,-115.2799999999966,SL,8
2020-10-14 18:00:00+00:00,2020-10-15 06:30:00+00:00,-1,18.0,1902.6313924131348,1899.135552704095,1908.7663924131348,1890.3613924131348,61.66511476271511,TIME,50
2020-10-15 08:15:00+00:00,2020-10-15 08:30:00+00:00,1,22.0,1901.4685736962351,1896.4175736962352,1896.4175736962352,1911.570573696235,-112.66199999999849,SL,1
2020-10-15 09:30:00+00:00,2020-10-15 13:00:00+00:00,-1,19.0,1891.8223519282267,1897.7103519282266,1897.7103519282266,1880.0463519282266,-113.20199999999848,SL,14
2020-10-15 13:30:00+00:00,2020-10-15 13:45:00+00:00,-1,14.000000000000002,1892.7388951493265,1900.6968951493266,1900.6968951493266,1876.8228951493265,-112.39200000000119,SL,1
2020-10-15 15:30:00+00:00,2020-10-16 04:00:00+00:00,1,12.0,1904.5770539029768,1905.9161163454694,1896.0010539029768,1921.7290539029768,15.228749309911255,TIME,50
2020-10-16 08:30:00+00:00,2020-10-16 12:45:00+00:00,1,28.000000000000004,1909.6842966662093,1905.7692966662091,1905.7692966662091,1917.5142966662095,-111.58000000000536,SL,17
2020-10-16 15:00:00+00:00,2020-10-19 03:30:00+00:00,-1,16.0,1902.1440016894283,1900.716074029563,1908.8210016894282,1888.7900016894284,21.726842557843046,TIME,50
2020-10-19 08:15:00+00:00,2020-10-19 12:00:00+00:00,1,30.0,1908.8961532643814,1916.0401532643814,1905.3241532643813,1916.0401532643814,212.22000000000017,TP,15
2020-10-19 12:00:00+00:00,2020-10-19 13:30:00+00:00,1,27.0,1912.3311956925631,1908.2531956925632,1908.2531956925632,1920.487195692563,-111.99599999999931,SL,6
2020-10-19 14:15:00+00:00,2020-10-20 02:45:00+00:00,-1,20.0,1905.4337803103579,1899.6035238231793,1910.9617803103579,1894.3777803103578,115.20512974357061,TIME,50
2020-10-20 09:30:00+00:00,2020-10-20 12:00:00+00:00,1,24.0,1906.5425427151495,1902.0105427151495,1902.0105427151495,1915.6065427151493,-110.44799999999822,SL,10
2020-10-20 12:00:00+00:00,2020-10-20 12:15:00+00:00,1,27.0,1905.2431980885824,1901.2041980885824,1901.2041980885824,1913.3211980885822,-110.94299999999966,SL,1
2020-10-20 14:15:00+00:00,2020-10-20 14:45:00+00:00,-1,20.0,1901.839739394731,1907.262739394731,1907.262739394731,1890.993739394731,-109.86000000000004,SL,2
2020-10-20 15:45:00+00:00,2020-10-20 21:15:00+00:00,1,16.0,1911.2549667721153,1907.9745582489704,1904.6949667721153,1924.3749667721154,-53.60653637031748,SIGNAL_REVERSE,22
2020-10-20 21:15:00+00:00,2020-10-20 23:00:00+00:00,-1,28.999999999999996,1907.970987350358,1911.6489873503579,1911.6489873503579,1900.614987350358,-108.69199999999661,SL,7
2020-10-21 08:15:00+00:00,2020-10-21 08:30:00+00:00,1,25.0,1922.3282393666893,1918.1292393666895,1918.1292393666895,1930.7262393666892,-106.72499999999604,SL,1
2020-10-21 13:00:00+00:00,2020-10-22 00:00:00+00:00,1,21.0,1924.8644864549872,1919.8164864549872,1919.8164864549872,1934.9604864549872,-107.47800000000004,SL,44
2020-10-22 08:15:00+00:00,2020-10-22 11:30:00+00:00,1,36.0,1918.1507686095852,1915.2057686095852,1915.2057686095852,1924.0407686095853,-108.5399999999977,SL,13
2020-10-22 12:00:00+00:00,2020-10-22 12:15:00+00:00,-1,25.0,1914.1969380903454,1905.8789380903454,1918.3559380903455,1905.8789380903454,206.1999999999996,TP,1
2020-10-22 12:15:00+00:00,2020-10-22 14:15:00+00:00,-1,25.0,1905.0432965880632,1896.625296588063,1909.2522965880632,1896.625296588063,208.700000000003,TP,8
2020-10-22 14:15:00+00:00,2020-10-22 19:45:00+00:00,-1,16.0,1902.765213658561,1904.4299863954689,1909.438213658561,1889.419213658561,-27.756363790526958,SIGNAL_REVERSE,22
2020-10-22 19:45:00+00:00,2020-10-23 08:15:00+00:00,1,26.0,1904.429936720763,1909.2852911527143,1900.354936720763,1912.579936720763,124.41921523073523,TIME,50
2020-10-23 08:15:00+00:00,2020-10-23 13:30:00+00:00,1,35.0,1909.3288073236122,1906.2288073236123,1906.2288073236123,1915.528807323612,-110.94999999999682,SL,21
2020-10-23 14:15:00+00:00,2020-10-23 14:45:00+00:00,-1,19.0,1905.6710247497545,1894.3430247497542,1911.3350247497544,1894.3430247497542,213.90200000000382,TP,2
2020-10-23 14:45:00+00:00,2020-10-23 20:15:00+00:00,-1,17.0,1899.709152472972,1903.0062805261057,1905.997152472972,1887.133152472972,-57.2411769032737,SIGNAL_REVERSE,22
2020-10-23 20:15:00+00:00,2020-10-25 22:15:00+00:00,1,30.0,1903.0082108562642,1899.3982108562643,1899.3982108562643,1910.2282108562642,-110.399999999997,SL,8
2020-10-26 09:30:00+00:00,2020-10-26 20:30:00+00:00,1,25.0,1899.9069320832245,1901.673967165209,1895.5519320832245,1908.6169320832246,42.42587704961079,SIGNAL_REVERSE,44
2020-10-26 20:30:00+00:00,2020-10-27 00:45:00+00:00,-1,32.0,1901.6663385539366,1905.0373385539365,1905.0373385539365,1894.9243385539366,-110.11199999999575,SL,17
2020-10-27 08:15:00+00:00,2020-10-27 12:45:00+00:00,-1,32.0,1901.7791066883385,1905.1181066883385,1905.1181066883385,1895.1011066883384,-109.08799999999813,SL,18
2020-10-27 13:30:00+00:00,2020-10-28 02:00:00+00:00,1,24.0,1904.2685867279154,1906.6309133062264,1899.8695867279152,1913.0665867279154,55.01583787946431,TIME,50
2020-10-28 08:45:00+00:00,2020-10-28 10:15:00+00:00,-1,32.0,1903.800684809963,1897.114684809963,1907.1436848099631,1897.114684809963,211.71200000000476,TP,6
2020-10-28 10:15:00+00:00,2020-10-28 11:15:00+00:00,-1,26.0,1900.5286685081785,1892.3086685081785,1904.6386685081784,1892.3086685081785,211.90000000000072,TP,4
2020-10-28 11:15:00+00:00,2020-10-28 12:00:00+00:00,-1,25.0,1894.8857323060852,1886.1837323060852,1899.236732306085,1886.1837323060852,215.79999999999995,TP,3
2020-10-28 12:00:00+00:00,2020-10-28 12:30:00+00:00,-1,22.0,1891.4956722038032,1881.6536722038034,1896.4166722038033,1881.6536722038034,214.98399999999717,TP,2
2020-10-28 12:30:00+00:00,2020-10-28 14:45:00+00:00,-1,18.0,1883.8610850802047,1871.7250850802047,1889.9290850802047,1871.7250850802047,217.18799999999942,TP,9
2020-10-28 14:45:00+00:00,2020-10-29 03:15:00+00:00,-1,12.0,1876.641707375404,1879.589510465002,1885.507707375404,1858.909707375404,-36.2136370751758,TIME,50
2020-11-19 18:30:00+00:00,2020-11-20 07:00:00+00:00,1,21.0,1862.8506793423044,1867.1203818208855,1857.3846793423045,1873.7826793423042,88.1937520502045,TIME,50
2020-11-20 14:30:00+00:00,2020-11-20 16:30:00+00:00,1,24.0,1877.5815875340982,1872.7325875340982,1872.7325875340982,1887.2795875340983,-118.05599999999839,SL,8
2020-11-20 16:30:00+00:00,2020-11-23 05:00:00+00:00,1,20.0,1874.0205439902338,1873.621792844533,1868.2055439902338,1885.650543990234,-9.375022914015426,TIME,50
2020-11-23 09:15:00+00:00,2020-11-23 13:15:00+00:00,-1,32.0,1869.9615426919422,1862.8055426919423,1873.5395426919422,1862.8055426919423,226.75199999999836,TP,16
2020-11-23 13:15:00+00:00,2020-11-23 14:45:00+00:00,-1,21.0,1865.6212140721243,1854.7132140721244,1871.0752140721243,1854.7132140721244,227.59799999999794,TP,6
2020-11-23 15:15:00+00:00,2020-11-24 03:45:00+00:00,-1,13.0,1837.3540536023172,1824.876660626324,1845.947053602317,1820.1680536023173,161.29610868791028,TIME,50
2020-11-24 10:45:00+00:00,2020-11-24 13:15:00+00:00,-1,18.0,1817.7177688619784,1805.0237688619784,1824.0647688619783,1805.0237688619784,227.2319999999993,TP,10
2020-11-24 13:15:00+00:00,2020-11-24 21:00:00+00:00,-1,15.0,1806.8911090328847,1807.4671453897258,1814.4331090328847,1791.8071090328847,-9.6905453526163,SIGNAL_REVERSE,31
2020-11-24 21:00:00+00:00,2020-11-25 03:15:00+00:00,1,34.0,1807.4706267241058,1803.9416267241058,1803.9416267241058,1814.5286267241058,-122.36599999999987,SL,25
2020-11-25 08:15:00+00:00,2020-11-25 10:30:00+00:00,1,28.000000000000004,1812.5625553954249,1808.3615553954248,1808.3615553954248,1820.9645553954247,-119.58800000000062,SL,9
2020-11-25 10:30:00+00:00,2020-11-25 18:00:00+00:00,1,24.0,1808.5175742236236,1808.5567321011806,1803.5515742236237,1818.4495742236234,-0.7402109386309166,SIGNAL_REVERSE,30
2020-11-25 18:00:00+00:00,2020-11-26 06:30:00+00:00,-1,22.0,1808.5557249514036,1810.1209739452906,1813.9127249514036,1797.8417249514036,-35.97547786551517,TIME,50
2020-11-26 08:15:00+00:00,2020-11-26 09:15:00+00:00,1,34.0,1816.74168947659,1813.31868947659,1813.31868947659,1823.58768947659,-118.76200000000006,SL,4
2020-11-26 09:15:00+00:00,2020-11-26 14:30:00+00:00,1,28.999999999999996,1814.8155257599033,1810.8045257599033,1810.8045257599033,1822.8375257599034,-118.34899999999904,SL,21
2020-11-26 15:00:00+00:00,2020-11-26 16:30:00+00:00,-1,30.0,1807.5655448010896,1811.4055448010895,1811.4055448010895,1799.8855448010895,-117.29999999999754,SL,6
2020-11-26 16:30:00+00:00,2020-11-27 01:00:00+00:00,-1,31.0,1809.7710751526572,1813.4560751526571,1813.4560751526571,1802.4010751526573,-116.40499999999831,SL,18
2020-11-27 11:45:00+00:00,2020-11-27 13:00:00+00:00,-1,31.0,1805.6557609959946,1798.3117609959945,1809.3277609959946,1798.3117609959945,225.4940000000016,TP,5
2020-11-27 13:00:00+00:00,2020-11-27 13:15:00+00:00,-1,23.0,1806.6692102247525,1796.7892102247524,1811.6092102247526,1796.7892102247524,225.6300000000025,TP,1
2020-11-27 13:15:00+00:00,2020-11-27 13:30:00+00:00,-1,21.0,1793.6549538120116,1782.9249538120116,1799.0199538120116,1782.9249538120116,223.86000000000038,TP,1
2020-11-27 13:30:00+00:00,2020-11-27 13:45:00+00:00,-1,18.0,1794.0246145800065,1781.0066145800065,1800.5336145800065,1781.0066145800065,233.06400000000053,TP,1
2020-11-27 13:45:00+00:00,2020-11-29 23:00:00+00:00,-1,16.0,1782.088195811943,1789.373195811943,1789.373195811943,1767.5181958119429,-117.68000000000131,SL,24
2020-11-30 08:15:00+00:00,2020-11-30 09:00:00+00:00,1,20.0,1780.1506266801384,1774.1716266801384,1774.1716266801384,1792.1086266801385,-120.98000000000084,SL,3
2020-11-30 09:00:00+00:00,2020-11-30 10:45:00+00:00,1,19.0,1775.855265324372,1769.539265324372,1769.539265324372,1788.4872653243724,-121.33400000000059,SL,7
2020-11-30 11:15:00+00:00,2020-11-30 14:15:00+00:00,-1,17.0,1769.4975654003877,1776.3755654003876,1776.3755654003876,1755.7415654003876,-118.11599999999879,SL,12
2020-11-30 14:15:00+00:00,2020-11-30 16:15:00+00:00,-1,16.0,1771.4564785466291,1778.722478546629,1778.722478546629,1756.9244785466292,-117.37599999999759,SL,8
2020-11-30 16:45:00+00:00,2020-12-01 05:15:00+00:00,1,13.0,1780.6299641748244,1784.5703424255962,1771.6439641748245,1798.6019641748244,50.31491726003341,TIME,50
2020-12-01 08:15:00+00:00,2020-12-01 11:00:00+00:00,1,27.0,1792.2750547310884,1800.8150547310881,1788.0050547310884,1800.8150547310881,228.6899999999929,TP,11
2020-12-01 11:00:00+00:00,2020-12-01 13:00:00+00:00,1,21.0,1799.212866497125,1810.1728664971251,1793.732866497125,1810.1728664971251,228.69000000000077,TP,8
2020-12-01 13:00:00+00:00,2020-12-02 01:30:00+00:00,1,20.0,1808.2783071606675,1812.346212363802,1802.2663071606676,1820.3023071606676,79.95810406268774,TIME,50
2020-12-02 08:15:00+00:00,2020-12-02 08:30:00+00:00,1,32.0,1814.0687306058755,1821.6087306058755,1810.2987306058756,1821.6087306058755,239.03999999999883,TP,1
2020-12-02 08:30:00+00:00,2020-12-02 08:45:00+00:00,1,27.0,1817.1606507791066,1826.1166507791065,1812.6826507791066,1826.1166507791065,239.9219999999974,TP,1
2020-12-02 08:45:00+00:00,2020-12-02 12:45:00+00:00,1,26.0,1824.107703417882,1819.445703417882,1819.445703417882,1833.431703417882,-123.03200000000089,SL,16
2020-12-02 12:45:00+00:00,2020-12-02 13:45:00+00:00,1,19.0,1819.526605883126,1813.058605883126,1813.058605883126,1832.4626058831261,-124.22200000000142,SL,4
2020-12-02 14:15:00+00:00,2020-12-02 15:30:00+00:00,-1,17.0,1819.307250920966,1826.576250920966,1826.576250920966,1804.769250920966,-124.76300000000009,SL,5
2020-12-02 17:00:00+00:00,2020-12-03 05:30:00+00:00,1,16.0,1826.7899659047885,1834.2996351207623,1819.3689659047884,1841.6319659047883,119.03470745558195,TIME,50
2020-12-03 08:15:00+00:00,2020-12-03 09:30:00+00:00,1,24.0,1840.544654159535,1835.454654159535,1835.454654159535,1850.7246541595348,-123.83999999999804,SL,5
2020-12-03 09:30:00+00:00,2020-12-03 14:45:00+00:00,1,22.0,1837.0946357991222,1831.6236357991222,1831.6236357991222,1848.0366357991222,-121.90200000000009,SL,21
2020-12-03 15:15:00+00:00,2020-12-03 19:45:00+00:00,-1,16.0,1834.5664435787828,1839.9768760929278,1842.1424435787828,1819.4144435787828,-87.68692022631978,SIGNAL_REVERSE,18
2020-12-03 19:45:00+00:00,2020-12-04 08:15:00+00:00,1,20.0,1839.980942726943,1842.4762185257534,1833.908942726943,1852.1249427269433,48.50551597620652,TIME,50
2020-12-04 11:30:00+00:00,2020-12-04 13:00:00+00:00,-1,27.0,1838.8712553606356,1843.3282553606357,1843.3282553606357,1829.9572553606356,-122.2290000000029,SL,6
2020-12-04 15:45:00+00:00,2020-12-07 04:15:00+00:00,-1,14.000000000000002,1834.9339889383407,1839.3731096290223,1843.3359889383407,1818.1299889383406,-63.127689669543074,TIME,50
2020-12-07 08:45:00+00:00,2020-12-07 10:15:00+00:00,-1,24.0,1828.7701823644863,1833.7531823644863,1833.7531823644863,1818.8041823644865,-121.27199999999874,SL,6
2020-12-07 10:15:00+00:00,2020-12-07 13:30:00+00:00,-1,20.0,1832.5293560731964,1838.3013560731963,1838.3013560731963,1820.9853560731965,-116.8399999999987,SL,13
2020-12-07 14:00:00+00:00,2020-12-07 14:45:00+00:00,1,21.0,1839.3548214429632,1850.3428214429632,1833.8608214429632,1850.3428214429632,229.27800000000119,TP,3
2020-12-07 14:45:00+00:00,2020-12-07 15:00:00+00:00,1,17.0,1845.871072114305,1859.369072114305,1839.122072114305,1859.369072114305,228.2760000000008,TP,1
2020-12-07 15:15:00+00:00,2020-12-08 03:45:00+00:00,1,16.0,1862.3592497938566,1868.1213001563215,1855.0512497938566,1876.9752497938566,91.07280579943733,TIME,50
2020-12-08 08:30:00+00:00,2020-12-08 13:45:00+00:00,-1,24.0,1865.7208238070734,1870.6958238070733,1870.6958238070733,1855.7708238070734,-121.07999999999782,SL,21
2020-12-08 14:30:00+00:00,2020-12-08 15:00:00+00:00,1,18.0,1871.0861839908318,1864.4981839908319,1864.4981839908319,1884.262183990832,-119.84399999999938,SL,2
2020-12-08 15:00:00+00:00,2020-12-09 03:15:00+00:00,1,16.0,1870.2229475055842,1862.6299475055841,1862.6299475055841,1885.4089475055844,-122.6080000000012,SL,49
2020-12-09 08:15:00+00:00,2020-12-09 08:45:00+00:00,-1,23.0,1859.796622831418,1864.963622831418,1864.963622831418,1849.4626228314182,-120.45099999999807,SL,2
2020-12-09 12:00:00+00:00,2020-12-09 13:00:00+00:00,-1,17.0,1853.742156028654,1860.5551560286542,1860.5551560286542,1840.116156028654,-117.01100000000173,SL,4
2020-12-09 13:00:00+00:00,2020-12-09 13:45:00+00:00,-1,17.0,1856.9219620338158,1863.9389620338159,1863.9389620338159,1842.8879620338157,-120.4790000000009,SL,3
2020-12-09 14:45:00+00:00,2020-12-09 18:15:00+00:00,-1,13.0,1853.9662566574366,1836.9202566574365,1862.4892566574367,1836.9202566574365,220.68800000000064,TP,14
2020-12-09 18:15:00+00:00,2020-12-10 06:45:00+00:00,-1,12.0,1838.4347602964447,1837.1802045744378,1847.7327602964447,1819.8387602964447,14.214668664082783,TIME,50
2020-12-10 08:15:00+00:00,2020-12-10 13:30:00+00:00,-1,25.0,1837.1403632428533,1841.9153632428533,1841.9153632428533,1827.5903632428533,-121.12500000000227,SL,21
2020-12-10 13:30:00+00:00,2020-12-10 16:15:00+00:00,1,17.0,1838.8919012676959,1832.1269012676958,1832.1269012676958,1852.4219012676958,-116.1950000000017,SL,11
2020-12-10 18:00:00+00:00,2020-12-11 00:00:00+00:00,-1,14.000000000000002,1830.6333660829985,1838.9123660829985,1838.9123660829985,1814.0753660829985,-116.88599999999997,SL,24
2020-12-11 08:45:00+00:00,2020-12-11 09:15:00+00:00,-1,31.0,1832.608316692592,1836.329316692592,1836.329316692592,1825.166316692592,-117.52100000000011,SL,2
2020-12-11 09:15:00+00:00,2020-12-11 10:00:00+00:00,-1,26.0,1833.9212326599213,1838.2602326599213,1838.2602326599213,1825.2432326599214,-114.63399999999848,SL,3
2020-12-11 11:15:00+00:00,2020-12-11 13:00:00+00:00,-1,20.0,1830.2388128522182,1835.8388128522183,1835.8388128522183,1819.0388128522181,-113.40000000000273,SL,7
2020-12-11 14:15:00+00:00,2020-12-14 02:45:00+00:00,1,16.0,1840.445400950099,1837.210382728028,1833.3524009500989,1854.631400950099,-52.88029155313517,TIME,50
2020-12-21 20:30:00+00:00,2020-12-22 01:30:00+00:00,-1,20.0,1876.74977749106,1882.33777749106,1882.33777749106,1865.5737774910601,-113.15999999999931,SL,20
2020-12-22 08:15:00+00:00,2020-12-22 12:30:00+00:00,-1,20.0,1869.7028567359714,1875.2158567359713,1875.2158567359713,1858.6768567359713,-111.6599999999984,SL,17
2020-12-22 12:45:00+00:00,2020-12-22 15:45:00+00:00,1,22.0,1874.8363962365418,1869.818396236542,1869.818396236542,1884.8723962365416,-111.93599999999564,SL,12
2020-12-22 21:00:00+00:00,2020-12-23 01:00:00+00:00,-1,21.0,1861.2131152569698,1866.3851152569698,1866.3851152569698,1850.8691152569697,-110.08200000000053,SL,16
2020-12-23 08:30:00+00:00,2020-12-23 10:45:00+00:00,1,28.999999999999996,1868.3784414107806,1864.6544414107807,1864.6544414107807,1875.8264414107807,-110.02599999999804,SL,9
2020-12-23 12:30:00+00:00,2020-12-23 13:30:00+00:00,-1,20.0,1860.5240318985068,1865.8030318985068,1865.8030318985068,1849.9660318985066,-106.97999999999993,SL,4
2020-12-23 13:30:00+00:00,2020-12-23 14:30:00+00:00,-1,19.0,1865.0355268020426,1870.6675268020426,1870.6675268020426,1853.7715268020424,-108.33800000000117,SL,4
2020-12-23 15:00:00+00:00,2020-12-24 03:30:00+00:00,1,14.000000000000002,1876.519049940615,1875.5169103039748,1869.2660499406152,1891.0250499406152,-15.009954912964515,TIME,50
2020-12-24 08:30:00+00:00,2020-12-24 10:15:00+00:00,1,33.0,1879.594744171231,1876.335744171231,1876.335744171231,1886.112744171231,-109.85700000000048,SL,7
2020-12-24 12:30:00+00:00,2020-12-24 15:00:00+00:00,-1,21.0,1874.1241926472,1879.2051926472,1879.2051926472,1863.9621926472003,-108.17099999999797,SL,10
2020-12-24 16:30:00+00:00,2020-12-27 23:00:00+00:00,1,22.0,1878.9615166946794,1888.5075166946795,1874.1885166946795,1888.5075166946795,208.4720000000011,TP,13
2020-12-27 23:00:00+00:00,2020-12-28 01:00:00+00:00,1,23.0,1882.4037140908677,1891.2897140908676,1877.9607140908677,1891.2897140908676,202.76799999999923,TP,8
2020-12-28 08:15:00+00:00,2020-12-28 11:45:00+00:00,-1,19.0,1883.4286576556603,1872.4346576556604,1888.9256576556604,1872.4346576556604,207.55599999999836,TP,14
2020-12-28 11:45:00+00:00,2020-12-28 13:00:00+00:00,-1,19.0,1873.7607097387863,1879.4437097387863,1879.4437097387863,1862.3947097387863,-109.30699999999986,SL,5
2020-12-28 13:00:00+00:00,2020-12-28 13:15:00+00:00,-1,19.0,1876.4306892364236,1882.1946892364238,1882.1946892364238,1864.9026892364236,-110.84600000000235,SL,1
2020-12-28 13:15:00+00:00,2020-12-28 13:30:00+00:00,-1,18.0,1879.5646410111397,1885.6466410111398,1885.6466410111398,1867.4006410111397,-110.73600000000194,SL,1
2020-12-28 13:30:00+00:00,2020-12-28 14:00:00+00:00,-1,16.0,1882.4596539924871,1888.9196539924872,1888.9196539924872,1869.539653992487,-104.48000000000059,SL,2
2020-12-28 14:30:00+00:00,2020-12-28 15:45:00+00:00,1,15.0,1889.744935429968,1882.6189354299681,1882.6189354299681,1903.996935429968,-107.93999999999964,SL,5
2020-12-28 16:15:00+00:00,2020-12-28 18:00:00+00:00,1,12.0,1881.6445870752598,1876.5145960077114,1873.1825870752598,1898.5685870752598,-62.39989281058101,SIGNAL_REVERSE,7
2020-12-28 18:00:00+00:00,2020-12-29 06:30:00+00:00,-1,13.0,1876.5079420299635,1878.4380176486673,1884.3299420299636,1860.8639420299635,-26.00098304314898,TIME,50
2020-12-29 08:30:00+00:00,2020-12-29 08:45:00+00:00,1,25.0,1882.2740298915342,1878.1930298915343,1878.1930298915343,1890.4360298915342,-103.77499999999759,SL,1
2020-12-29 08:45:00+00:00,2020-12-29 09:00:00+00:00,1,24.0,1881.7054511474573,1877.4484511474573,1877.4484511474573,1890.2194511474572,-103.84800000000149,SL,1
2020-12-29 10:00:00+00:00,2020-12-29 10:30:00+00:00,1,22.0,1881.9643587410203,1877.2873587410204,1877.2873587410204,1891.3183587410201,-104.43399999999797,SL,2
2020-12-30 08:15:00+00:00,2020-12-30 13:15:00+00:00,-1,31.0,1879.976625242562,1883.281625242562,1883.281625242562,1873.366625242562,-104.62500000000198,SL,20
2020-12-30 14:00:00+00:00,2020-12-30 20:45:00+00:00,1,23.0,1883.4061750438227,1892.1121750438226,1879.0531750438226,1892.1121750438226,198.62799999999777,TP,27
2020-12-30 20:45:00+00:00,2020-12-31 01:00:00+00:00,1,32.0,1891.7755982433732,1898.0935982433732,1888.6165982433733,1898.0935982433732,199.93599999999947,TP,17
2020-12-31 09:15:00+00:00,2020-12-31 18:30:00+00:00,1,21.0,1893.9933470766434,1891.7134424232902,1889.0913470766434,1903.7973470766435,-49.34799772041808,SIGNAL_REVERSE,37
2020-12-31 18:30:00+00:00,2020-12-31 20:00:00+00:00,-1,18.0,1891.7096510184701,1897.47565101847,1897.47565101847,1880.1776510184702,-105.04799999999729,SL,6
2020-12-31 21:00:00+00:00,2021-01-03 23:00:00+00:00,1,25.0,1900.664157448579,1908.764157448579,1896.6141574485791,1908.764157448579,200.74999999999773,TP,8
2021-01-04 08:15:00+00:00,2021-01-04 13:15:00+00:00,1,21.0,1927.7706744811355,1937.4566744811355,1922.9276744811355,1937.4566744811355,201.93599999999836,TP,20
2021-01-04 13:15:00+00:00,2021-01-04 23:15:00+00:00,1,19.0,1933.9889723330148,1945.0849723330148,1928.4409723330148,1945.0849723330148,209.49400000000006,TP,40
2021-01-05 09:15:00+00:00,2021-01-05 21:45:00+00:00,1,20.0,1942.9294501605486,1949.414368828293,1937.6904501605486,1953.4074501605487,128.2983733548859,TIME,50
2021-01-06 08:30:00+00:00,2021-01-06 12:00:00+00:00,1,17.0,1950.4846875232138,1944.3556875232136,1944.3556875232136,1962.7426875232138,-105.38300000000226,SL,14
2021-01-13 16:00:00+00:00,2021-01-13 20:00:00+00:00,1,15.0,1858.098106541851,1853.4831063650831,1851.050106541851,1872.194106541851,-70.27500265151711,SIGNAL_REVERSE,16
2021-01-13 20:00:00+00:00,2021-01-13 21:45:00+00:00,-1,24.0,1853.4821395269814,1844.7261395269816,1857.8601395269814,1844.7261395269816,208.4639999999966,TP,7
2021-01-14 14:45:00+00:00,2021-01-15 03:15:00+00:00,1,15.0,1847.544643731949,1851.624057139465,1840.243643731949,1862.146643731949,60.141201112741285,TIME,50
2021-01-15 10:00:00+00:00,2021-01-15 11:45:00+00:00,1,21.0,1855.203673030405,1850.126673030405,1850.126673030405,1865.3576730304053,-108.08699999999996,SL,7
2021-01-15 12:45:00+00:00,2021-01-15 13:45:00+00:00,-1,21.0,1847.0379215610558,1836.9799215610558,1852.0669215610558,1836.9799215610558,209.74799999999985,TP,4
2021-01-15 13:45:00+00:00,2021-01-15 15:15:00+00:00,-1,18.0,1842.8466998082083,1830.8906998082082,1848.8246998082084,1830.8906998082082,213.94800000000237,TP,6
2021-01-15 15:30:00+00:00,2021-01-17 23:30:00+00:00,-1,13.0,1833.0452410245962,1815.8192410245963,1841.6582410245962,1815.8192410245963,223.0279999999985,TP,32
2021-01-18 08:15:00+00:00,2021-01-19 00:45:00+00:00,1,21.0,1833.9934215465553,1838.955566176487,1828.6864215465553,1844.6074215465553,102.73503722856779,TIME,50
2021-01-19 08:30:00+00:00,2021-01-19 12:15:00+00:00,1,25.0,1843.806269352568,1839.298269352568,1839.298269352568,1852.822269352568,-114.45000000000095,SL,15
2021-01-19 13:15:00+00:00,2021-01-19 13:45:00+00:00,-1,26.0,1835.5670421143482,1839.9480421143483,1839.9480421143483,1826.8050421143482,-115.72600000000222,SL,2
2021-01-19 13:45:00+00:00,2021-01-19 14:15:00+00:00,-1,25.0,1838.079543243059,1842.647543243059,1842.647543243059,1828.9435432430591,-115.94999999999959,SL,2
2021-01-19 14:15:00+00:00,2021-01-20 01:00:00+00:00,-1,23.0,1840.6495650440493,1845.5165650440492,1845.5165650440492,1830.9155650440493,-113.55099999999912,SL,43
2021-01-20 08:15:00+00:00,2021-01-20 11:30:00+00:00,1,32.0,1854.5039892157633,1851.0739892157633,1851.0739892157633,1861.3639892157635,-112.00000000000203,SL,13
2021-01-20 12:00:00+00:00,2021-01-20 13:00:00+00:00,-1,28.000000000000004,1848.5552819618133,1840.6892819618133,1852.4882819618133,1840.6892819618133,218.2879999999996,TP,4
2021-01-20 13:30:00+00:00,2021-01-20 13:45:00+00:00,-1,17.0,1840.9679516167694,1847.5819516167694,1847.5819516167694,1827.7399516167695,-113.62800000000055,SL,1
2021-01-20 13:45:00+00:00,2021-01-20 14:00:00+00:00,-1,16.0,1845.7201706161052,1852.608170616105,1852.608170616105,1831.9441706161053,-111.32799999999872,SL,1
2021-01-20 14:00:00+00:00,2021-01-20 14:15:00+00:00,-1,15.0,1848.870435961421,1856.147435961421,1856.147435961421,1834.3164359614211,-110.20500000000065,SL,1
2021-01-20 14:15:00+00:00,2021-01-20 14:30:00+00:00,-1,14.000000000000002,1853.8511365854276,1861.6921365854275,1861.6921365854275,1838.1691365854276,-110.75399999999854,SL,1
2021-01-20 15:45:00+00:00,2021-01-21 04:15:00+00:00,1,10.0,1867.3086159902957,1871.051084931583,1856.724615990296,1888.4766159902956,36.7246894128737,TIME,50
2021-01-21 14:00:00+00:00,2021-01-21 14:15:00+00:00,-1,17.0,1860.9241024676473,1867.2181024676474,1867.2181024676474,1848.3361024676474,-108.18800000000164,SL,1
2021-01-21 14:15:00+00:00,2021-01-21 19:30:00+00:00,-1,16.0,1864.1642256391474,1868.3427986984389,1870.7112256391474,1851.0702256391473,-67.97716894866346,SIGNAL_REVERSE,21
2021-01-21 19:30:00+00:00,2021-01-22 01:00:00+00:00,1,23.0,1868.3394607289292,1863.6804607289291,1863.6804607289291,1877.6574607289294,-108.76700000000243,SL,22
2021-01-22 08:15:00+00:00,2021-01-22 10:30:00+00:00,-1,28.000000000000004,1861.4756931551144,1853.9896931551143,1865.2186931551146,1853.9896931551143,207.64800000000292,TP,9
2021-01-22 10:30:00+00:00,2021-01-22 11:15:00+00:00,-1,21.0,1855.2788777899138,1845.4748777899138,1860.180877789914,1845.4748777899138,204.41400000000183,TP,3
2021-01-22 11:15:00+00:00,2021-01-22 13:00:00+00:00,-1,20.0,1850.9646482401781,1840.544648240178,1856.1746482401782,1840.544648240178,207.00000000000145,TP,7
2021-01-22 13:00:00+00:00,2021-01-22 14:45:00+00:00,-1,17.0,1843.2534247665867,1849.7504247665865,1849.7504247665865,1830.2594247665868,-111.63899999999734,SL,7
2021-01-22 14:45:00+00:00,2021-01-22 15:00:00+00:00,-1,13.0,1843.7929418020697,1852.0079418020696,1852.0079418020696,1827.3629418020698,-107.70499999999893,SL,1
2021-01-22 15:00:00+00:00,2021-01-22 16:45:00+00:00,-1,13.0,1850.445242639756,1853.3671870422615,1858.873242639756,1833.589242639756,-38.895277232570976,SIGNAL_REVERSE,7
2021-01-22 16:45:00+00:00,2021-01-25 05:15:00+00:00,1,12.0,1853.370157556763,1855.3256382306834,1844.8361575567628,1870.438157556763,22.625768087045035,TIME,50
2021-01-25 08:15:00+00:00,2021-01-25 09:30:00+00:00,-1,31.0,1852.2052280727007,1855.7322280727008,1855.7322280727008,1845.1512280727006,-111.50700000000136,SL,5
2021-01-25 10:45:00+00:00,2021-01-25 13:15:00+00:00,1,24.0,1858.6173636043538,1867.603363604354,1854.1243636043537,1867.603363604354,213.98400000000248,TP,10
2021-01-25 13:15:00+00:00,2021-01-25 14:45:00+00:00,1,20.0,1865.0154911764375,1859.6864911764376,1859.6864911764376,1875.6734911764374,-107.97999999999902,SL,6
2021-01-25 14:45:00+00:00,2021-01-25 15:00:00+00:00,1,16.0,1863.9065360183256,1857.2315360183256,1857.2315360183256,1877.2565360183255,-107.91999999999928,SL,1
2021-01-25 15:30:00+00:00,2021-01-26 03:00:00+00:00,-1,14.000000000000002,1853.694366715213,1861.097366715213,1861.097366715213,1838.888366715213,-104.6220000000003,SL,46
2021-01-26 08:15:00+00:00,2021-01-26 13:30:00+00:00,-1,26.0,1854.203048757589,1858.262048757589,1858.262048757589,1846.085048757589,-107.35399999999919,SL,21
2021-01-26 13:45:00+00:00,2021-01-26 14:30:00+00:00,1,21.0,1859.6606856971473,1854.5826856971473,1854.5826856971473,1869.8166856971475,-108.10799999999946,SL,3
2021-01-26 14:30:00+00:00,2021-01-26 14:45:00+00:00,1,19.0,1855.514124487963,1850.068124487963,1850.068124487963,1866.406124487963,-104.80400000000266,SL,1
2021-01-26 18:00:00+00:00,2021-01-27 06:30:00+00:00,-1,19.0,1852.6296278111631,1849.301259895567,1858.2256278111631,1841.4376278111633,61.908990396326246,TIME,50
2021-01-27 08:15:00+00:00,2021-01-27 08:30:00+00:00,1,28.999999999999996,1850.8970186725162,1847.3160186725163,1847.3160186725163,1858.0590186725162,-105.87899999999719,SL,1
2021-01-27 10:45:00+00:00,2021-01-27 12:15:00+00:00,-1,25.0,1846.276994163793,1837.810994163793,1850.509994163793,1837.810994163793,209.89999999999736,TP,6
2021-01-27 12:15:00+00:00,2021-01-27 13:15:00+00:00,-1,19.0,1838.2888221109147,1843.7568221109148,1843.7568221109148,1827.3528221109148,-105.22200000000142,SL,4
2021-01-27 13:15:00+00:00,2021-01-27 15:00:00+00:00,-1,19.0,1841.1663586317081,1846.7293586317082,1846.7293586317082,1830.0403586317082,-107.02700000000193,SL,7
2021-01-27 15:00:00+00:00,2021-01-27 15:15:00+00:00,-1,12.0,1837.0055115689297,1845.6165115689296,1845.6165115689296,1819.7835115689297,-104.17199999999852,SL,1
2021-01-27 16:45:00+00:00,2021-01-27 20:45:00+00:00,1,11.0,1848.1684790077577,1840.9440942094145,1839.1474790077577,1866.2104790077576,-80.23823278177498,SIGNAL_REVERSE,16
2021-01-27 20:45:00+00:00,2021-01-28 09:15:00+00:00,-1,18.0,1840.9427407104208,1840.2393784156568,1846.7627407104208,1829.302740710421,11.400521305752354,TIME,50
2021-01-28 09:30:00+00:00,2021-01-28 13:45:00+00:00,1,23.0,1840.3944569365183,1849.3404569365182,1835.9214569365183,1849.3404569365182,204.14799999999798,TP,17
2021-01-28 14:00:00+00:00,2021-01-28 16:45:00+00:00,1,16.0,1857.0887830982238,1850.7797830982238,1850.7797830982238,1869.7067830982237,-102.06399999999951,SL,11
2021-01-28 16:45:00+00:00,2021-01-28 17:00:00+00:00,1,10.0,1852.8827077321366,1843.0117077321365,1843.0117077321365,1872.6247077321366,-99.41000000000095,SL,1
2021-01-28 17:00:00+00:00,2021-01-28 18:00:00+00:00,1,10.0,1845.8004047669217,1835.4664047669216,1835.4664047669216,1866.4684047669216,-104.0400000000006,SL,4
2021-01-28 18:15:00+00:00,2021-01-29 06:45:00+00:00,-1,9.0,1839.5031719122956,1850.4961719122955,1850.4961719122955,1817.5171719122957,-99.56699999999944,SL,50
2021-01-29 08:45:00+00:00,2021-01-29 10:30:00+00:00,1,20.0,1845.4582073411898,1855.6222073411896,1840.37620734119,1855.6222073411896,201.8799999999952,TP,7
2021-01-29 10:30:00+00:00,2021-01-29 12:00:00+00:00,1,14.000000000000002,1852.4215319188504,1866.5055319188502,1845.3795319188505,1866.5055319188502,196.1959999999977,TP,6
2021-01-29 12:00:00+00:00,2021-01-29 14:30:00+00:00,1,13.0,1862.161728533947,1854.4647285339472,1854.4647285339472,1877.555728533947,-100.97099999999855,SL,10
2021-01-29 14:30:00+00:00,2021-01-29 14:45:00+00:00,1,10.0,1864.7793475974681,1854.291347597468,1854.291347597468,1885.7553475974682,-105.58000000000057,SL,1
2021-01-29 14:45:00+00:00,2021-01-29 17:15:00+00:00,1,9.0,1855.0872864560267,1858.1877809322048,1843.4812864560267,1878.2992864560267,27.274450285602253,SIGNAL_REVERSE,10
2021-01-29 17:15:00+00:00,2021-02-01 05:45:00+00:00,-1,8.0,1858.1933112695838,1857.9743666969189,1869.9183112695837,1834.7433112695837,1.1915565813191642,TIME,50
2021-02-01 08:15:00+00:00,2021-02-01 08:30:00+00:00,1,14.000000000000002,1869.9968790357905,1862.5868790357904,1862.5868790357904,1884.8168790357906,-104.72000000000116,SL,1
2021-02-01 14:45:00+00:00,2021-02-01 15:45:00+00:00,1,12.0,1868.2160731236286,1859.7190731236285,1859.7190731236285,1885.2100731236287,-102.80400000000085,SL,4
2021-02-01 20:15:00+00:00,2021-02-02 07:15:00+00:00,-1,15.0,1860.5900235229763,1847.2700235229763,1867.2500235229763,1847.2700235229763,198.74999999999903,TP,44
2021-02-02 08:15:00+00:00,2021-02-02 10:00:00+00:00,-1,19.0,1847.4998045040188,1852.935804504019,1852.935804504019,1836.6278045040187,-104.61400000000283,SL,7
2021-02-02 10:00:00+00:00,2021-02-02 13:15:00+00:00,-1,17.0,1850.2099180708522,1837.9179180708522,1856.355918070852,1837.9179180708522,207.77399999999858,TP,13
2021-02-02 13:15:00+00:00,2021-02-03 01:45:00+00:00,-1,13.0,1844.1006333251064,1840.3549481489283,1851.6136333251063,1829.0746333251066,47.78390729031511,TIME,50
2021-02-03 08:15:00+00:00,2021-02-03 12:30:00+00:00,-1,30.0,1835.7301371938731,1839.2551371938732,1839.2551371938732,1828.6801371938732,-107.85000000000272,SL,17
2021-02-03 13:30:00+00:00,2021-02-03 14:45:00+00:00,1,21.0,1839.8697794658074,1834.9057794658072,1834.9057794658072,1849.7977794658075,-105.71400000000355,SL,5
2021-02-03 20:15:00+00:00,2021-02-04 01:45:00+00:00,-1,26.0,1832.4907823393728,1824.5807823393725,1836.445782339373,1824.5807823393725,203.84000000000805,TP,22
2021-02-04 09:30:00+00:00,2021-02-04 14:00:00+00:00,-1,16.0,1815.134331742453,1802.172331742453,1821.615331742453,1802.172331742453,206.27199999999982,TP,18
2021-02-04 14:00:00+00:00,2021-02-04 14:15:00+00:00,-1,14.000000000000002,1808.4190704336884,1793.7470704336884,1815.7550704336884,1793.7470704336884,204.4280000000004,TP,1
2021-02-04 14:30:00+00:00,2021-02-04 21:00:00+00:00,-1,13.0,1795.1127203222777,1793.5113760898023,1803.0167203222777,1779.3047203222777,19.90747502218036,SIGNAL_REVERSE,26
2021-02-04 21:00:00+00:00,2021-02-05 08:00:00+00:00,1,25.0,1793.5055083346197,1802.1275083346195,1789.1945083346197,1802.1275083346195,213.7999999999961,TP,44
2021-02-05 08:15:00+00:00,2021-02-05 11:45:00+00:00,1,27.0,1807.5348138710126,1803.4508138710125,1803.4508138710125,1815.7028138710125,-112.15800000000162,SL,14
2021-02-05 11:45:00+00:00,2021-02-05 13:00:00+00:00,1,18.0,1805.4596900507902,1799.4466900507903,1799.4466900507903,1817.4856900507903,-109.49399999999856,SL,5
2021-02-05 13:30:00+00:00,2021-02-05 13:45:00+00:00,-1,17.0,1796.9160324462841,1803.169032446284,1803.169032446284,1784.4100324462843,-107.49099999999879,SL,1
2021-02-05 13:45:00+00:00,2021-02-05 16:15:00+00:00,-1,15.0,1803.1902443882675,1810.0622443882676,1810.0622443882676,1789.4462443882676,-104.13000000000106,SL,10
2021-02-05 16:45:00+00:00,2021-02-08 05:15:00+00:00,1,12.0,1810.3056033081857,1812.996777864539,1801.4156033081858,1828.0856033081857,31.454094676238274,TIME,50
2021-02-08 08:15:00+00:00,2021-02-08 08:30:00+00:00,1,31.0,1814.9014818372968,1811.4514818372968,1811.4514818372968,1821.801481837297,-109.12000000000141,SL,1
2021-02-08 11:30:00+00:00,2021-02-08 13:30:00+00:00,1,22.0,1818.1428175704757,1827.5828175704758,1813.4228175704757,1827.5828175704758,206.1400000000012,TP,8
2021-02-08 13:30:00+00:00,2021-02-08 15:00:00+00:00,1,19.0,1824.9892816986353,1836.0932816986353,1819.4372816986354,1836.0932816986353,209.64600000000078,TP,6
2021-02-08 15:00:00+00:00,2021-02-08 21:00:00+00:00,1,17.0,1831.9813793674425,1829.7264377099618,1825.7863793674426,1844.3713793674424,-39.52400817717165,SIGNAL_REVERSE,24
2021-02-08 21:00:00+00:00,2021-02-08 23:00:00+00:00,-1,25.0,1829.7286893455712,1833.9766893455712,1833.9766893455712,1821.2326893455713,-107.95000000000118,SL,8
2021-02-09 09:15:00+00:00,2021-02-09 13:15:00+00:00,1,24.0,1843.7984767363484,1839.3694767363484,1839.3694767363484,1852.6564767363484,-107.9760000000021,SL,16
2021-02-09 15:00:00+00:00,2021-02-09 15:15:00+00:00,-1,15.0,1837.0583747040562,1844.1053747040562,1844.1053747040562,1822.9643747040561,-106.75500000000038,SL,1
2021-02-09 16:15:00+00:00,2021-02-10 04:45:00+00:00,-1,14.000000000000002,1838.3982814581138,1843.7246058696253,1845.739281458114,1823.7162814581136,-75.54854176116032,TIME,50
2021-02-10 08:15:00+00:00,2021-02-10 09:45:00+00:00,1,31.0,1843.0487091232155,1839.6407091232156,1839.6407091232156,1849.8647091232156,-107.81799999999696,SL,6
2021-02-10 11:15:00+00:00,2021-02-10 13:00:00+00:00,-1,24.0,1840.200749182325,1844.561749182325,1844.561749182325,1831.478749182325,-106.3440000000025,SL,7
2021-02-10 13:00:00+00:00,2021-02-10 13:15:00+00:00,-1,22.0,1838.4268787703882,1843.1688787703881,1843.1688787703881,1828.9428787703882,-105.86399999999917,SL,1
2021-02-10 14:00:00+00:00,2021-02-10 14:30:00+00:00,1,16.0,1851.2000576231476,1844.7620576231477,1844.7620576231477,1864.0760576231476,-104.127999999998,SL,2
2021-02-10 14:30:00+00:00,2021-02-10 15:15:00+00:00,1,14.000000000000002,1846.9023657309315,1839.8413657309316,1839.8413657309316,1861.0243657309313,-99.83399999999892,SL,3
2021-02-11 08:15:00+00:00,2021-02-11 11:00:00+00:00,1,28.000000000000004,1843.5395970946447,1839.9315970946448,1839.9315970946448,1850.7555970946446,-102.98399999999853,SL,11
2021-02-11 11:00:00+00:00,2021-02-11 16:00:00+00:00,1,26.0,1840.5271549514182,1836.6991549514182,1836.6991549514182,1848.1831549514181,-101.34799999999933,SL,20
2021-02-19 08:15:00+00:00,2021-02-19 11:45:00+00:00,1,18.0,1774.3724520384278,1769.0024520384277,1769.0024520384277,1785.1124520384278,-97.92000000000213,SL,14
2021-02-19 14:15:00+00:00,2021-02-22 02:45:00+00:00,1,14.000000000000002,1783.7563115516919,1785.9830141633645,1776.951311551692,1797.3663115516918,30.1938365634169,TIME,50
2021-02-22 08:15:00+00:00,2021-02-22 14:30:00+00:00,1,18.0,1794.8912682498278,1805.8512682498279,1789.4112682498278,1805.8512682498279,196.02000000000066,TP,25
2021-02-22 15:00:00+00:00,2021-02-23 03:30:00+00:00,1,14.000000000000002,1804.812472698002,1812.7060531211312,1797.548472698002,1819.340472698002,109.53012592380813,TIME,50
2021-02-23 08:15:00+00:00,2021-02-23 12:15:00+00:00,-1,25.0,1808.3322741350257,1812.3672741350258,1812.3672741350258,1800.2622741350258,-102.62500000000205,SL,16
2021-02-23 15:00:00+00:00,2021-02-23 15:30:00+00:00,-1,14.000000000000002,1801.423892757414,1808.607892757414,1808.607892757414,1787.055892757414,-101.55599999999959,SL,2
2021-02-23 21:00:00+00:00,2021-02-24 01:00:00+00:00,-1,28.000000000000004,1804.6554395334047,1808.2444395334046,1808.2444395334046,1797.4774395334045,-102.45199999999838,SL,16
2021-02-24 08:15:00+00:00,2021-02-24 13:15:00+00:00,-1,28.000000000000004,1806.9934557691197,1799.9074557691197,1810.5364557691198,1799.9074557691197,196.44800000000038,TP,20
2021-02-24 13:45:00+00:00,2021-02-24 14:30:00+00:00,-1,16.0,1797.9830233301773,1785.4790233301774,1804.2350233301772,1785.4790233301774,198.94399999999848,TP,3
2021-02-24 14:30:00+00:00,2021-02-24 15:15:00+00:00,-1,14.000000000000002,1788.5220867054643,1795.7760867054642,1795.7760867054642,1774.0140867054643,-102.5359999999987,SL,3
2021-02-24 15:15:00+00:00,2021-02-24 16:15:00+00:00,-1,11.0,1788.3297060864595,1797.0127060864595,1797.0127060864595,1770.9637060864595,-96.28299999999992,SL,4
2021-02-24 16:15:00+00:00,2021-02-24 17:00:00+00:00,-1,10.0,1794.2761717443395,1804.0441717443396,1804.0441717443396,1774.7401717443395,-98.3800000000003,SL,3
2021-02-24 19:45:00+00:00,2021-02-25 07:00:00+00:00,1,14.000000000000002,1798.1526054602275,1790.9736054602274,1790.9736054602274,1812.5106054602277,-101.48600000000124,SL,45
2021-02-25 08:15:00+00:00,2021-02-25 13:30:00+00:00,-1,18.0,1792.2179184244615,1781.2519184244613,1797.7009184244614,1781.2519184244613,196.1280000000022,TP,21
2021-02-25 13:30:00+00:00,2021-02-25 18:00:00+00:00,-1,12.0,1783.1732481943213,1767.4012481943212,1791.0592481943213,1767.4012481943212,188.42400000000194,TP,18
2021-02-25 18:00:00+00:00,2021-02-26 06:30:00+00:00,-1,9.0,1773.1514231736846,1761.819784049261,1784.4404231736846,1750.5734231736847,101.35475211981282,TIME,50
2021-02-26 08:15:00+00:00,2021-02-26 08:45:00+00:00,-1,14.000000000000002,1761.903525740465,1768.847525740465,1768.847525740465,1748.015525740465,-98.19599999999946,SL,2
2021-02-26 08:45:00+00:00,2021-02-26 14:45:00+00:00,-1,13.0,1768.0122657029785,1752.6202657029785,1775.7082657029785,1752.6202657029785,199.1860000000007,TP,24
2021-02-26 15:00:00+00:00,2021-02-26 15:15:00+00:00,-1,10.0,1745.0119166679603,1725.7639166679603,1754.6359166679604,1725.7639166679603,191.78000000000048,TP,1
2021-02-26 15:15:00+00:00,2021-03-01 02:30:00+00:00,-1,9.0,1737.9537272380167,1748.6647272380167,1748.6647272380167,1716.5317272380166,-97.02900000000011,SL,45
2021-03-01 08:15:00+00:00,2021-03-01 09:30:00+00:00,1,21.0,1752.3405023969192,1747.4945023969192,1747.4945023969192,1762.0325023969192,-103.23600000000008,SL,5
2021-03-01 10:00:00+00:00,2021-03-01 12:30:00+00:00,-1,19.0,1746.8779497180346,1736.2299497180345,1752.2019497180347,1736.2299497180345,200.9820000000026,TP,10
2021-03-01 12:30:00+00:00,2021-03-01 13:30:00+00:00,-1,18.0,1743.7043006836852,1732.1703006836851,1749.4713006836853,1732.1703006836851,206.3520000000019,TP,4
2021-03-01 13:30:00+00:00,2021-03-01 13:45:00+00:00,-1,16.0,1733.1201887689824,1739.6191887689824,1739.6191887689824,1720.1221887689824,-105.10400000000038,SL,1
2021-03-01 13:45:00+00:00,2021-03-01 18:00:00+00:00,-1,15.0,1736.1271778880473,1722.5651778880472,1742.9081778880472,1722.5651778880472,202.38000000000187,TP,17
2021-03-01 18:00:00+00:00,2021-03-02 03:15:00+00:00,-1,11.0,1726.9475200987104,1708.4475200987106,1736.1975200987104,1708.4475200987106,202.7299999999975,TP,37
2021-03-02 08:15:00+00:00,2021-03-02 11:00:00+00:00,1,17.0,1718.6431507309621,1730.9671507309622,1712.481150730962,1730.9671507309622,208.31800000000118,TP,11
2021-03-02 11:00:00+00:00,2021-03-02 15:30:00+00:00,1,16.0,1727.8094824063319,1721.0264824063318,1721.0264824063318,1741.375482406332,-109.64800000000207,SL,18
2021-03-02 17:45:00+00:00,2021-03-03 06:15:00+00:00,1,13.0,1736.1432055708265,1731.9125924692878,1727.7432055708264,1752.9432055708264,-55.90797032000265,TIME,50
2021-03-03 08:30:00+00:00,2021-03-03 13:00:00+00:00,-1,28.999999999999996,1728.6713918943858,1721.1113918943859,1732.4513918943858,1721.1113918943859,217.2099999999984,TP,18
2021-03-03 13:00:00+00:00,2021-03-03 13:15:00+00:00,-1,19.0,1726.0232364442356,1714.9492364442356,1731.5602364442357,1714.9492364442356,209.0760000000013,TP,1
2021-03-03 13:15:00+00:00,2021-03-03 15:30:00+00:00,-1,18.0,1714.5003251546057,1702.3223251546058,1720.5893251546056,1702.3223251546058,217.9439999999979,TP,9
2021-03-03 15:30:00+00:00,2021-03-03 16:00:00+00:00,-1,11.0,1711.0410793997758,1720.6980793997757,1720.6980793997757,1691.7270793997757,-106.99699999999918,SL,2
2021-03-03 16:15:00+00:00,2021-03-04 04:45:00+00:00,-1,9.0,1721.0725907288356,1714.9825178070923,1732.7815907288357,1697.6545907288357,54.180656295689566,TIME,50
2021-03-04 08:15:00+00:00,2021-03-04 09:00:00+00:00,1,21.0,1716.4181384677213,1711.1521384677212,1711.1521384677212,1726.9501384677214,-112.0560000000016,SL,3
2021-03-04 09:45:00+00:00,2021-03-04 12:00:00+00:00,-1,17.0,1710.3722719566986,1717.0612719566986,1717.0612719566986,1696.9942719566984,-114.90300000000133,SL,9
2021-03-04 13:15:00+00:00,2021-03-04 15:15:00+00:00,1,14.000000000000002,1719.0463089033085,1711.2943089033085,1711.2943089033085,1734.5503089033086,-109.50799999999936,SL,8
2021-03-04 17:45:00+00:00,2021-03-05 06:15:00+00:00,-1,10.0,1705.120611782982,1698.2880296462884,1716.031611782982,1683.298611782982,67.62582136693645,TIME,50
2021-03-05 08:15:00+00:00,2021-03-05 13:30:00+00:00,1,25.0,1695.0286927284135,1690.6226927284135,1690.6226927284135,1703.8406927284134,-111.89999999999873,SL,21
2021-03-12 16:30:00+00:00,2021-03-14 22:00:00+00:00,1,13.0,1712.4373599726264,1728.6413599726263,1704.3353599726263,1728.6413599726263,209.74199999999936,TP,26
2021-03-15 09:30:00+00:00,2021-03-15 10:30:00+00:00,1,25.0,1732.3926315548981,1727.9976315548981,1727.9976315548981,1741.182631554898,-111.62499999999955,SL,4
2021-03-15 10:30:00+00:00,2021-03-15 14:45:00+00:00,1,25.0,1729.2143000334736,1724.8293000334736,1724.8293000334736,1737.9843000334736,-111.37499999999977,SL,17
2021-03-15 20:15:00+00:00,2021-03-16 07:00:00+00:00,1,31.0,1731.169979318528,1727.647979318528,1727.647979318528,1738.213979318528,-111.35199999999797,SL,43
2021-03-16 08:15:00+00:00,2021-03-16 10:45:00+00:00,-1,30.0,1730.5885700157664,1734.2495700157665,1734.2495700157665,1723.2665700157663,-111.93000000000174,SL,10
2021-03-16 12:30:00+00:00,2021-03-16 15:30:00+00:00,1,26.0,1733.4236717227664,1729.3156717227664,1729.3156717227664,1741.6396717227665,-108.62799999999862,SL,12
2021-03-16 16:30:00+00:00,2021-03-17 03:45:00+00:00,-1,15.0,1729.0850117036264,1736.0470117036264,1736.0470117036264,1715.1610117036264,-105.47999999999983,SL,45
2021-03-17 11:30:00+00:00,2021-03-17 12:15:00+00:00,-1,28.000000000000004,1727.9988648351525,1731.8328648351526,1731.8328648351526,1720.3308648351526,-109.31200000000169,SL,3
2021-03-17 12:15:00+00:00,2021-03-17 14:15:00+00:00,-1,26.0,1730.2161022053344,1734.2461022053344,1734.2461022053344,1722.1561022053345,-106.59999999999928,SL,8
2021-03-17 14:15:00+00:00,2021-03-17 14:30:00+00:00,-1,18.0,1728.6059139175345,1734.3829139175346,1734.3829139175346,1717.0519139175344,-105.24600000000079,SL,1
2021-03-17 16:15:00+00:00,2021-03-17 18:00:00+00:00,-1,17.0,1727.1270854851218,1733.0480854851219,1733.0480854851219,1715.2850854851217,-101.84700000000083,SL,7
2021-03-17 18:30:00+00:00,2021-03-18 07:00:00+00:00,1,15.0,1742.759609313911,1750.9241884599958,1735.898609313911,1756.481609313911,121.41868719127292,TIME,50
2021-03-18 08:15:00+00:00,2021-03-18 11:30:00+00:00,-1,20.0,1738.7148419444454,1728.1648419444452,1743.9898419444455,1728.1648419444452,209.60000000000363,TP,13
2021-03-18 11:30:00+00:00,2021-03-18 17:30:00+00:00,-1,15.0,1732.700227993667,1733.9499431453355,1739.683227993667,1718.7342279936672,-19.795727275025957,SIGNAL_REVERSE,24
2021-03-18 17:30:00+00:00,2021-03-19 06:00:00+00:00,1,14.000000000000002,1733.9490736238788,1734.499318326487,1726.4430736238787,1748.9610736238787,6.7234258365133615,TIME,50
2021-03-19 08:15:00+00:00,2021-03-19 10:00:00+00:00,1,21.0,1741.740521627033,1736.6575216270332,1736.6575216270332,1751.906521627033,-108.21299999999698,SL,7
2021-03-19 10:00:00+00:00,2021-03-19 13:30:00+00:00,1,20.0,1736.9633661304106,1734.7639134289673,1731.6553661304106,1747.5793661304106,-45.38905402886612,SIGNAL_REVERSE,14
2021-03-19 13:30:00+00:00,2021-03-19 15:45:00+00:00,-1,18.0,1734.7627482233388,1740.6287482233388,1740.6287482233388,1723.0307482233388,-106.84799999999974,SL,9
2021-03-19 17:15:00+00:00,2021-03-22 01:00:00+00:00,1,18.0,1742.3629300497896,1736.5069300497896,1736.5069300497896,1754.0749300497896,-106.6679999999999,SL,31
2021-03-22 08:15:00+00:00,2021-03-22 11:00:00+00:00,-1,22.0,1731.1265216313277,1735.8545216313278,1735.8545216313278,1721.6705216313278,-105.55600000000145,SL,11
2021-03-22 11:45:00+00:00,2021-03-22 12:00:00+00:00,1,22.0,1738.1849482421364,1733.6139482421365,1733.6139482421365,1747.3269482421363,-102.10199999999809,SL,1
2021-03-22 12:00:00+00:00,2021-03-22 12:15:00+00:00,1,22.0,1736.313729120164,1731.607729120164,1731.607729120164,1745.7257291201638,-105.07199999999789,SL,1
2021-03-22 12:15:00+00:00,2021-03-23 00:45:00+00:00,1,21.0,1734.0638989900708,1737.6918565205735,1729.2448989900709,1743.7018989900707,74.71710814055726,TIME,50
2021-03-23 08:15:00+00:00,2021-03-23 13:00:00+00:00,1,32.0,1737.7690166163402,1734.6040166163402,1734.6040166163402,1744.0990166163401,-103.51999999999883,SL,19
2021-03-23 13:30:00+00:00,2021-03-24 01:00:00+00:00,-1,21.0,1734.1223191489519,1724.5783191489518,1738.894319148952,1724.5783191489518,198.95400000000203,TP,46
2021-03-24 08:15:00+00:00,2021-03-24 09:00:00+00:00,-1,34.0,1729.168937006018,1732.187937006018,1732.187937006018,1723.130937006018,-105.02600000000018,SL,3
2021-03-24 09:00:00+00:00,2021-03-24 09:30:00+00:00,-1,30.0,1731.0656119464577,1734.4896119464577,1734.4896119464577,1724.2176119464577,-104.81999999999934,SL,2
2021-03-24 10:15:00+00:00,2021-03-24 11:30:00+00:00,1,27.0,1733.1484464088653,1729.4454464088653,1729.4454464088653,1740.554446408865,-101.87099999999931,SL,5
2021-03-24 16:30:00+00:00,2021-03-24 17:15:00+00:00,1,21.0,1736.840570017819,1732.1605700178188,1732.1605700178188,1746.200570017819,-99.75000000000134,SL,3
2021-03-24 17:15:00+00:00,2021-03-25 05:45:00+00:00,1,21.0,1732.9979629963048,1735.5833020002622,1728.2819629963046,1742.4299629963048,52.82211908310572,TIME,50
2021-03-25 08:15:00+00:00,2021-03-25 12:30:00+00:00,-1,28.999999999999996,1732.4530481447018,1725.5130481447018,1735.9230481447019,1725.5130481447018,199.23000000000155,TP,17
2021-03-25 12:30:00+00:00,2021-03-25 13:15:00+00:00,-1,25.0,1728.5644205465544,1732.5304205465543,1732.5304205465543,1720.6324205465544,-100.89999999999736,SL,3
2021-03-25 13:45:00+00:00,2021-03-25 14:00:00+00:00,1,16.0,1744.4144929352303,1738.2054929352303,1738.2054929352303,1756.8324929352302,-100.46400000000096,SL,1
2021-03-25 14:00:00+00:00,2021-03-25 15:30:00+00:00,1,15.0,1738.869028796085,1732.3250287960852,1732.3250287960852,1751.957028796085,-99.20999999999803,SL,6
2021-03-25 15:30:00+00:00,2021-03-25 17:00:00+00:00,1,12.0,1735.1833412089202,1727.2053412089201,1727.2053412089201,1751.13934120892,-96.57600000000079,SL,6
2021-03-25 17:15:00+00:00,2021-03-26 05:45:00+00:00,-1,11.0,1728.478186705273,1728.6469192116144,1736.8751867052729,1711.684186705273,-2.626057569756331,TIME,50
2021-03-26 08:15:00+00:00,2021-03-26 11:15:00+00:00,1,32.0,1726.7867546224659,1723.745754622466,1723.745754622466,1732.8687546224658,-99.55199999999807,SL,12
2021-03-26 11:30:00+00:00,2021-03-26 11:45:00+00:00,-1,24.0,1721.7768801179848,1725.8738801179848,1725.8738801179848,1713.5828801179848,-100.00799999999953,SL,1
2021-03-26 11:45:00+00:00,2021-03-26 12:30:00+00:00,-1,23.0,1724.5023528828938,1728.6773528828937,1728.6773528828937,1716.1523528828936,-97.63499999999895,SL,3
2021-03-26 12:30:00+00:00,2021-03-26 14:00:00+00:00,-1,21.0,1724.925867148163,1729.526867148163,1729.526867148163,1715.7238671481628,-98.09100000000237,SL,6
2021-03-26 15:15:00+00:00,2021-03-29 01:00:00+00:00,1,17.0,1735.1864005540472,1729.5914005540471,1729.5914005540471,1746.3764005540472,-96.30500000000046,SL,39
2021-03-29 08:15:00+00:00,2021-03-29 13:30:00+00:00,-1,28.000000000000004,1725.1582229138555,1718.3202229138553,1728.5772229138556,1718.3202229138553,189.50400000000542,TP,21
2021-03-29 14:00:00+00:00,2021-03-30 02:30:00+00:00,-1,17.0,1711.1768552612396,1708.8673525638842,1716.8628552612395,1699.8048552612395,38.07154585504105,TIME,50
2021-03-30 08:15:00+00:00,2021-03-30 11:15:00+00:00,-1,20.0,1699.1722379263654,1689.4702379263654,1704.0232379263653,1689.4702379263654,192.63999999999996,TP,12
2021-03-30 11:15:00+00:00,2021-03-30 12:30:00+00:00,-1,17.0,1693.1453548111385,1682.2933548111384,1698.5713548111385,1682.2933548111384,183.29400000000152,TP,5
2021-03-30 12:30:00+00:00,2021-03-31 01:00:00+00:00,-1,16.0,1683.6923540239466,1684.229299570499,1689.5273540239466,1672.0223540239465,-9.711128744839808,TIME,50
2021-03-31 08:15:00+00:00,2021-03-31 13:30:00+00:00,1,26.0,1683.3793251559325,1690.9053251559326,1679.6163251559326,1690.9053251559326,193.85600000000176,TP,21
2021-03-31 14:15:00+00:00,2021-03-31 16:00:00+00:00,1,17.0,1697.8475303474993,1709.7995303474993,1691.8715303474992,1709.7995303474993,201.99399999999997,TP,7
2021-03-31 16:00:00+00:00,2021-04-01 04:30:00+00:00,1,13.0,1708.2527579108646,1712.0272815065675,1700.8227579108645,1723.1127579108647,48.158806744138104,TIME,50
2021-04-01 08:15:00+00:00,2021-04-01 09:00:00+00:00,1,24.0,1718.9687831801423,1714.8077831801422,1714.8077831801422,1727.2907831801424,-101.5440000000014,SL,3
2021-04-01 09:00:00+00:00,2021-04-01 11:00:00+00:00,1,22.0,1716.713351257911,1712.090351257911,1712.090351257911,1725.959351257911,-103.24600000000105,SL,8
2021-04-01 13:15:00+00:00,2021-04-05 01:45:00+00:00,1,19.0,1723.317130749344,1728.6449569422432,1718.1601307493438,1733.631130749344,99.89869766508552,TIME,50
2021-04-05 08:30:00+00:00,2021-04-05 09:00:00+00:00,1,34.0,1727.7307116736206,1724.7577116736206,1724.7577116736206,1733.6767116736205,-103.46199999999851,SL,2
2021-04-05 14:30:00+00:00,2021-04-06 03:00:00+00:00,1,19.0,1729.0249407777246,1734.4246135569017,1723.8979407777247,1739.2789407777248,101.26378280436454,TIME,50
2021-04-06 08:45:00+00:00,2021-04-06 11:45:00+00:00,-1,25.0,1731.862920019263,1735.9149200192628,1735.9149200192628,1723.758920019263,-103.04999999999768,SL,12
2021-04-06 12:15:00+00:00,2021-04-06 14:00:00+00:00,1,25.0,1736.100189146425,1743.998189146425,1732.151189146425,1743.998189146425,195.69999999999777,TP,7
2021-04-06 14:00:00+00:00,2021-04-07 02:30:00+00:00,1,21.0,1740.6330994073644,1736.8941095799491,1736.0000994073644,1749.8990994073645,-79.98878637572031,TIME,50
2021-04-07 10:45:00+00:00,2021-04-07 14:00:00+00:00,-1,24.0,1735.9910476534624,1740.1600476534622,1740.1600476534622,1727.6530476534624,-101.73599999999686,SL,13
2021-04-07 14:45:00+00:00,2021-04-07 19:45:00+00:00,1,17.0,1740.5824707580064,1735.7512845679157,1734.8794707580064,1751.9884707580065,-83.32016523154101,SIGNAL_REVERSE,20
2021-04-07 19:45:00+00:00,2021-04-08 03:30:00+00:00,-1,28.000000000000004,1735.7531116357952,1739.3481116357952,1739.3481116357952,1728.5631116357952,-102.62000000000077,SL,31
2021-04-08 08:15:00+00:00,2021-04-08 11:45:00+00:00,1,28.000000000000004,1743.986954958274,1751.152954958274,1740.403954958274,1751.152954958274,198.68799999999834,TP,14
2021-04-08 11:45:00+00:00,2021-04-08 14:30:00+00:00,1,24.0,1750.1491004878694,1758.3611004878694,1746.0431004878694,1758.3611004878694,195.40799999999973,TP,11
2021-04-08 14:30:00+00:00,2021-04-09 03:00:00+00:00,1,17.0,1755.4997941707481,1752.6863818558218,1749.8147941707482,1766.869794170748,-49.01800935374848,TIME,50
2021-04-09 08:15:00+00:00,2021-04-09 12:15:00+00:00,-1,33.0,1745.9685774758143,1739.8085774758144,1749.0485774758142,1739.8085774758144,200.9699999999952,TP,16
2021-04-09 12:15:00+00:00,2021-04-09 12:45:00+00:00,-1,24.0,1744.6980959804548,1736.2820959804546,1748.906095980455,1736.2820959804546,200.304000000004,TP,2
2021-04-09 12:45:00+00:00,2021-04-09 14:15:00+00:00,-1,23.0,1738.3151701282845,1742.7301701282845,1742.7301701282845,1729.4851701282844,-103.15499999999916,SL,6
2021-04-09 14:15:00+00:00,2021-04-09 14:45:00+00:00,-1,17.0,1740.6008815655969,1746.6218815655968,1746.6218815655968,1728.558881565597,-103.54699999999929,SL,2
2021-04-09 14:45:00+00:00,2021-04-09 16:45:00+00:00,-1,16.0,1744.5509664559675,1746.0542334696772,1750.8399664559674,1731.9729664559675,-25.172272219356383,SIGNAL_REVERSE,8
2021-04-09 16:45:00+00:00,2021-04-12 01:15:00+00:00,1,17.0,1746.0474587558701,1740.00345875587,1740.00345875587,1758.13545875587,-103.93800000000164,SL,34
2021-04-12 09:45:00+00:00,2021-04-12 13:00:00+00:00,1,27.0,1742.5322981524632,1738.7122981524633,1738.7122981524633,1750.1722981524633,-105.02999999999828,SL,13
2021-04-12 13:45:00+00:00,2021-04-12 18:15:00+00:00,-1,22.0,1737.0274542686177,1728.0274542686177,1741.5274542686177,1728.0274542686177,196.46,TP,18
2021-04-12 18:15:00+00:00,2021-04-13 02:45:00+00:00,-1,22.0,1731.6540221200255,1736.3040221200254,1736.3040221200254,1722.3540221200255,-103.839999999997,SL,34
2021-04-13 08:15:00+00:00,2021-04-13 12:15:00+00:00,-1,27.0,1728.660317685943,1732.470317685943,1732.470317685943,1721.0403176859431,-104.75999999999853,SL,16
2021-04-20 15:15:00+00:00,2021-04-21 03:45:00+00:00,1,15.0,1775.7670056247134,1782.633146247272,1769.3390056247135,1788.6230056247134,101.94210933837799,TIME,50
2021-04-21 09:15:00+00:00,2021-04-21 11:15:00+00:00,-1,25.0,1778.9203617188953,1782.9513617188952,1782.9513617188952,1770.8583617188951,-102.52499999999873,SL,8
2021-04-21 11:15:00+00:00,2021-04-21 12:30:00+00:00,-1,26.0,1782.152105702925,1786.025105702925,1786.025105702925,1774.4061057029248,-102.51800000000122,SL,5
2021-04-21 12:45:00+00:00,2021-04-21 13:45:00+00:00,1,27.0,1786.6929606044764,1794.0369606044765,1783.0209606044764,1794.0369606044765,196.3980000000014,TP,4
2021-04-21 13:45:00+00:00,2021-04-22 02:15:00+00:00,1,21.0,1788.954076048914,1795.206972793947,1784.279076048914,1798.3040760489139,129.84083164569327,TIME,50
2021-04-22 08:15:00+00:00,2021-04-22 10:45:00+00:00,-1,28.000000000000004,1791.4023396912737,1784.1003396912738,1795.0533396912738,1784.1003396912738,202.49599999999742,TP,10
2021-04-22 10:45:00+00:00,2021-04-22 16:00:00+00:00,-1,24.0,1787.1322586560632,1778.5042586560633,1791.446258656063,1778.5042586560633,205.3919999999983,TP,21
2021-04-22 16:00:00+00:00,2021-04-22 21:15:00+00:00,-1,14.000000000000002,1780.8124527164987,1783.9363503809607,1788.0234527164987,1766.3904527164987,-44.7145673024679,SIGNAL_REVERSE,21
2021-04-22 21:15:00+00:00,2021-04-23 01:45:00+00:00,1,37.0,1783.9444379836812,1789.6864379836811,1781.0734379836813,1789.6864379836811,209.86399999999858,TP,18
2021-04-23 08:15:00+00:00,2021-04-23 09:00:00+00:00,-1,30.0,1781.8709795220184,1785.3979795220184,1785.3979795220184,1774.8169795220183,-107.9100000000013,SL,3
2021-04-23 11:00:00+00:00,2021-04-23 12:30:00+00:00,1,28.999999999999996,1787.3972468947456,1794.8292468947457,1783.6812468947455,1794.8292468947457,213.49800000000045,TP,6
2021-04-23 12:30:00+00:00,2021-04-23 13:15:00+00:00,1,28.000000000000004,1793.803466710505,1790.0694667105051,1790.0694667105051,1801.2714667105051,-106.51199999999787,SL,3
2021-04-23 13:15:00+00:00,2021-04-23 13:30:00+00:00,1,25.0,1790.1789919530268,1785.8459919530267,1785.8459919530267,1798.844991953027,-110.07500000000209,SL,1
2021-04-23 13:30:00+00:00,2021-04-23 13:45:00+00:00,1,23.0,1787.0053511681112,1782.4463511681113,1782.4463511681113,1796.1233511681114,-106.46699999999929,SL,1
2021-04-23 13:45:00+00:00,2021-04-23 14:00:00+00:00,1,21.0,1785.2966194157025,1780.1946194157024,1780.1946194157024,1795.5006194157027,-108.61200000000187,SL,1
2021-04-23 14:30:00+00:00,2021-04-26 01:00:00+00:00,-1,16.0,1772.9086074965965,1779.3986074965965,1779.3986074965965,1759.9286074965964,-104.96000000000015,SL,42
2021-04-26 12:00:00+00:00,2021-04-26 17:30:00+00:00,-1,24.0,1776.4971709472582,1779.787109343885,1780.8791709472582,1767.733170947258,-80.63852151904547,SIGNAL_REVERSE,22
2021-04-26 17:30:00+00:00,2021-04-27 01:45:00+00:00,1,22.0,1779.7941739558928,1775.1711739558928,1775.1711739558928,1789.040173955893,-103.24600000000105,SL,33
2021-04-27 12:45:00+00:00,2021-04-27 16:15:00+00:00,1,23.0,1781.8435099712005,1778.4165161924593,1777.4605099712005,1790.6095099712006,-80.4308569110484,SIGNAL_REVERSE,14
2021-04-27 16:15:00+00:00,2021-04-28 04:45:00+00:00,-1,17.0,1778.422723388532,1771.6855053598867,1784.4367233885318,1766.394723388532,113.34270648696844,TIME,50
2021-04-28 08:15:00+00:00,2021-04-28 12:30:00+00:00,-1,35.0,1769.026325764605,1763.106325764605,1771.986325764605,1763.106325764605,204.75000000000256,TP,17
2021-04-28 12:30:00+00:00,2021-04-28 12:45:00+00:00,-1,23.0,1764.3119419977124,1768.8209419977125,1768.8209419977125,1755.2939419977126,-105.31700000000033,SL,1
2021-04-28 14:15:00+00:00,2021-04-28 23:45:00+00:00,1,19.0,1773.151189163812,1783.785189163812,1767.834189163812,1783.785189163812,200.71600000000026,TP,38
2021-04-29 08:15:00+00:00,2021-04-29 10:15:00+00:00,-1,30.0,1779.5274003311629,1772.449400331163,1783.0664003311629,1772.449400331163,210.23999999999924,TP,8
2021-04-29 10:15:00+00:00,2021-04-29 12:30:00+00:00,-1,24.0,1775.2937170674147,1779.6297170674147,1779.6297170674147,1766.621717067415,-105.74400000000031,SL,9
2021-04-29 12:30:00+00:00,2021-04-29 12:45:00+00:00,-1,23.0,1775.7671916164547,1780.3271916164547,1780.3271916164547,1766.6471916164548,-106.48999999999874,SL,1
2021-04-29 13:30:00+00:00,2021-04-29 18:45:00+00:00,-1,17.0,1767.5356148854103,1773.6656148854102,1773.6656148854102,1755.2756148854105,-105.39999999999799,SL,21
2021-04-29 19:15:00+00:00,2021-04-30 00:30:00+00:00,1,26.0,1773.3922837496575,1769.3522837496575,1769.3522837496575,1781.4722837496574,-106.85999999999905,SL,21
2021-04-30 08:15:00+00:00,2021-04-30 09:30:00+00:00,1,31.0,1770.709412227485,1767.3584122274851,1767.3584122274851,1777.411412227485,-106.05099999999645,SL,5
2021-05-03 08:15:00+00:00,2021-05-03 10:45:00+00:00,1,30.0,1774.9237667813877,1781.8017667813879,1771.4847667813876,1781.8017667813879,204.2400000000047,TP,10
2021-05-03 10:45:00+00:00,2021-05-03 13:30:00+00:00,1,23.0,1781.2502745763009,1790.1942745763008,1776.7782745763009,1790.1942745763008,204.10199999999907,TP,11
2021-05-03 13:30:00+00:00,2021-05-04 02:00:00+00:00,1,20.0,1789.6024477092783,1790.1067949405615,1784.3884477092781,1800.0304477092784,8.686944625663818,TIME,50
2021-05-04 09:15:00+00:00,2021-05-04 12:45:00+00:00,-1,27.0,1784.937506471383,1788.818506471383,1788.818506471383,1777.175506471383,-106.67700000000231,SL,14
2021-05-04 13:30:00+00:00,2021-05-04 15:00:00+00:00,1,20.0,1790.2878785487605,1785.1838785487605,1785.1838785487605,1800.4958785487606,-103.48000000000084,SL,6
2021-05-04 15:00:00+00:00,2021-05-04 15:15:00+00:00,1,13.0,1794.6961784390091,1787.0521784390091,1787.0521784390091,1809.9841784390092,-100.28200000000007,SL,1
2021-05-04 16:15:00+00:00,2021-05-05 04:45:00+00:00,-1,10.0,1776.1326166147064,1781.21002874937,1786.1486166147065,1756.1006166147065,-51.47412134663519,TIME,50
2021-05-05 08:15:00+00:00,2021-05-05 09:30:00+00:00,-1,35.0,1775.6199472307771,1778.555947230777,1778.555947230777,1769.7479472307773,-105.20999999999727,SL,5
2021-05-05 09:30:00+00:00,2021-05-05 12:30:00+00:00,-1,31.0,1778.119173556507,1771.567173556507,1781.3951735565067,1771.567173556507,200.94199999999714,TP,12
2021-05-05 13:15:00+00:00,2021-05-06 01:45:00+00:00,1,20.0,1783.0089510183757,1786.8071310861853,1777.9909510183757,1793.0449510183757,74.56360135619306,TIME,50
2021-05-06 08:15:00+00:00,2021-05-06 11:00:00+00:00,1,33.0,1792.3241315375035,1789.2161315375035,1789.2161315375035,1798.5401315375036,-104.87399999999826,SL,11
2021-05-06 14:00:00+00:00,2021-05-07 02:30:00+00:00,1,15.0,1812.757467250535,1815.9976347678228,1805.987467250535,1826.2974672505352,47.5525127593166,TIME,50
2021-05-07 08:45:00+00:00,2021-05-07 12:00:00+00:00,1,27.0,1822.2617797185255,1818.4607797185256,1818.4607797185256,1829.8637797185254,-104.51699999999813,SL,13
2021-05-07 13:00:00+00:00,2021-05-07 13:15:00+00:00,1,15.0,1838.9402309049929,1832.2382309049929,1832.2382309049929,1852.3442309049929,-101.57999999999997,SL,1
2021-05-07 13:15:00+00:00,2021-05-07 13:30:00+00:00,1,14.000000000000002,1833.0868853023387,1825.8128853023386,1825.8128853023386,1847.6348853023387,-102.81600000000162,SL,1
2021-05-07 13:30:00+00:00,2021-05-10 02:00:00+00:00,1,13.0,1831.182952322586,1831.0153937371435,1823.442952322586,1846.662952322586,-3.0882616107527703,TIME,50
2021-05-10 08:15:00+00:00,2021-05-10 11:45:00+00:00,1,31.0,1835.1822183633226,1841.7602183633223,1831.8932183633226,1841.7602183633223,201.74799999999217,TP,14
2021-05-10 11:45:00+00:00,2021-05-10 14:00:00+00:00,1,26.0,1840.9441785999663,1837.1241785999664,1837.1241785999664,1848.5841785999662,-101.13999999999834,SL,9
2021-05-10 14:00:00+00:00,2021-05-10 17:30:00+00:00,1,16.0,1840.5048418526496,1837.1914794932575,1834.1408418526498,1853.2328418526495,-54.13379775027453,SIGNAL_REVERSE,14
2021-05-10 17:30:00+00:00,2021-05-11 06:00:00+00:00,-1,15.0,1837.1886177644706,1837.0197393273766,1843.6736177644707,1824.2186177644705,1.483176556410126,TIME,50
2021-05-11 10:15:00+00:00,2021-05-11 12:30:00+00:00,1,25.0,1839.6248662874686,1835.5718662874688,1835.5718662874688,1847.7308662874686,-103.07499999999709,SL,9
2021-05-11 12:30:00+00:00,2021-05-11 12:45:00+00:00,1,24.0,1838.2359380782402,1834.0929380782402,1834.0929380782402,1846.5219380782403,-101.1120000000007,SL,1
2021-05-11 13:15:00+00:00,2021-05-11 14:00:00+00:00,-1,17.0,1825.5108762508569,1831.4838762508568,1831.4838762508568,1813.564876250857,-102.73099999999926,SL,3
2021-05-11 14:00:00+00:00,2021-05-11 18:15:00+00:00,-1,14.000000000000002,1829.3362446095546,1834.3378405131052,1836.5002446095546,1815.0082446095546,-71.00234264970914,SIGNAL_REVERSE,17
2021-05-11 18:15:00+00:00,2021-05-12 02:00:00+00:00,1,17.0,1834.3428779285064,1828.4268779285064,1828.4268779285064,1846.1748779285062,-101.76199999999898,SL,31
2021-05-12 08:15:00+00:00,2021-05-12 12:30:00+00:00,1,28.999999999999996,1830.978827831628,1827.591827831628,1827.591827831628,1837.7528278316279,-100.25299999999835,SL,17
2021-05-12 13:00:00+00:00,2021-05-12 13:15:00+00:00,1,18.0,1839.8647997853989,1834.4157997853988,1834.4157997853988,1850.762799785399,-99.34200000000125,SL,1
2021-05-12 13:15:00+00:00,2021-05-12 13:30:00+00:00,1,15.0,1837.4638352983643,1831.0478352983641,1831.0478352983641,1850.2958352983644,-97.29000000000251,SL,1
2021-05-12 15:00:00+00:00,2021-05-13 03:30:00+00:00,-1,11.0,1827.0019867964234,1817.6327019311354,1835.6709867964234,1809.6639867964234,102.292133518167,TIME,50
2021-05-13 08:45:00+00:00,2021-05-13 12:30:00+00:00,-1,22.0,1814.7916314345616,1819.1016314345616,1819.1016314345616,1806.1716314345617,-96.3599999999988,SL,15
2021-05-13 13:45:00+00:00,2021-05-14 02:15:00+00:00,1,16.0,1819.2910636284023,1824.2384151923159,1813.3330636284024,1831.2070636284022,78.03762502261714,TIME,50
2021-05-14 08:15:00+00:00,2021-05-14 13:30:00+00:00,1,25.0,1832.733295954091,1840.407295954091,1828.896295954091,1840.407295954091,190.09999999999945,TP,21
2021-05-14 13:30:00+00:00,2021-05-16 22:15:00+00:00,1,18.0,1837.2952445084088,1847.7432445084087,1832.0712445084089,1847.7432445084087,186.8039999999976,TP,35
2021-05-17 10:00:00+00:00,2021-05-17 13:30:00+00:00,-1,28.999999999999996,1850.0527984210883,1853.4457984210883,1853.4457984210883,1843.2667984210882,-100.42700000000083,SL,14
2021-05-17 13:30:00+00:00,2021-05-17 13:45:00+00:00,-1,22.0,1850.357880821894,1854.888880821894,1854.888880821894,1841.295880821894,-101.22199999999889,SL,1
2021-05-17 14:30:00+00:00,2021-05-18 01:15:00+00:00,1,18.0,1859.8006352323698,1870.73863523237,1854.3316352323698,1870.73863523237,195.62400000000184,TP,43
2021-05-18 11:30:00+00:00,2021-05-18 11:45:00+00:00,-1,28.999999999999996,1865.5900439492177,1869.0350439492177,1869.0350439492177,1858.7000439492178,-101.93499999999814,SL,1
2021-05-18 12:45:00+00:00,2021-05-18 13:00:00+00:00,1,26.0,1871.7655520995672,1867.9905520995671,1867.9905520995671,1879.3155520995672,-99.97000000000236,SL,1
2021-05-18 13:00:00+00:00,2021-05-18 13:15:00+00:00,1,23.0,1871.2284827588348,1866.9804827588348,1866.9804827588348,1879.7244827588347,-99.31400000000109,SL,1
2021-05-18 14:15:00+00:00,2021-05-18 19:00:00+00:00,-1,17.0,1864.136348997681,1868.8953089283705,1869.7963489976808,1852.816348997681,-82.0923188217227,SIGNAL_REVERSE,19
2021-05-18 19:00:00+00:00,2021-05-19 02:00:00+00:00,1,30.0,1868.8989643623538,1865.6959643623538,1865.6959643623538,1875.3049643623538,-98.18999999999923,SL,28
2021-05-19 09:00:00+00:00,2021-05-19 11:15:00+00:00,-1,20.0,1863.2155485171231,1853.6575485171231,1867.9945485171231,1853.6575485171231,189.75999999999985,TP,9
2021-05-26 16:15:00+00:00,2021-05-27 04:45:00+00:00,-1,14.000000000000002,1902.9344911926546,1898.4424970575105,1909.6664911926546,1889.4704911926547,61.90791789201697,TIME,50
2021-05-27 08:15:00+00:00,2021-05-27 08:30:00+00:00,1,26.0,1898.5875761261618,1894.8365761261618,1894.8365761261618,1906.089576126162,-99.34599999999938,SL,1
2021-05-27 08:30:00+00:00,2021-05-27 08:45:00+00:00,1,24.0,1898.9136660883216,1894.8926660883217,1894.8926660883217,1906.9556660883218,-98.183999999999,SL,1
2021-05-27 09:30:00+00:00,2021-05-27 18:30:00+00:00,-1,21.0,1896.1075393202104,1896.0638570517087,1900.5555393202105,1887.2115393202105,-0.552672361464347,SIGNAL_REVERSE,36
2021-05-27 18:30:00+00:00,2021-05-28 05:15:00+00:00,1,20.0,1896.0571592479043,1891.3091592479043,1891.3091592479043,1905.5531592479044,-96.36000000000095,SL,43
2021-05-28 08:15:00+00:00,2021-05-28 08:30:00+00:00,-1,30.0,1891.0696870724516,1894.2306870724517,1894.2306870724517,1884.7476870724515,-96.93000000000174,SL,1
2021-05-28 08:30:00+00:00,2021-05-28 10:45:00+00:00,-1,28.000000000000004,1891.9372073005643,1893.86745699743,1895.3072073005642,1885.1972073005643,-56.00699151224123,SIGNAL_REVERSE,9
2021-05-28 10:45:00+00:00,2021-05-28 11:45:00+00:00,1,28.999999999999996,1893.8673074630526,1890.5933074630527,1890.5933074630527,1900.4153074630526,-96.97599999999672,SL,4
2021-05-28 12:30:00+00:00,2021-05-28 12:45:00+00:00,-1,20.0,1886.0647281786648,1890.7647281786649,1890.7647281786649,1876.664728178665,-95.40000000000092,SL,1
2021-05-28 14:00:00+00:00,2021-05-31 02:30:00+00:00,1,15.0,1898.2545851529399,1908.6678998311995,1892.08858515294,1910.5865851529397,155.149720173895,TIME,50
2021-05-31 08:15:00+00:00,2021-05-31 17:00:00+00:00,-1,31.0,1904.6786443964597,1906.3924399472269,1907.6706443964597,1898.6946443964596,-55.297662073781495,SIGNAL_REVERSE,35
2021-05-31 17:00:00+00:00,2021-06-01 01:30:00+00:00,1,39.0,1906.3903161291869,1911.2103161291868,1903.980316129187,1911.2103161291868,185.24999999999753,TP,18
2021-06-01 08:45:00+00:00,2021-06-01 14:00:00+00:00,-1,24.0,1908.1002386617888,1900.3462386617887,1911.9772386617888,1900.3462386617887,184.41600000000318,TP,21
2021-06-01 14:15:00+00:00,2021-06-02 02:45:00+00:00,-1,14.000000000000002,1899.8005046775886,1900.1514043921213,1906.4255046775886,1886.5505046775886,-5.892596003458022,TIME,50
2021-06-02 11:15:00+00:00,2021-06-02 11:45:00+00:00,-1,25.0,1894.8429846502459,1898.6689846502459,1898.6689846502459,1887.1909846502458,-97.40000000000055,SL,2
2021-06-02 12:30:00+00:00,2021-06-02 14:45:00+00:00,1,22.0,1905.7438805869504,1901.3748805869504,1901.3748805869504,1914.4818805869504,-97.65799999999813,SL,9
2021-06-02 14:45:00+00:00,2021-06-03 03:15:00+00:00,1,17.0,1905.1731175237123,1904.9715043638853,1899.5861175237123,1916.3471175237123,-4.61742371705981,TIME,50
2021-06-03 08:15:00+00:00,2021-06-03 10:15:00+00:00,-1,26.0,1894.2992139070318,1897.901213907032,1897.901213907032,1887.0952139070318,-95.47200000000231,SL,8
2021-06-03 10:15:00+00:00,2021-06-03 12:30:00+00:00,-1,20.0,1896.0435897270004,1886.6955897270004,1900.7175897270004,1886.6955897270004,185.55999999999912,TP,9
2021-06-03 12:30:00+00:00,2021-06-03 13:00:00+00:00,-1,17.0,1888.3952765375207,1877.2152765375208,1893.9852765375206,1877.2152765375208,188.86999999999722,TP,2
2021-06-03 13:00:00+00:00,2021-06-03 13:30:00+00:00,-1,16.0,1882.1559710731237,1870.1519710731238,1888.1579710731237,1870.1519710731238,190.94399999999848,TP,2
2021-06-03 13:30:00+00:00,2021-06-04 01:45:00+00:00,-1,13.0,1877.6557810249349,1863.0977810249349,1884.9347810249349,1863.0977810249349,188.3439999999999,TP,49
2021-06-04 08:15:00+00:00,2021-06-04 12:30:00+00:00,1,23.0,1870.4183216304773,1878.8643216304774,1866.1953216304773,1878.8643216304774,192.6480000000032,TP,17
2021-06-04 13:00:00+00:00,2021-06-07 01:30:00+00:00,1,17.0,1884.5766913470738,1888.9128822783653,1878.6846913470738,1896.3606913470737,72.52524583195401,TIME,50
2021-06-07 08:15:00+00:00,2021-06-07 11:30:00+00:00,-1,28.999999999999996,1883.8740999860895,1887.3790999860896,1887.3790999860896,1876.8640999860895,-103.67500000000315,SL,13
2021-06-07 11:45:00+00:00,2021-06-07 15:45:00+00:00,1,27.0,1887.1762011063013,1894.5682011063013,1883.4802011063014,1894.5682011063013,197.69400000000144,TP,16
2021-06-07 15:45:00+00:00,2021-06-08 01:00:00+00:00,1,21.0,1892.685713045342,1902.083713045342,1887.986713045342,1902.083713045342,195.88799999999813,TP,37
2021-06-08 08:15:00+00:00,2021-06-08 10:15:00+00:00,-1,27.0,1890.675101769308,1894.5151017693079,1894.5151017693079,1882.995101769308,-105.56999999999779,SL,8
2021-06-08 10:15:00+00:00,2021-06-08 11:30:00+00:00,-1,24.0,1892.764259423166,1897.0222594231661,1897.0222594231661,1884.248259423166,-103.87200000000092,SL,5
2021-06-08 12:00:00+00:00,2021-06-08 12:45:00+00:00,1,24.0,1899.9463254208097,1895.7463254208096,1895.7463254208096,1908.3463254208098,-102.4800000000011,SL,3
2021-06-08 12:45:00+00:00,2021-06-08 13:00:00+00:00,1,20.0,1898.6032725459559,1893.512272545956,1893.512272545956,1908.7852725459559,-103.2199999999979,SL,1
2021-06-08 16:00:00+00:00,2021-06-09 04:30:00+00:00,-1,13.0,1891.1991975978326,1894.1227441720457,1898.7241975978325,1876.1491975978327,-38.91610546477037,TIME,50
2021-06-09 08:15:00+00:00,2021-06-09 12:30:00+00:00,-1,33.0,1891.8986908799222,1894.9296908799222,1894.9296908799222,1885.8366908799223,-102.33299999999832,SL,17
2021-06-09 13:00:00+00:00,2021-06-09 14:30:00+00:00,1,23.0,1893.7038217507034,1889.4358217507033,1889.4358217507033,1902.2398217507032,-99.77400000000067,SL,6
2021-06-09 19:45:00+00:00,2021-06-10 05:30:00+00:00,-1,41.0,1888.8586153247225,1884.0386153247223,1891.2686153247225,1884.0386153247223,194.7500000000067,TP,39
2021-06-10 08:15:00+00:00,2021-06-10 12:30:00+00:00,-1,23.0,1879.859778749071,1884.234778749071,1884.234778749071,1871.1097787490712,-102.235,SL,17
2021-06-10 12:30:00+00:00,2021-06-10 12:45:00+00:00,-1,17.0,1875.8278725030623,1881.7908725030622,1881.7908725030622,1863.9018725030624,-102.56099999999941,SL,1
2021-06-10 13:15:00+00:00,2021-06-10 13:30:00+00:00,1,14.000000000000002,1892.399473927518,1885.4344739275182,1885.4344739275182,1906.3294739275182,-98.48999999999887,SL,1
2021-06-10 13:30:00+00:00,2021-06-11 02:00:00+00:00,1,13.0,1887.078460638229,1899.8703234754755,1879.644460638229,1901.946460638229,165.38421688420485,TIME,50
2021-06-11 08:30:00+00:00,2021-06-11 11:00:00+00:00,-1,28.999999999999996,1894.263302858949,1887.451302858949,1897.6693028589489,1887.451302858949,195.51799999999702,TP,10
2021-06-11 11:00:00+00:00,2021-06-11 13:00:00+00:00,-1,22.0,1891.2470342827019,1882.313034282702,1895.714034282702,1882.313034282702,195.00799999999933,TP,8
2021-06-11 13:00:00+00:00,2021-06-14 00:00:00+00:00,-1,18.0,1884.1723929621867,1872.9123929621867,1889.8023929621868,1872.9123929621867,201.41999999999985,TP,44
2021-06-14 08:15:00+00:00,2021-06-14 12:15:00+00:00,-1,21.0,1857.7434646845365,1848.1394646845367,1862.5454646845365,1848.1394646845367,200.2139999999961,TP,16
2021-06-14 12:15:00+00:00,2021-06-14 13:30:00+00:00,-1,21.0,1850.702536477582,1855.6585364775822,1855.6585364775822,1840.790536477582,-105.54600000000275,SL,5
2021-06-14 13:30:00+00:00,2021-06-14 13:45:00+00:00,-1,15.0,1849.4365792984822,1856.4795792984823,1856.4795792984823,1835.3505792984822,-106.6950000000018,SL,1
2021-06-14 14:30:00+00:00,2021-06-15 03:00:00+00:00,1,12.0,1866.7983020129561,1862.188139501305,1858.617302012956,1883.160302012956,-56.161950139814365,TIME,50
2021-06-15 08:15:00+00:00,2021-06-15 11:30:00+00:00,1,27.0,1864.2735640963067,1863.8342225533306,1860.5425640963067,1871.7355640963067,-13.75222166035418,SIGNAL_REVERSE,13
2021-06-15 11:30:00+00:00,2021-06-15 12:15:00+00:00,-1,28.000000000000004,1863.827349755948,1867.488349755948,1867.488349755948,1856.505349755948,-104.46800000000164,SL,3
2021-06-15 14:45:00+00:00,2021-06-15 21:00:00+00:00,-1,18.0,1859.1519233453362,1859.007166223642,1864.8909233453362,1847.673923345336,1.3456281904971001,SIGNAL_REVERSE,25
2021-06-15 21:00:00+00:00,2021-06-16 00:15:00+00:00,1,39.0,1859.0118890145247,1856.4138890145248,1856.4138890145248,1864.2078890145247,-104.0519999999983,SL,13
2021-06-16 08:15:00+00:00,2021-06-16 10:45:00+00:00,1,31.0,1860.0040979662274,1856.7630979662274,1856.7630979662274,1866.4860979662274,-102.64099999999955,SL,10
2021-06-16 11:00:00+00:00,2021-06-16 12:15:00+00:00,-1,28.999999999999996,1855.0220498079127,1858.4750498079127,1858.4750498079127,1848.1160498079128,-102.16699999999925,SL,5
2021-06-16 12:15:00+00:00,2021-06-16 14:00:00+00:00,-1,30.0,1857.439311661946,1860.785311661946,1860.785311661946,1850.747311661946,-102.4800000000001,SL,7
2021-06-16 16:30:00+00:00,2021-06-16 18:00:00+00:00,1,20.0,1859.8378983411385,1854.8358983411385,1854.8358983411385,1869.8418983411384,-101.43999999999906,SL,6
2021-06-16 18:00:00+00:00,2021-06-16 18:15:00+00:00,1,14.000000000000002,1861.7605428558575,1854.9775428558573,1854.9775428558573,1875.3265428558575,-95.94200000000183,SL,1
2021-06-16 18:30:00+00:00,2021-06-16 20:30:00+00:00,-1,12.0,1839.5187813796933,1823.6727813796933,1847.4417813796933,1823.6727813796933,189.31200000000004,TP,8
2021-06-16 20:30:00+00:00,2021-06-17 09:00:00+00:00,-1,8.0,1824.378896646112,1804.6712354636966,1835.947896646112,1801.240896646112,157.1012894593236,TIME,50
2021-06-17 09:00:00+00:00,2021-06-17 11:30:00+00:00,-1,17.0,1804.6336492020778,1793.1216492020776,1810.3896492020779,1793.1216492020776,194.5140000000029,TP,10
2021-07-01 21:15:00+00:00,2021-07-02 08:15:00+00:00,1,34.0,1776.761935404696,1782.709935404696,1773.787935404696,1782.709935404696,199.85199999999543,TP,44
2021-07-02 08:30:00+00:00,2021-07-02 12:30:00+00:00,1,30.0,1782.6417475035637,1779.1947475035636,1779.1947475035636,1789.535747503564,-105.51000000000349,SL,16
2021-07-02 12:30:00+00:00,2021-07-02 13:00:00+00:00,1,16.0,1780.861825881222,1793.689825881222,1774.4478258812221,1793.689825881222,204.1279999999996,TP,2
2021-07-02 13:00:00+00:00,2021-07-02 13:45:00+00:00,1,14.000000000000002,1789.5557407055273,1782.4337407055273,1782.4337407055273,1803.7997407055275,-100.68800000000101,SL,3
2021-07-02 13:45:00+00:00,2021-07-02 17:00:00+00:00,1,12.0,1785.8194683884242,1782.0409096486794,1777.4534683884242,1802.5514683884242,-46.18270487693721,SIGNAL_REVERSE,13
2021-07-02 17:00:00+00:00,2021-07-02 18:00:00+00:00,-1,11.0,1782.0441328851634,1790.7831328851635,1790.7831328851635,1764.5661328851634,-96.89900000000036,SL,4
2021-07-02 18:30:00+00:00,2021-07-04 22:45:00+00:00,1,19.0,1790.9172236792792,1785.6992236792792,1785.6992236792792,1801.3532236792794,-100.47200000000142,SL,17
2021-07-05 08:15:00+00:00,2021-07-05 11:45:00+00:00,1,28.999999999999996,1792.9194096263182,1789.4164096263182,1789.4164096263182,1799.925409626318,-103.61699999999793,SL,14
2021-07-06 08:15:00+00:00,2021-07-06 08:30:00+00:00,1,26.0,1806.6724290630987,1802.8934290630987,1802.8934290630987,1814.2304290630987,-100.0739999999999,SL,1
2021-07-06 08:30:00+00:00,2021-07-06 12:30:00+00:00,1,25.0,1803.93737062077,1811.83337062077,1799.98937062077,1811.83337062077,195.64999999999895,TP,16
2021-07-06 12:30:00+00:00,2021-07-06 14:30:00+00:00,1,21.0,1810.1632974991014,1805.3672974991014,1805.3672974991014,1819.7552974991015,-102.18600000000103,SL,8
2021-07-06 15:30:00+00:00,2021-07-07 04:00:00+00:00,-1,15.0,1803.4295420171425,1801.1426042168519,1810.1225420171425,1790.0435420171425,33.25406700435924,TIME,50
2021-07-07 08:15:00+00:00,2021-07-07 08:45:00+00:00,1,26.0,1807.3797255598333,1803.5707255598334,1803.5707255598334,1814.9977255598333,-100.85399999999919,SL,2
2021-07-07 08:45:00+00:00,2021-07-07 13:30:00+00:00,1,24.0,1804.9599919422544,1800.8829919422544,1800.8829919422544,1813.1139919422544,-99.52799999999996,SL,19
2021-07-07 14:30:00+00:00,2021-07-07 14:45:00+00:00,-1,17.0,1800.808802806106,1806.4968028061062,1806.4968028061062,1789.432802806106,-97.88600000000173,SL,1
2021-07-07 15:30:00+00:00,2021-07-07 18:00:00+00:00,-1,15.0,1801.8557202939182,1808.1657202939182,1808.1657202939182,1789.2357202939181,-95.69999999999918,SL,10
2021-07-08 08:15:00+00:00,2021-07-08 10:45:00+00:00,1,20.0,1807.1499181258143,1816.6139181258145,1802.4179181258144,1816.6139181258145,187.88000000000338,TP,10
2021-07-08 10:45:00+00:00,2021-07-08 14:15:00+00:00,1,13.0,1812.1802865753812,1805.0942865753811,1805.0942865753811,1826.3522865753812,-93.02800000000016,SL,14
2021-07-08 14:45:00+00:00,2021-07-08 21:00:00+00:00,-1,12.0,1806.1489800303648,1802.352375151373,1813.9429800303647,1790.5609800303648,44.71925854790075,SIGNAL_REVERSE,25
2021-07-08 21:00:00+00:00,2021-07-09 01:00:00+00:00,1,36.0,1802.3457185033549,1799.6167185033548,1799.6167185033548,1807.803718503355,-100.7640000000015,SL,16
2021-07-09 10:45:00+00:00,2021-07-09 11:00:00+00:00,1,20.0,1804.8301568743852,1800.0361568743851,1800.0361568743851,1814.4181568743854,-97.28000000000193,SL,1
2021-07-09 14:30:00+00:00,2021-07-12 03:00:00+00:00,1,17.0,1806.7498159158922,1805.2657831501574,1801.1208159158923,1818.007815915892,-26.418557017491768,TIME,50
2021-07-12 12:00:00+00:00,2021-07-12 12:45:00+00:00,-1,24.0,1799.9600649341955,1804.0210649341955,1804.0210649341955,1791.8380649341955,-99.14399999999813,SL,3
2021-07-12 14:00:00+00:00,2021-07-12 14:15:00+00:00,-1,17.0,1792.260316794653,1797.952316794653,1797.952316794653,1780.876316794653,-97.95400000000012,SL,1
2021-07-12 14:15:00+00:00,2021-07-12 14:30:00+00:00,-1,16.0,1796.8253780001144,1802.7073780001144,1802.7073780001144,1785.0613780001145,-95.232000000001,SL,1
2021-07-12 16:15:00+00:00,2021-07-13 04:45:00+00:00,1,14.000000000000002,1805.719505764636,1809.8931911556967,1799.1495057646362,1818.8595057646362,57.45159547484903,TIME,50
2021-07-13 08:30:00+00:00,2021-07-13 12:00:00+00:00,-1,27.0,1807.0728308387718,1810.6088308387718,1810.6088308387718,1800.000830838772,-97.36200000000157,SL,14
2021-07-13 16:00:00+00:00,2021-07-13 18:30:00+00:00,1,10.0,1813.3359518753834,1809.1049943187072,1804.0929518753835,1831.8219518753833,-43.00957556676231,SIGNAL_REVERSE,10
2021-07-13 18:30:00+00:00,2021-07-14 06:00:00+00:00,-1,19.0,1809.10068054339,1814.0346805433899,1814.0346805433899,1799.23268054339,-95.07599999999941,SL,46
2021-07-14 10:45:00+00:00,2021-07-14 12:00:00+00:00,1,26.0,1816.0326924258131,1823.2446924258131,1812.4266924258131,1823.2446924258131,185.69199999999972,TP,5
2021-07-14 12:00:00+00:00,2021-07-14 12:15:00+00:00,1,21.0,1817.1923346644282,1825.8903346644283,1812.8433346644283,1825.8903346644283,181.18800000000195,TP,1
2021-07-14 12:30:00+00:00,2021-07-15 01:00:00+00:00,1,20.0,1823.885321490878,1825.059300170964,1819.0313214908779,1833.593321490878,22.079573601721314,TIME,50
2021-07-15 08:15:00+00:00,2021-07-15 10:00:00+00:00,1,28.000000000000004,1831.6865428312542,1828.2555428312542,1828.2555428312542,1838.5485428312543,-98.02800000000113,SL,7
2021-07-15 10:00:00+00:00,2021-07-15 10:15:00+00:00,1,25.0,1832.0244107628478,1828.2264107628478,1828.2264107628478,1839.6204107628478,-96.70000000000005,SL,1
2021-07-15 10:45:00+00:00,2021-07-15 17:45:00+00:00,-1,21.0,1826.2133263500034,1829.1712663921771,1830.5833263500035,1817.4733263500034,-63.58674088564837,SIGNAL_REVERSE,28
2021-07-15 17:45:00+00:00,2021-07-16 05:30:00+00:00,1,21.0,1829.1682623836218,1824.6632623836217,1824.6632623836217,1838.1782623836218,-96.07500000000229,SL,47
2021-07-16 08:15:00+00:00,2021-07-16 11:15:00+00:00,-1,30.0,1821.8685843867404,1815.7365843867403,1824.9345843867404,1815.7365843867403,181.86000000000186,TP,12
2021-07-16 11:15:00+00:00,2021-07-16 12:15:00+00:00,-1,23.0,1817.310877414035,1821.427877414035,1821.427877414035,1809.076877414035,-96.30099999999912,SL,4
2021-07-23 16:30:00+00:00,2021-07-26 05:00:00+00:00,1,16.0,1804.0325964305232,1806.3926932087468,1798.1995964305233,1815.6985964305231,36.64154845157726,TIME,50
2021-07-26 08:15:00+00:00,2021-07-26 12:15:00+00:00,1,26.0,1807.2040579185293,1803.5390579185294,1803.5390579185294,1814.5340579185295,-97.10999999999905,SL,16
2021-07-26 12:45:00+00:00,2021-07-27 01:15:00+00:00,-1,25.0,1803.0399979035067,1799.5025609314773,1806.7889979035067,1795.5419979035066,86.68592430073386,TIME,50
2021-07-27 12:30:00+00:00,2021-07-27 14:00:00+00:00,1,24.0,1803.7034973019142,1799.7744973019144,1799.7744973019144,1811.5614973019142,-95.97599999999665,SL,6
2021-07-27 14:00:00+00:00,2021-07-27 14:15:00+00:00,1,22.0,1800.5249882861096,1796.3089882861095,1796.3089882861095,1808.9569882861097,-94.29200000000269,SL,1
2021-07-27 14:15:00+00:00,2021-07-27 14:30:00+00:00,1,19.0,1801.657239456656,1796.900239456656,1796.900239456656,1811.1712394566562,-91.71300000000117,SL,1
2021-07-27 21:15:00+00:00,2021-07-28 01:15:00+00:00,-1,49.0,1799.2421310758643,1801.1221310758644,1801.1221310758644,1795.4821310758641,-95.55000000000535,SL,16
2021-07-28 08:15:00+00:00,2021-07-28 13:45:00+00:00,-1,33.0,1800.4124956691326,1794.8884956691327,1803.1744956691325,1794.8884956691327,179.98199999999628,TP,22
2021-07-28 14:00:00+00:00,2021-07-28 14:30:00+00:00,-1,22.0,1795.1623712866783,1799.3913712866783,1799.3913712866783,1786.7043712866782,-94.57800000000093,SL,2
2021-07-28 14:30:00+00:00,2021-07-28 15:00:00+00:00,-1,21.0,1797.0991755525845,1801.3951755525845,1801.3951755525845,1788.5071755525844,-91.68600000000103,SL,2
2021-07-28 16:30:00+00:00,2021-07-28 18:00:00+00:00,1,23.0,1800.7749352252315,1796.8469352252314,1796.8469352252314,1808.6309352252315,-91.95400000000255,SL,6
2021-07-28 19:15:00+00:00,2021-07-29 01:00:00+00:00,1,17.0,1802.574902780871,1813.250902780871,1797.236902780871,1813.250902780871,180.30199999999883,TP,23
2021-07-29 08:15:00+00:00,2021-07-29 10:00:00+00:00,1,31.0,1817.5102677323137,1823.4562677323138,1814.5372677323137,1823.4562677323138,182.15600000000435,TP,7
2021-07-29 10:00:00+00:00,2021-07-29 15:15:00+00:00,1,22.0,1821.6013902721027,1829.7333902721027,1817.5353902721026,1829.7333902721027,177.36400000000137,TP,21
2021-07-29 15:15:00+00:00,2021-07-29 20:45:00+00:00,1,20.0,1829.123599705437,1827.9156706654155,1824.515599705437,1838.3395997054372,-25.55858080043108,SIGNAL_REVERSE,22
2021-07-29 20:45:00+00:00,2021-07-29 23:00:00+00:00,-1,46.0,1827.9229613937266,1829.9819613937266,1829.9819613937266,1823.8049613937267,-97.93399999999858,SL,9
2021-07-30 09:00:00+00:00,2021-07-30 11:45:00+00:00,1,34.0,1829.7502854172894,1826.9692854172895,1826.9692854172895,1835.3122854172896,-96.93399999999826,SL,11
2021-07-30 13:30:00+00:00,2021-07-30 16:45:00+00:00,-1,24.0,1824.4966716294532,1816.712671629453,1828.3886716294533,1816.712671629453,185.13600000000253,TP,13
2021-07-30 16:45:00+00:00,2021-08-02 05:15:00+00:00,-1,17.0,1818.0919679792335,1810.2893980904248,1823.3759679792336,1807.5239679792335,131.45368810974702,TIME,50
2021-08-02 08:15:00+00:00,2021-08-02 13:30:00+00:00,-1,30.0,1808.7251437889847,1811.9131437889848,1811.9131437889848,1802.3491437889847,-97.74000000000305,SL,21
2021-08-02 14:30:00+00:00,2021-08-02 20:45:00+00:00,1,18.0,1813.5648504669673,1812.9959389318922,1808.4388504669673,1823.8168504669675,-11.500407631352354,SIGNAL_REVERSE,25
2021-08-02 20:45:00+00:00,2021-08-03 09:15:00+00:00,-1,37.0,1812.9970155165515,1809.6276913050071,1815.5800155165516,1807.8310155165516,122.07499582714209,TIME,50
2021-08-03 14:00:00+00:00,2021-08-03 14:30:00+00:00,1,23.0,1813.8582085007406,1809.7402085007404,1809.7402085007404,1822.0942085007407,-96.3240000000038,SL,2
2021-08-04 08:15:00+00:00,2021-08-04 08:30:00+00:00,1,37.0,1814.820472828412,1812.284472828412,1812.284472828412,1819.892472828412,-96.42200000000216,SL,1
2021-08-04 11:45:00+00:00,2021-08-04 12:15:00+00:00,1,31.0,1818.2706077737457,1824.300607773746,1815.2556077737456,1824.300607773746,184.76000000000622,TP,2
2021-08-04 12:15:00+00:00,2021-08-04 12:45:00+00:00,1,25.0,1819.1700550281937,1826.652055028194,1815.4290550281937,1826.652055028194,185.30000000000496,TP,2
2021-08-04 12:45:00+00:00,2021-08-04 14:00:00+00:00,1,23.0,1824.7413667027993,1820.6963667027992,1820.6963667027992,1832.8313667027994,-94.64500000000167,SL,5
2021-08-04 14:00:00+00:00,2021-08-04 14:15:00+00:00,1,17.0,1828.4990832302265,1822.7500832302264,1822.7500832302264,1839.9970832302265,-98.9230000000004,SL,1
2021-08-04 15:30:00+00:00,2021-08-05 04:00:00+00:00,-1,12.0,1806.8175082584266,1811.0283354992648,1814.4185082584268,1791.6155082584266,-51.36992689005805,TIME,50
2021-08-05 11:45:00+00:00,2021-08-05 12:15:00+00:00,1,25.0,1813.5783067699695,1809.8293067699694,1809.8293067699694,1821.0763067699695,-95.47500000000059,SL,2
2021-08-05 14:00:00+00:00,2021-08-06 02:30:00+00:00,-1,16.0,1803.743727740381,1800.8868871221002,1809.566727740381,1792.0977277403808,44.58944989249256,TIME,50
2021-08-06 10:30:00+00:00,2021-08-06 12:00:00+00:00,-1,32.0,1797.6864947912106,1800.6444947912105,1800.6444947912105,1791.7704947912107,-96.8959999999954,SL,6
2021-08-06 13:00:00+00:00,2021-08-06 13:45:00+00:00,-1,15.0,1776.470537176614,1764.438537176614,1782.4865371766139,1764.438537176614,179.42999999999887,TP,3
2021-08-06 13:45:00+00:00,2021-08-08 22:15:00+00:00,-1,13.0,1769.5127213221344,1754.9667213221344,1776.7857213221343,1754.9667213221344,188.18800000000064,TP,34
2021-08-09 08:15:00+00:00,2021-08-09 09:30:00+00:00,1,15.0,1746.4325934110004,1740.2775934110005,1740.2775934110005,1758.7425934110004,-93.37499999999959,SL,5
2021-08-09 11:00:00+00:00,2021-08-09 11:30:00+00:00,-1,15.0,1740.4694601887418,1746.9484601887418,1746.9484601887418,1727.5114601887417,-98.23500000000062,SL,2
2021-08-09 14:15:00+00:00,2021-08-10 02:45:00+00:00,-1,11.0,1736.6847884398858,1733.7681636145735,1745.0157884398857,1720.0227884398857,31.312873078435114,TIME,50
2021-08-10 09:00:00+00:00,2021-08-10 13:30:00+00:00,-1,22.0,1731.5632299858887,1723.1192299858885,1735.7852299858887,1723.1192299858885,184.22800000000413,TP,18
2021-08-10 13:30:00+00:00,2021-08-10 15:30:00+00:00,-1,18.0,1725.05844127139,1730.36744127139,1730.36744127139,1714.4404412713898,-96.82199999999945,SL,8
2021-08-10 15:30:00+00:00,2021-08-10 17:30:00+00:00,-1,13.0,1727.3622496895937,1730.3156494677921,1734.3942496895936,1713.2982496895936,-39.304197116579786,SIGNAL_REVERSE,8
2021-08-10 17:30:00+00:00,2021-08-11 06:00:00+00:00,1,14.000000000000002,1730.315549349892,1734.2491827270203,1723.729549349892,1743.487549349892,54.09086727979505,TIME,50
2021-08-11 10:45:00+00:00,2021-08-11 12:30:00+00:00,1,24.0,1736.1552172345573,1744.0012172345573,1732.2322172345573,1744.0012172345573,186.62400000000008,TP,7
2021-08-11 12:30:00+00:00,2021-08-11 12:45:00+00:00,1,21.0,1736.0334879211314,1745.1854879211314,1731.4574879211314,1745.1854879211314,190.72200000000092,TP,1
2021-08-11 12:45:00+00:00,2021-08-11 13:00:00+00:00,1,19.0,1745.4965539711927,1740.3175539711926,1740.3175539711926,1755.854553971193,-99.73100000000166,SL,1
2021-08-11 13:00:00+00:00,2021-08-11 13:45:00+00:00,1,17.0,1744.811065663352,1739.171065663352,1739.171065663352,1756.0910656633523,-97.0700000000017,SL,3
2021-08-11 13:45:00+00:00,2021-08-12 02:15:00+00:00,1,15.0,1742.2294468802802,1748.9005714847876,1735.6224468802802,1755.4434468802804,99.01686906761161,TIME,50
2021-08-12 08:15:00+00:00,2021-08-12 10:45:00+00:00,1,28.000000000000004,1754.8457179714237,1751.2907179714236,1751.2907179714236,1761.9557179714238,-101.50000000000179,SL,10
2021-08-12 11:30:00+00:00,2021-08-12 13:30:00+00:00,-1,26.0,1750.7469724774978,1743.2869724774978,1754.4769724774978,1743.2869724774978,192.14000000000095,TP,8
2021-08-12 13:30:00+00:00,2021-08-12 18:00:00+00:00,-1,19.0,1749.0960694751523,1751.575110166674,1754.0930694751523,1739.1020694751523,-48.4317731389129,SIGNAL_REVERSE,18
2021-08-12 18:00:00+00:00,2021-08-13 06:30:00+00:00,1,20.0,1751.576786041757,1758.8159609581119,1746.7557860417571,1761.218786041757,143.38349832709682,TIME,50
2021-08-13 08:15:00+00:00,2021-08-13 12:45:00+00:00,1,32.0,1756.760494936128,1762.908494936128,1753.6864949361282,1762.908494936128,194.49599999999714,TP,18
2021-08-13 12:45:00+00:00,2021-08-13 14:00:00+00:00,1,28.000000000000004,1760.1765003957826,1767.1825003957824,1756.6735003957826,1767.1825003957824,194.20799999999605,TP,5
2021-08-13 14:00:00+00:00,2021-08-13 15:15:00+00:00,1,20.0,1764.9270279045263,1774.8090279045264,1759.9860279045263,1774.8090279045264,196.24000000000123,TP,5
2021-08-13 15:15:00+00:00,2021-08-16 03:45:00+00:00,1,19.0,1774.2615998624424,1777.0777518317773,1768.8795998624423,1785.0255998624425,52.176887417363034,TIME,50
2021-08-16 08:15:00+00:00,2021-08-16 12:30:00+00:00,-1,28.999999999999996,1774.1390057319143,1777.7460057319142,1777.7460057319142,1766.9250057319143,-106.63299999999914,SL,17
2021-08-16 13:00:00+00:00,2021-08-16 14:30:00+00:00,1,23.0,1778.144531483799,1787.180531483799,1773.626531483799,1787.180531483799,206.21800000000133,TP,6
2021-08-16 14:30:00+00:00,2021-08-17 03:00:00+00:00,1,18.0,1786.1599406360367,1786.6019972808783,1780.3609406360367,1797.7579406360367,6.69701960714905,TIME,50
2021-08-17 08:15:00+00:00,2021-08-17 12:30:00+00:00,1,31.0,1791.8197723290998,1788.4277723290998,1788.4277723290998,1798.6037723291,-107.32200000000164,SL,17
2021-08-17 13:00:00+00:00,2021-08-17 14:15:00+00:00,-1,27.0,1789.5014033370633,1781.7774033370633,1793.3634033370633,1781.7774033370633,206.6579999999982,TP,5
2021-08-17 14:15:00+00:00,2021-08-17 21:15:00+00:00,-1,18.0,1782.2927558410731,1785.4554596324936,1787.8857558410732,1771.1067558410732,-58.188668245567676,SIGNAL_REVERSE,28
2021-08-17 21:15:00+00:00,2021-08-18 01:45:00+00:00,1,51.0,1785.4585221249358,1789.6545221249357,1783.3605221249359,1789.6545221249357,210.42599999999555,TP,18
2021-08-18 09:15:00+00:00,2021-08-18 12:30:00+00:00,-1,35.0,1787.5378859065227,1790.5728859065227,1790.5728859065227,1781.4678859065227,-108.67500000000287,SL,13
2021-08-18 14:45:00+00:00,2021-08-18 18:00:00+00:00,-1,21.0,1781.564815621971,1786.5098156219713,1786.5098156219713,1771.674815621971,-105.31500000000344,SL,13
2021-08-18 18:00:00+00:00,2021-08-18 18:15:00+00:00,-1,20.0,1780.9206082148678,1786.272608214868,1786.272608214868,1770.2166082148676,-108.44000000000179,SL,1
2021-08-18 19:30:00+00:00,2021-08-19 01:45:00+00:00,1,20.0,1787.9114400940148,1782.8314400940149,1782.8314400940149,1798.0714400940149,-102.99999999999855,SL,25
2021-08-19 09:00:00+00:00,2021-08-19 14:00:00+00:00,1,20.0,1785.3311040410917,1780.1561040410918,1780.1561040410918,1795.6811040410917,-104.8999999999991,SL,20
2021-08-19 14:30:00+00:00,2021-08-20 03:00:00+00:00,-1,18.0,1780.1072335156412,1783.9231051971567,1785.7402335156412,1768.841233515641,-69.94569026727983,TIME,50
2021-08-20 08:15:00+00:00,2021-08-20 08:30:00+00:00,1,33.0,1786.4121170582093,1783.3031170582094,1783.3031170582094,1792.6301170582094,-104.90699999999748,SL,1
2021-08-20 09:15:00+00:00,2021-08-20 11:15:00+00:00,-1,30.0,1782.6439720230385,1786.0699720230384,1786.0699720230384,1775.7919720230384,-104.87999999999792,SL,8
2021-08-20 20:30:00+00:00,2021-08-23 01:00:00+00:00,-1,43.0,1781.62024977556,1776.8902497755598,1783.98524977556,1776.8902497755598,200.38000000001057,TP,18
2021-08-23 10:30:00+00:00,2021-08-23 12:30:00+00:00,1,32.0,1788.831034059575,1795.1370340595752,1785.6780340595749,1795.1370340595752,199.55200000000855,TP,8
2021-08-23 12:30:00+00:00,2021-08-23 13:00:00+00:00,1,27.0,1793.4974556603881,1801.0774556603883,1789.7074556603882,1801.0774556603883,202.7700000000042,TP,2
2021-08-23 13:00:00+00:00,2021-08-23 14:15:00+00:00,1,25.0,1799.9154255181766,1795.7314255181766,1795.7314255181766,1808.2834255181767,-106.34999999999923,SL,5
2021-08-23 14:15:00+00:00,2021-08-24 02:45:00+00:00,1,20.0,1799.4172359032088,1802.3504510559824,1794.155235903209,1809.941235903209,57.264303055470556,TIME,50
2021-08-24 11:00:00+00:00,2021-08-24 13:30:00+00:00,1,36.0,1804.4891393031908,1801.5761393031908,1801.5761393031908,1810.3151393031908,-107.38800000000039,SL,10
2021-08-24 13:30:00+00:00,2021-08-24 20:00:00+00:00,1,23.0,1807.3467666698134,1803.1467558445731,1802.8877666698133,1816.2647666698135,-98.2102489805262,SIGNAL_REVERSE,26
2021-08-24 20:00:00+00:00,2021-08-25 00:30:00+00:00,-1,52.0,1803.1457431333126,1799.1617431333127,1805.1377431333126,1799.1617431333127,203.52799999999604,TP,18
2021-08-25 14:00:00+00:00,2021-08-25 19:15:00+00:00,-1,18.0,1789.3829865168095,1791.7742957291557,1795.2559865168096,1777.6369865168094,-44.303565822231356,SIGNAL_REVERSE,21
2021-08-25 19:15:00+00:00,2021-08-26 01:00:00+00:00,1,28.999999999999996,1791.7651786095919,1788.1501786095919,1788.1501786095919,1798.9951786095921,-106.86500000000025,SL,23
2021-08-26 08:15:00+00:00,2021-08-26 10:45:00+00:00,-1,39.0,1785.2757503752728,1787.9207503752727,1787.9207503752727,1779.9857503752728,-105.8849999999993,SL,10
2021-08-26 11:30:00+00:00,2021-08-26 12:30:00+00:00,1,32.0,1789.7645192879008,1786.5515192879009,1786.5515192879009,1796.1905192879008,-105.05599999999889,SL,4
2021-08-26 12:30:00+00:00,2021-08-26 12:45:00+00:00,1,26.0,1788.3351205186302,1784.3511205186303,1784.3511205186303,1796.30312051863,-105.403999999998,SL,1
2021-08-26 15:15:00+00:00,2021-08-27 03:45:00+00:00,1,14.000000000000002,1795.662630192968,1798.4252979842743,1788.549630192968,1809.8886301929679,37.697349078288,TIME,50
2021-08-27 08:15:00+00:00,2021-08-27 08:30:00+00:00,1,32.0,1798.3040590221883,1795.1730590221885,1795.1730590221885,1804.5660590221883,-102.43199999999545,SL,1
2021-08-27 09:00:00+00:00,2021-08-27 12:45:00+00:00,-1,31.0,1797.025292898388,1800.308292898388,1800.308292898388,1790.4592928983882,-103.94299999999696,SL,15
2021-08-27 12:45:00+00:00,2021-08-27 13:15:00+00:00,-1,26.0,1798.0794967649429,1790.3354967649427,1801.951496764943,1790.3354967649427,199.5240000000037,TP,2
2021-08-27 13:30:00+00:00,2021-08-27 14:00:00+00:00,-1,22.0,1791.304218438601,1795.9252184386012,1795.9252184386012,1782.062218438601,-103.20200000000209,SL,2
2021-08-27 14:00:00+00:00,2021-08-27 14:15:00+00:00,-1,15.0,1792.0565021080217,1798.636502108022,1798.636502108022,1778.8965021080217,-99.75000000000232,SL,1
2021-08-27 14:45:00+00:00,2021-08-30 01:00:00+00:00,1,12.0,1807.2111382825583,1822.9291382825584,1799.3521382825584,1822.9291382825584,187.7760000000009,TP,41
2021-08-30 08:15:00+00:00,2021-08-30 11:15:00+00:00,-1,38.0,1814.318852632558,1816.9788526325578,1816.9788526325578,1808.998852632558,-103.73999999999447,SL,12
2021-08-30 11:15:00+00:00,2021-08-30 13:00:00+00:00,1,39.0,1816.0791725360987,1813.4871725360988,1813.4871725360988,1821.2631725360986,-103.81799999999497,SL,7
2021-08-30 14:15:00+00:00,2021-08-31 02:45:00+00:00,-1,27.0,1813.609281580235,1813.836535797791,1817.2302815802348,1806.367281580235,-8.025863874013012,TIME,50
2021-08-31 08:15:00+00:00,2021-08-31 10:45:00+00:00,1,40.0,1816.1223977002658,1813.6343977002657,1813.6343977002657,1821.0983977002659,-102.32000000000225,SL,10
2021-08-31 11:15:00+00:00,2021-08-31 13:00:00+00:00,-1,31.0,1813.7842498269263,1807.3102498269263,1817.0212498269264,1807.3102498269263,198.52399999999793,TP,7
2021-08-31 13:00:00+00:00,2021-08-31 13:30:00+00:00,-1,24.0,1809.5277021923293,1813.6537021923293,1813.6537021923293,1801.2757021923294,-100.70399999999944,SL,2
2021-08-31 13:30:00+00:00,2021-08-31 14:00:00+00:00,-1,19.0,1809.5865102157736,1814.9195102157737,1814.9195102157737,1798.9205102157737,-102.65700000000159,SL,2
2021-08-31 14:00:00+00:00,2021-08-31 17:45:00+00:00,-1,16.0,1810.5102753132242,1814.6800983036608,1816.5272753132242,1798.476275313224,-67.83716784698584,SIGNAL_REVERSE,15
2021-08-31 17:45:00+00:00,2021-09-01 06:15:00+00:00,1,13.0,1814.6781221427293,1816.0553054141626,1807.1971221427293,1829.6401221427293,16.993382528632846,TIME,50
2021-09-01 08:15:00+00:00,2021-09-01 09:30:00+00:00,-1,28.999999999999996,1809.6276687552545,1813.0066687552544,1813.0066687552544,1802.8696687552545,-100.02099999999724,SL,5
2021-09-01 09:30:00+00:00,2021-09-01 12:15:00+00:00,-1,27.0,1812.151310114467,1815.7403101144669,1815.7403101144669,1804.973310114467,-98.79299999999843,SL,11
2021-09-01 13:00:00+00:00,2021-09-01 13:15:00+00:00,1,22.0,1819.4267480738624,1815.1077480738625,1815.1077480738625,1828.0647480738623,-96.55799999999913,SL,1
2021-09-01 13:45:00+00:00,2021-09-01 14:00:00+00:00,1,19.0,1816.6871957959222,1811.7051957959222,1811.7051957959222,1826.6511957959221,-95.98799999999945,SL,1
2021-09-02 08:15:00+00:00,2021-09-02 12:30:00+00:00,1,40.0,1814.509639222861,1812.1216392228612,1812.1216392228612,1819.2856392228612,-98.3199999999968,SL,17
2021-09-02 12:45:00+00:00,2021-09-02 14:00:00+00:00,-1,33.0,1811.3755743159968,1805.6015743159967,1814.2625743159967,1805.6015743159967,188.23200000000378,TP,5
2021-09-02 14:00:00+00:00,2021-09-03 02:30:00+00:00,-1,22.0,1812.4876585365423,1814.0271524374818,1816.7796585365425,1803.9036585365423,-35.408865820669725,TIME,50
2021-09-03 11:15:00+00:00,2021-09-03 12:30:00+00:00,1,44.0,1814.8435956113342,1819.2635956113343,1812.6335956113342,1819.2635956113343,191.4000000000032,TP,5
2021-09-03 12:30:00+00:00,2021-09-03 12:45:00+00:00,1,24.0,1814.2487820052302,1822.19678200523,1810.2747820052302,1822.19678200523,189.07199999999676,TP,1
2021-09-03 12:45:00+00:00,2021-09-03 14:30:00+00:00,1,21.0,1819.4935172218277,1828.5815172218277,1814.9495172218276,1828.5815172218277,189.37799999999928,TP,7
2021-09-03 14:30:00+00:00,2021-09-03 21:00:00+00:00,1,14.000000000000002,1826.0874169959798,1827.7188133938805,1819.2314169959798,1839.7994169959798,21.85954957061042,SIGNAL_REVERSE,26
2021-09-03 21:00:00+00:00,2021-09-06 09:30:00+00:00,-1,52.0,1827.7157332951192,1823.8237332951192,1829.6617332951193,1823.8237332951192,198.74400000000276,TP,43
2021-09-06 09:30:00+00:00,2021-09-07 02:00:00+00:00,-1,41.0,1824.8524210599082,1826.611929265906,1827.3154210599082,1819.926421059908,-75.00983644590531,TIME,50
2021-09-28 20:00:00+00:00,2021-09-29 01:45:00+00:00,-1,28.999999999999996,1733.3451268738002,1736.8041268738002,1736.8041268738002,1726.4271268738003,-102.34100000000173,SL,23
2021-09-29 09:15:00+00:00,2021-09-29 12:30:00+00:00,1,24.0,1742.4565059828726,1738.3415059828726,1738.3415059828726,1750.6865059828724,-100.44000000000023,SL,13
2021-09-29 13:15:00+00:00,2021-09-29 14:15:00+00:00,-1,24.0,1738.0741159770928,1729.700115977093,1742.2611159770927,1729.700115977093,199.2959999999951,TP,4
2021-09-29 14:15:00+00:00,2021-09-30 02:45:00+00:00,-1,18.0,1731.0982580480754,1733.0283973594776,1736.7162580480754,1719.8622580480755,-36.002507605239096,TIME,50
2021-09-30 10:30:00+00:00,2021-09-30 12:30:00+00:00,-1,22.0,1726.6242875552264,1731.1522875552264,1731.1522875552264,1717.5682875552263,-101.15600000000045,SL,8
2021-09-30 12:30:00+00:00,2021-09-30 12:45:00+00:00,-1,21.0,1728.600246943821,1733.293246943821,1733.293246943821,1719.214246943821,-100.02299999999966,SL,1
2021-09-30 13:15:00+00:00,2021-09-30 14:00:00+00:00,1,17.0,1737.4725377067966,1748.9065377067966,1731.7555377067968,1748.9065377067966,193.18799999999948,TP,3
2021-09-30 14:00:00+00:00,2021-09-30 14:45:00+00:00,1,14.000000000000002,1742.0478512240043,1756.019851224004,1735.0618512240044,1756.019851224004,194.62799999999658,TP,3
2021-09-30 14:45:00+00:00,2021-10-01 03:15:00+00:00,1,12.0,1754.8383504687752,1754.9565430059934,1746.7823504687751,1770.950350468775,0.5783104466183068,TIME,50
2021-10-01 13:30:00+00:00,2021-10-04 02:00:00+00:00,1,19.0,1756.8602007191225,1762.0865726803117,1751.4562007191225,1767.6682007191225,97.9710672625951,TIME,50
2021-10-04 08:15:00+00:00,2021-10-04 12:30:00+00:00,-1,28.999999999999996,1753.7805361050785,1757.3335361050783,1757.3335361050783,1746.6745361050787,-105.06699999999661,SL,17
2021-10-04 12:30:00+00:00,2021-10-04 12:45:00+00:00,-1,22.0,1752.4954702483842,1757.0584702483843,1757.0584702483843,1743.369470248384,-101.92600000000225,SL,1
2021-10-04 14:30:00+00:00,2021-10-05 03:00:00+00:00,1,14.000000000000002,1760.8315079458973,1761.9138410113467,1753.5935079458973,1775.3075079458972,14.172662916290866,TIME,50
2021-10-05 08:15:00+00:00,2021-10-05 13:45:00+00:00,-1,25.0,1758.9961490701176,1751.0321490701174,1762.9781490701175,1751.0321490701174,197.35000000000423,TP,22
2021-10-05 14:15:00+00:00,2021-10-05 15:15:00+00:00,-1,18.0,1750.0201073480916,1755.8091073480916,1755.8091073480916,1738.4421073480914,-105.46199999999978,SL,4
2021-10-05 15:15:00+00:00,2021-10-05 15:30:00+00:00,-1,15.0,1754.5235836103202,1761.0975836103203,1761.0975836103203,1741.37558361032,-99.66000000000103,SL,1
2021-10-05 17:00:00+00:00,2021-10-06 04:00:00+00:00,1,15.0,1759.9365269013385,1753.4985269013384,1753.4985269013384,1772.8125269013385,-97.62000000000153,SL,44
2021-10-06 08:15:00+00:00,2021-10-06 11:15:00+00:00,-1,21.0,1748.2981246606487,1752.9611246606487,1752.9611246606487,1738.9721246606487,-99.39300000000023,SL,12
2021-10-06 11:45:00+00:00,2021-10-07 00:15:00+00:00,1,18.0,1755.7454737250673,1763.3521340623506,1750.3194737250674,1766.5974737250672,135.65988607109944,TIME,50
2021-10-07 08:15:00+00:00,2021-10-07 08:45:00+00:00,1,27.0,1764.7663978759049,1760.974397875905,1760.974397875905,1772.350397875905,-104.27399999999774,SL,2
2021-10-07 08:45:00+00:00,2021-10-07 12:30:00+00:00,1,25.0,1761.6894107742964,1757.7244107742965,1757.7244107742965,1769.6194107742965,-100.87499999999795,SL,15
2021-10-07 13:00:00+00:00,2021-10-07 13:45:00+00:00,-1,22.0,1755.1008564622798,1759.4948564622798,1759.4948564622798,1746.3128564622798,-98.20800000000013,SL,3
2021-10-07 13:45:00+00:00,2021-10-07 14:00:00+00:00,-1,20.0,1756.949781235653,1761.824781235653,1761.824781235653,1747.199781235653,-98.9,SL,1
2021-10-07 14:00:00+00:00,2021-10-08 02:30:00+00:00,-1,19.0,1758.7922036367088,1759.175320435894,1763.9372036367088,1748.5022036367088,-8.609219184519661,TIME,50
2021-10-08 08:15:00+00:00,2021-10-08 09:30:00+00:00,-1,30.0,1755.8688561389347,1759.1488561389347,1759.1488561389347,1749.3088561389345,-100.49999999999918,SL,5
2021-10-08 11:00:00+00:00,2021-10-08 12:30:00+00:00,1,27.0,1759.8187371800288,1766.8687371800288,1756.293737180029,1766.8687371800288,188.4599999999988,TP,6
2021-10-08 12:30:00+00:00,2021-10-08 12:45:00+00:00,1,20.0,1761.9415133499876,1771.7615133499876,1757.0315133499878,1771.7615133499876,194.99999999999872,TP,1
2021-10-08 13:00:00+00:00,2021-10-08 13:45:00+00:00,1,18.0,1775.846086669708,1770.346086669708,1770.346086669708,1786.8460866697078,-100.26,SL,3
2021-10-08 13:45:00+00:00,2021-10-08 14:00:00+00:00,1,15.0,1771.785137773553,1765.064137773553,1765.064137773553,1785.2271377735528,-101.86500000000005,SL,1
2021-10-08 14:00:00+00:00,2021-10-08 14:15:00+00:00,1,13.0,1772.697482942479,1765.206482942479,1765.206482942479,1787.679482942479,-98.29299999999981,SL,1
2021-10-08 14:30:00+00:00,2021-10-08 16:00:00+00:00,1,11.0,1762.48956547323,1758.5810592802582,1754.20356547323,1779.0615654732298,-43.7635681226898,SIGNAL_REVERSE,6
2021-10-08 16:00:00+00:00,2021-10-11 04:30:00+00:00,-1,11.0,1758.576896974447,1756.618778376442,1767.326896974447,1741.076896974447,20.769304578055635,TIME,50
2021-10-11 08:30:00+00:00,2021-10-11 13:30:00+00:00,-1,28.999999999999996,1754.8296955882038,1758.132695588204,1758.132695588204,1748.2236955882036,-97.8170000000032,SL,20
2021-10-11 14:00:00+00:00,2021-10-11 19:00:00+00:00,1,22.0,1757.7709351559245,1755.4147816860834,1753.3439351559243,1766.6249351559247,-53.37537633650303,SIGNAL_REVERSE,20
2021-10-11 19:00:00+00:00,2021-10-12 02:15:00+00:00,-1,39.0,1755.4098486662315,1757.8948486662314,1757.8948486662314,1750.4398486662315,-99.6449999999961,SL,29
2021-10-12 11:15:00+00:00,2021-10-12 12:15:00+00:00,1,26.0,1762.498448312594,1758.779448312594,1758.779448312594,1769.9364483125942,-98.51400000000132,SL,4
2021-10-12 12:15:00+00:00,2021-10-12 12:30:00+00:00,1,23.0,1762.219212801277,1758.116212801277,1758.116212801277,1770.4252128012772,-95.9790000000015,SL,1
2021-10-12 14:15:00+00:00,2021-10-12 17:15:00+00:00,1,14.000000000000002,1766.2560028739852,1759.616002873985,1759.616002873985,1779.5360028739854,-93.94000000000142,SL,12
2021-10-12 18:15:00+00:00,2021-10-13 06:45:00+00:00,-1,17.0,1759.8071717943433,1762.2044240425082,1765.2261717943434,1748.969171794343,-41.94328821880384,TIME,50
2021-10-13 08:15:00+00:00,2021-10-13 10:45:00+00:00,1,34.0,1767.8552226882064,1773.3092226882065,1765.1282226882063,1773.3092226882065,183.05600000000607,TP,10
2021-10-13 10:45:00+00:00,2021-10-13 12:15:00+00:00,1,28.000000000000004,1770.4910137276283,1777.1330137276284,1767.1700137276284,1777.1330137276284,184.0160000000015,TP,6
2021-10-13 12:15:00+00:00,2021-10-13 12:30:00+00:00,1,25.0,1776.1826384406731,1772.3756384406731,1772.3756384406731,1783.7966384406732,-96.92500000000041,SL,1
2021-10-13 12:30:00+00:00,2021-10-13 12:45:00+00:00,1,17.0,1776.3578480758865,1770.9318480758866,1770.9318480758866,1787.2098480758866,-93.43199999999882,SL,1
2021-10-13 14:00:00+00:00,2021-10-14 02:30:00+00:00,1,11.0,1781.6828755558488,1788.3986764494923,1773.4228755558488,1798.2028755558488,73.1038098300787,TIME,50
2021-10-14 08:15:00+00:00,2021-10-14 20:45:00+00:00,1,28.999999999999996,1794.6942916263229,1795.7151899518863,1791.440291626323,1801.202291626323,27.576051441338418,TIME,50
2021-10-14 21:00:00+00:00,2021-10-15 05:30:00+00:00,-1,50.0,1795.72457653886,1791.8845765388598,1797.64457653886,1791.8845765388598,188.50000000000728,TP,34
2021-10-15 08:15:00+00:00,2021-10-15 09:15:00+00:00,-1,33.0,1789.0305506223897,1783.2065506223896,1791.9425506223897,1783.2065506223896,189.88200000000228,TP,4
2021-10-15 09:15:00+00:00,2021-10-15 12:00:00+00:00,-1,27.0,1783.559530122124,1776.447530122124,1787.115530122124,1776.447530122124,190.13400000000217,TP,11
2021-10-15 12:00:00+00:00,2021-10-15 12:45:00+00:00,-1,21.0,1778.2835325676679,1769.233532567668,1782.808532567668,1769.233532567668,188.57999999999905,TP,3
2021-10-15 12:45:00+00:00,2021-10-18 01:15:00+00:00,-1,18.0,1774.0716371416956,1770.5448764744776,1779.5996371416957,1763.0156371416956,62.22169200992425,TIME,50
2021-10-18 08:15:00+00:00,2021-10-18 14:15:00+00:00,-1,23.0,1766.3748376954366,1768.8395250793153,1770.7408376954365,1757.6428376954366,-58.297809829211346,SIGNAL_REVERSE,24
2021-10-18 14:15:00+00:00,2021-10-18 19:15:00+00:00,1,15.0,1768.8434265462172,1765.7617609873728,1762.3414265462172,1781.8474265462173,-47.27498338266609,SIGNAL_REVERSE,20
2021-10-18 19:15:00+00:00,2021-10-19 01:00:00+00:00,-1,33.0,1765.7602020149723,1768.7822020149722,1768.7822020149722,1759.7162020149722,-102.03599999999784,SL,23
2021-10-19 08:15:00+00:00,2021-10-19 09:30:00+00:00,1,31.0,1782.334780457458,1779.123780457458,1779.123780457458,1788.756780457458,-101.7110000000004,SL,5
2021-10-19 09:30:00+00:00,2021-10-19 11:00:00+00:00,1,28.999999999999996,1780.159748768365,1776.719748768365,1776.719748768365,1787.0397487683651,-101.79000000000157,SL,6
2021-10-19 14:45:00+00:00,2021-10-20 03:15:00+00:00,-1,15.0,1771.0936907868784,1773.3155172149168,1777.6536907868783,1757.9736907868783,-34.377396420576176,TIME,50
2021-10-20 08:15:00+00:00,2021-10-20 12:00:00+00:00,1,36.0,1776.9144541657247,1782.3484541657247,1774.1974541657246,1782.3484541657247,193.10399999999888,TP,15
2021-11-03 20:15:00+00:00,2021-11-04 08:15:00+00:00,1,17.0,1772.017658094133,1773.2899593609343,1766.1056580941329,1783.841658094133,20.439121535623425,SIGNAL_REVERSE,48
2021-11-04 08:15:00+00:00,2021-11-04 08:30:00+00:00,-1,31.0,1773.294092982339,1776.446092982339,1776.446092982339,1766.990092982339,-99.88200000000136,SL,1
2021-11-04 10:00:00+00:00,2021-11-04 12:15:00+00:00,1,25.0,1777.3692365512054,1785.2532365512052,1773.4272365512054,1785.2532365512052,195.34999999999468,TP,9
2021-11-04 12:15:00+00:00,2021-11-04 12:45:00+00:00,1,21.0,1782.0343010551926,1791.4263010551927,1777.3383010551927,1791.4263010551927,195.7620000000011,TP,2
2021-11-04 12:45:00+00:00,2021-11-04 14:15:00+00:00,1,19.0,1788.2000241299365,1798.7820241299364,1782.9090241299366,1798.7820241299364,199.7279999999977,TP,6
2021-11-04 14:15:00+00:00,2021-11-04 16:45:00+00:00,1,18.0,1796.6847113515182,1791.0137113515182,1791.0137113515182,1808.0267113515183,-103.33800000000089,SL,10
2021-11-04 16:45:00+00:00,2021-11-04 20:45:00+00:00,1,17.0,1792.1875883563725,1791.6399545476029,1786.1865883563726,1804.1895883563725,-10.499774749084226,SIGNAL_REVERSE,16
2021-11-04 20:45:00+00:00,2021-11-05 01:00:00+00:00,-1,44.0,1791.636404692082,1793.986404692082,1793.986404692082,1786.9364046920819,-106.480000000006,SL,17
2021-11-05 08:15:00+00:00,2021-11-05 10:15:00+00:00,1,35.0,1796.8394825235455,1793.9484825235454,1793.9484825235454,1802.6214825235454,-103.63500000000268,SL,8
2021-11-05 11:15:00+00:00,2021-11-05 12:30:00+00:00,-1,26.0,1793.3722051262644,1797.2082051262644,1797.2082051262644,1785.7002051262643,-101.55600000000032,SL,5
2021-11-05 12:30:00+00:00,2021-11-05 13:15:00+00:00,-1,19.0,1791.9464452463658,1797.2894452463659,1797.2894452463659,1781.2604452463659,-102.84700000000142,SL,3
2021-11-05 14:45:00+00:00,2021-11-05 16:15:00+00:00,1,12.0,1799.2388988946889,1815.0108988946888,1791.352898894689,1815.0108988946888,188.4239999999992,TP,6
2021-11-05 16:15:00+00:00,2021-11-08 05:45:00+00:00,1,10.0,1810.4003072329108,1819.4852347293358,1801.001307232911,1829.1983072329108,90.14927496425052,TIME,50
2021-11-08 08:15:00+00:00,2021-11-08 13:15:00+00:00,-1,31.0,1816.1431351670524,1819.3961351670523,1819.3961351670523,1809.6371351670525,-103.0129999999978,SL,20
2021-11-08 13:45:00+00:00,2021-11-09 03:15:00+00:00,1,21.0,1818.9080140063675,1823.104689303999,1814.2180140063674,1828.2880140063676,86.6601812502636,TIME,50
2021-11-09 11:45:00+00:00,2021-11-09 12:00:00+00:00,1,24.0,1827.3189183770992,1823.100918377099,1823.100918377099,1835.754918377099,-102.9120000000018,SL,1
2021-11-09 13:45:00+00:00,2021-11-09 15:00:00+00:00,1,22.0,1829.927001834306,1825.3950018343062,1825.3950018343062,1838.9910018343062,-101.24399999999837,SL,5
2021-11-09 18:45:00+00:00,2021-11-10 07:15:00+00:00,1,18.0,1829.3018003493542,1825.6631867854123,1823.806800349354,1840.2918003493542,-66.75504415095271,TIME,50
2021-11-10 08:15:00+00:00,2021-11-10 13:30:00+00:00,-1,31.0,1825.3882518724758,1828.568251872476,1828.568251872476,1819.0282518724757,-100.75000000000198,SL,21
2021-11-10 14:00:00+00:00,2021-11-10 14:30:00+00:00,1,15.0,1849.777634754282,1862.833634754282,1843.249634754282,1862.833634754282,194.7900000000006,TP,2
2021-11-10 15:30:00+00:00,2021-11-10 17:45:00+00:00,1,10.0,1859.8985521783413,1850.6505521783413,1850.6505521783413,1878.3945521783414,-93.18000000000048,SL,9
2021-11-10 19:30:00+00:00,2021-11-11 05:45:00+00:00,-1,13.0,1847.4715113934794,1855.0695113934794,1855.0695113934794,1832.2755113934795,-99.68399999999943,SL,41
2021-11-11 08:15:00+00:00,2021-11-11 08:45:00+00:00,1,25.0,1856.2121675175017,1863.9961675175016,1852.3201675175017,1863.9961675175016,192.84999999999695,TP,2
2021-11-11 08:45:00+00:00,2021-11-11 12:15:00+00:00,1,23.0,1861.5196650926314,1857.1986650926315,1857.1986650926315,1870.1616650926314,-100.99299999999799,SL,14
2021-11-11 12:15:00+00:00,2021-11-11 12:30:00+00:00,1,21.0,1861.4086129889888,1856.8006129889889,1856.8006129889889,1870.624612988989,-98.23799999999889,SL,1
2021-11-12 08:45:00+00:00,2021-11-12 10:30:00+00:00,-1,26.0,1853.6864737728094,1846.1004737728094,1857.4794737728096,1846.1004737728094,195.41600000000034,TP,7
2021-11-12 10:30:00+00:00,2021-11-12 13:00:00+00:00,-1,20.0,1849.4192804937436,1854.2012804937435,1854.2012804937435,1839.8552804937435,-97.03999999999851,SL,10
2021-11-12 13:45:00+00:00,2021-11-12 18:15:00+00:00,1,18.0,1855.5671383082129,1866.361138308213,1850.170138308213,1866.361138308213,193.03200000000174,TP,18
2021-11-12 18:15:00+00:00,2021-11-15 01:30:00+00:00,1,18.0,1864.9540009127816,1859.4330009127816,1859.4330009127816,1875.9960009127815,-100.63799999999925,SL,29
2021-11-15 08:30:00+00:00,2021-11-15 08:45:00+00:00,1,30.0,1863.5084265029604,1860.1634265029604,1860.1634265029604,1870.1984265029605,-102.45000000000081,SL,1
2021-11-15 08:45:00+00:00,2021-11-15 13:00:00+00:00,1,28.999999999999996,1860.2053897937756,1866.9753897937755,1856.8203897937756,1866.9753897937755,194.29999999999944,TP,17
2021-11-15 13:00:00+00:00,2021-11-15 14:45:00+00:00,1,25.0,1863.8399460022397,1859.9329460022398,1859.9329460022398,1871.6539460022398,-99.42499999999814,SL,7
2021-11-15 19:15:00+00:00,2021-11-15 23:45:00+00:00,1,24.0,1866.1262393805443,1862.0122393805443,1862.0122393805443,1874.3542393805444,-100.41600000000079,SL,18
2021-11-16 08:15:00+00:00,2021-11-16 08:45:00+00:00,-1,31.0,1864.9026153355628,1868.043615335563,1868.043615335563,1858.620615335563,-99.54100000000237,SL,2
2021-11-16 09:15:00+00:00,2021-11-16 13:45:00+00:00,1,23.0,1873.012471108727,1868.8334711087268,1868.8334711087268,1881.3704711087269,-97.72700000000201,SL,18
2021-11-16 14:30:00+00:00,2021-11-16 23:00:00+00:00,-1,15.0,1861.4736924818662,1848.9016924818663,1867.7596924818663,1848.9016924818663,187.52999999999832,TP,34
2021-11-17 08:15:00+00:00,2021-11-17 12:00:00+00:00,1,33.0,1857.0130694422437,1863.013069442244,1854.0130694422437,1863.013069442244,195.6900000000075,TP,15
2021-11-17 12:00:00+00:00,2021-11-18 00:15:00+00:00,1,26.0,1861.7143690728815,1869.1343690728816,1858.0043690728814,1869.1343690728816,191.1000000000019,TP,49
2021-11-18 10:45:00+00:00,2021-11-18 12:30:00+00:00,-1,24.0,1860.7389346789957,1865.0269346789958,1865.0269346789958,1852.1629346789957,-104.59200000000027,SL,7
2021-11-18 19:00:00+00:00,2021-11-19 07:30:00+00:00,-1,22.0,1859.9178964080797,1858.6621358660993,1864.4198964080797,1850.9138964080798,26.08673192356897,TIME,50
2021-11-19 08:15:00+00:00,2021-11-19 09:00:00+00:00,-1,35.0,1859.055071920427,1853.2150719204271,1861.9750719204271,1853.2150719204271,201.94999999999715,TP,3
2021-11-19 09:00:00+00:00,2021-11-19 09:15:00+00:00,-1,32.0,1853.8315846173778,1857.0105846173778,1857.0105846173778,1847.4735846173778,-103.96800000000279,SL,1
2021-11-19 09:15:00+00:00,2021-11-19 09:30:00+00:00,-1,25.0,1852.5633714344874,1856.6053714344873,1856.6053714344873,1844.4793714344873,-102.79999999999791,SL,1
2021-11-19 09:30:00+00:00,2021-11-19 12:45:00+00:00,-1,24.0,1860.7298083276507,1863.4603324980985,1865.0088083276507,1852.1718083276508,-67.21258009074671,SIGNAL_REVERSE,13
2021-11-19 12:45:00+00:00,2021-11-19 14:15:00+00:00,1,16.0,1863.456779124883,1857.382779124883,1857.382779124883,1875.604779124883,-98.30400000000111,SL,6
2021-11-19 17:15:00+00:00,2021-11-21 23:00:00+00:00,-1,15.0,1855.57886890581,1842.5148689058099,1862.1108689058099,1842.5148689058099,194.91000000000116,TP,23
2021-11-22 08:15:00+00:00,2021-11-22 10:30:00+00:00,-1,27.0,1845.484858752665,1838.032858752665,1849.210858752665,1838.032858752665,199.31399999999996,TP,9
2021-11-22 10:30:00+00:00,2021-11-22 14:00:00+00:00,-1,22.0,1841.9257233159753,1832.6137233159754,1846.5817233159753,1832.6137233159754,203.32399999999777,TP,14
2021-11-22 14:00:00+00:00,2021-11-22 14:15:00+00:00,-1,16.0,1837.9623542572217,1825.1703542572218,1844.3583542572217,1825.1703542572218,203.55199999999866,TP,1
2021-11-22 14:15:00+00:00,2021-11-22 14:30:00+00:00,-1,13.0,1828.874604397916,1813.7086043979161,1836.4576043979162,1813.7086043979161,196.24799999999922,TP,1
2021-11-22 14:45:00+00:00,2021-11-22 19:15:00+00:00,-1,12.0,1819.7339175055852,1802.3579175055852,1828.421917505585,1802.3579175055852,207.6719999999997,TP,18
2021-11-22 19:15:00+00:00,2021-11-23 00:00:00+00:00,-1,13.0,1802.542597510517,1810.312597510517,1810.312597510517,1787.002597510517,-101.91999999999976,SL,19
2021-11-23 08:30:00+00:00,2021-11-23 09:30:00+00:00,-1,27.0,1803.5722609383138,1795.5562609383137,1807.5802609383138,1795.5562609383137,214.54200000000208,TP,4
2021-11-23 09:30:00+00:00,2021-11-23 13:15:00+00:00,-1,19.0,1798.264671900005,1786.9526719000048,1803.920671900005,1786.9526719000048,213.59800000000237,TP,15
2021-11-23 13:15:00+00:00,2021-11-23 20:45:00+00:00,-1,16.0,1790.752206451878,1790.816929417365,1797.638206451878,1776.980206451878,-2.155567447790527,SIGNAL_REVERSE,30
2021-11-23 20:45:00+00:00,2021-11-24 09:00:00+00:00,1,24.0,1790.8187862092743,1791.3611483226264,1786.2567862092744,1799.9427862092743,11.336690720449333,SIGNAL_REVERSE,49
2021-11-24 09:00:00+00:00,2021-11-24 13:00:00+00:00,-1,31.0,1791.361609922594,1784.217609922594,1794.9336099225939,1784.217609922594,219.29400000000018,TP,16
2021-11-24 13:00:00+00:00,2021-11-24 16:30:00+00:00,-1,26.0,1785.8417207611644,1790.0957207611643,1790.0957207611643,1777.3337207611644,-112.42399999999753,SL,14
2021-11-24 21:00:00+00:00,2021-11-25 09:30:00+00:00,1,32.0,1788.1558973127776,1793.4647479505286,1784.6168973127776,1795.2338973127776,167.64322040803177,TIME,50
2021-11-25 09:45:00+00:00,2021-11-25 10:15:00+00:00,1,50.0,1793.7770211430015,1791.5010211430015,1791.5010211430015,1798.3290211430015,-117.30000000000337,SL,2
2021-11-25 10:45:00+00:00,2021-11-26 00:00:00+00:00,-1,45.0,1790.6374335057258,1793.1244335057258,1793.1244335057258,1785.6634335057258,-115.06500000000361,SL,37
2021-12-03 08:30:00+00:00,2021-12-03 10:15:00+00:00,-1,36.0,1768.4750919023445,1771.5640919023444,1771.5640919023444,1762.2970919023444,-113.7239999999979,SL,7
2021-12-03 10:15:00+00:00,2021-12-03 12:30:00+00:00,-1,28.999999999999996,1770.9257147382493,1772.9500421935556,1774.7037147382493,1763.3697147382493,-60.73549620388328,SIGNAL_REVERSE,9
2021-12-03 12:30:00+00:00,2021-12-03 13:15:00+00:00,1,30.0,1772.9503182385579,1769.3133182385577,1769.3133182385577,1780.224318238558,-111.21000000000512,SL,3
2021-12-03 13:15:00+00:00,2021-12-03 13:45:00+00:00,1,26.0,1771.8981458156907,1767.7401458156905,1767.7401458156905,1780.2141458156907,-109.92800000000335,SL,2
2021-12-03 16:45:00+00:00,2021-12-06 05:15:00+00:00,1,13.0,1776.4327393943865,1781.1673524331206,1768.2467393943864,1792.8047393943866,60.639969503543256,TIME,50
2021-12-06 08:30:00+00:00,2021-12-06 16:45:00+00:00,-1,32.0,1781.1365572764241,1784.507557276424,1784.507557276424,1774.3945572764242,-110.11199999999575,SL,33
2021-12-06 17:15:00+00:00,2021-12-06 18:00:00+00:00,1,21.0,1783.813955045772,1778.746955045772,1778.746955045772,1793.947955045772,-107.87700000000015,SL,3
2021-12-06 21:00:00+00:00,2021-12-07 06:00:00+00:00,-1,37.0,1779.0306565075175,1781.9516565075176,1781.9516565075176,1773.1886565075176,-110.66700000000182,SL,36
2021-12-07 08:15:00+00:00,2021-12-07 09:00:00+00:00,1,39.0,1781.5826687556812,1778.8526687556812,1778.8526687556812,1787.042668755681,-109.20000000000071,SL,3
2021-12-07 09:00:00+00:00,2021-12-07 09:15:00+00:00,1,34.0,1781.823063987288,1778.707063987288,1778.707063987288,1788.055063987288,-108.3239999999995,SL,1
2021-12-07 13:15:00+00:00,2021-12-07 13:30:00+00:00,1,27.0,1783.288084596225,1779.448084596225,1779.448084596225,1790.968084596225,-105.56999999999779,SL,1
2021-12-07 14:00:00+00:00,2021-12-07 14:15:00+00:00,-1,22.0,1775.2957075775598,1779.9027075775598,1779.9027075775598,1766.0817075775599,-102.89399999999937,SL,1
2021-12-07 16:45:00+00:00,2021-12-08 05:15:00+00:00,1,18.0,1785.9159434150265,1789.0850573082082,1780.2969434150266,1797.1539434150266,55.78405007727064,TIME,50
2021-12-08 11:00:00+00:00,2021-12-08 11:15:00+00:00,1,28.000000000000004,1792.0527009071816,1788.4237009071817,1788.4237009071817,1799.3107009071816,-103.57199999999736,SL,1
2021-12-08 12:30:00+00:00,2021-12-08 19:30:00+00:00,-1,24.0,1785.0740672909467,1785.601562296481,1789.3780672909465,1776.4660672909467,-14.339880132823673,SIGNAL_REVERSE,28
2021-12-08 19:30:00+00:00,2021-12-08 21:45:00+00:00,1,33.0,1785.5953417941093,1782.4693417941094,1782.4693417941094,1791.8473417941093,-105.46799999999922,SL,9
2021-12-09 08:15:00+00:00,2021-12-09 08:30:00+00:00,1,39.0,1786.2427018694946,1783.6307018694945,1783.6307018694945,1791.4667018694945,-104.59800000000313,SL,1
2021-12-09 09:45:00+00:00,2021-12-09 12:15:00+00:00,-1,30.0,1782.4470077707833,1775.8250077707833,1785.7580077707833,1775.8250077707833,196.56000000000213,TP,10
2021-12-09 12:15:00+00:00,2021-12-09 14:15:00+00:00,-1,27.0,1778.978975897469,1782.7619758974688,1782.7619758974688,1771.4129758974689,-104.03099999999735,SL,8
2021-12-09 14:15:00+00:00,2021-12-09 14:30:00+00:00,-1,20.0,1775.5564313960806,1780.6384313960807,1780.6384313960807,1765.3924313960806,-103.04000000000215,SL,1
2021-12-09 15:00:00+00:00,2021-12-10 03:30:00+00:00,-1,17.0,1776.7540211671978,1779.1577592384206,1782.587021167198,1765.0880211671977,-42.05354721078646,TIME,50
2021-12-10 08:15:00+00:00,2021-12-10 13:00:00+00:00,-1,35.0,1771.970858224784,1774.885858224784,1774.885858224784,1766.140858224784,-104.47499999999873,SL,19
2021-12-10 13:30:00+00:00,2021-12-10 13:45:00+00:00,1,26.0,1774.4754245795284,1782.1434245795285,1770.6414245795283,1782.1434245795285,197.54800000000313,TP,1
2021-12-10 13:45:00+00:00,2021-12-10 14:00:00+00:00,1,22.0,1778.0494821608759,1787.247482160876,1773.450482160876,1787.247482160876,200.81600000000205,TP,1
2021-12-10 14:00:00+00:00,2021-12-10 14:30:00+00:00,1,20.0,1784.1976521345614,1779.2006521345613,1779.2006521345613,1794.1916521345615,-101.34000000000142,SL,2
2021-12-10 14:30:00+00:00,2021-12-10 15:00:00+00:00,1,18.0,1784.7589273501212,1779.1049273501212,1779.1049273501212,1796.0669273501214,-103.03199999999994,SL,2
2021-12-10 15:00:00+00:00,2021-12-13 03:30:00+00:00,1,17.0,1780.07925102632,1785.966205882665,1774.19425102632,1791.84925102632,98.88823255786548,TIME,50
2021-12-13 11:45:00+00:00,2021-12-13 13:15:00+00:00,1,37.0,1788.0777034097052,1785.3347034097053,1785.3347034097053,1793.5637034097053,-104.08099999999772,SL,6
2021-12-14 08:15:00+00:00,2021-12-14 13:15:00+00:00,-1,45.0,1783.7360625687127,1779.2140625687125,1785.9970625687126,1779.2140625687125,200.34000000000728,TP,20
2021-12-14 13:45:00+00:00,2021-12-14 14:00:00+00:00,-1,27.0,1774.7207402903518,1767.1187402903518,1778.5217402903518,1767.1187402903518,203.36400000000242,TP,1
2021-12-14 14:00:00+00:00,2021-12-14 14:45:00+00:00,-1,25.0,1772.141721922793,1776.280721922793,1776.280721922793,1763.863721922793,-105.22499999999741,SL,3
2021-12-14 14:45:00+00:00,2021-12-15 03:15:00+00:00,-1,20.0,1771.6599748795065,1771.6491774328638,1776.8989748795066,1761.1819748795065,-1.1840510671449012,TIME,50
2021-12-15 08:15:00+00:00,2021-12-15 09:45:00+00:00,-1,42.0,1768.7724262768693,1771.2134262768693,1771.2134262768693,1763.8904262768692,-105.4620000000013,SL,6
2021-12-15 16:45:00+00:00,2021-12-15 19:00:00+00:00,-1,20.0,1767.359973206752,1757.1079732067521,1772.485973206752,1757.1079732067521,203.63999999999905,TP,9
2021-12-15 19:00:00+00:00,2021-12-15 19:45:00+00:00,-1,18.0,1762.6934819826693,1768.3944819826693,1768.3944819826693,1751.2914819826692,-103.8780000000004,SL,3
2021-12-15 19:45:00+00:00,2021-12-15 20:00:00+00:00,-1,16.0,1764.5614807005695,1771.1074807005696,1771.1074807005696,1751.4694807005696,-105.85600000000079,SL,1
2021-12-15 20:30:00+00:00,2021-12-16 09:00:00+00:00,1,14.000000000000002,1778.7906579021937,1786.540865917556,1771.5446579021939,1793.2826579021937,107.52291221507087,TIME,50
2021-12-16 09:00:00+00:00,2021-12-16 12:15:00+00:00,1,38.0,1786.5832391236106,1783.9072391236107,1783.9072391236107,1791.9352391236105,-104.34799999999737,SL,13
2021-12-16 13:30:00+00:00,2021-12-16 15:00:00+00:00,1,25.0,1788.4075672176155,1796.4695672176153,1784.3765672176155,1796.4695672176153,199.79999999999745,TP,6
2021-12-16 15:00:00+00:00,2021-12-17 03:30:00+00:00,1,17.0,1793.8846977157882,1803.1471527797914,1787.9996977157882,1805.654697715788,156.27173608805498,TIME,50
2021-12-17 08:15:00+00:00,2021-12-17 13:45:00+00:00,1,35.0,1808.4146759302603,1805.3696759302602,1805.3696759302602,1814.5046759302602,-109.02500000000255,SL,22
2021-12-17 13:45:00+00:00,2021-12-17 14:30:00+00:00,1,26.0,1809.3233813655484,1805.2453813655484,1805.2453813655484,1817.4793813655483,-107.84799999999933,SL,3
2021-12-17 16:15:00+00:00,2021-12-20 04:45:00+00:00,-1,20.0,1803.3135789607413,1801.4902646009066,1808.4345789607414,1793.0715789607414,35.066287196694795,TIME,50
2021-12-20 08:15:00+00:00,2021-12-20 08:45:00+00:00,-1,46.0,1798.713300214788,1800.992300214788,1800.992300214788,1794.155300214788,-108.05399999999983,SL,2
2021-12-20 08:45:00+00:00,2021-12-20 09:00:00+00:00,-1,41.0,1799.7368177264736,1802.2998177264737,1802.2998177264737,1794.6108177264737,-107.95300000000418,SL,1
2021-12-20 09:00:00+00:00,2021-12-20 11:45:00+00:00,-1,39.0,1801.3891583785082,1796.0751583785081,1804.0461583785082,1796.0751583785081,204.51600000000306,TP,11
2021-12-20 11:45:00+00:00,2021-12-20 19:45:00+00:00,-1,32.0,1797.5923655068561,1791.1743655068562,1800.8013655068562,1791.1743655068562,203.13599999999656,TP,32
2021-12-20 19:45:00+00:00,2021-12-21 08:00:00+00:00,-1,30.0,1791.6357040102798,1795.1187040102798,1795.1187040102798,1784.66970401028,-106.58999999999841,SL,49
2021-12-21 08:30:00+00:00,2021-12-21 14:30:00+00:00,1,35.0,1796.5361518605332,1793.5751518605332,1793.5751518605332,1802.4581518605332,-106.08500000000045,SL,24
2021-12-21 15:15:00+00:00,2021-12-22 03:45:00+00:00,-1,26.0,1791.1793613759653,1790.0822104055467,1795.1013613759653,1783.3353613759652,26.70592523088424,TIME,50
2021-12-22 08:15:00+00:00,2021-12-22 10:30:00+00:00,-1,49.0,1788.4144115146266,1790.5264115146267,1790.5264115146267,1784.1904115146267,-106.91800000000393,SL,9
2021-12-22 10:45:00+00:00,2021-12-22 11:00:00+00:00,1,39.0,1791.4009785603323,1788.7589785603323,1788.7589785603323,1796.6849785603322,-105.76800000000206,SL,1
2021-12-22 11:00:00+00:00,2021-12-22 15:45:00+00:00,1,38.0,1789.8531590121547,1795.2951590121547,1787.1321590121547,1795.2951590121547,204.13600000000028,TP,19
2021-12-22 15:45:00+00:00,2021-12-22 18:15:00+00:00,1,28.000000000000004,1793.7156752731444,1800.9816752731444,1790.0826752731443,1800.9816752731444,201.48800000000216,TP,10
2021-12-22 18:15:00+00:00,2021-12-23 02:00:00+00:00,1,26.0,1799.7601224297111,1807.8021224297113,1795.7391224297112,1807.8021224297113,207.27200000000374,TP,31
2021-12-23 11:45:00+00:00,2021-12-23 13:15:00+00:00,-1,44.0,1805.1324144282185,1807.5464144282184,1807.5464144282184,1800.3044144282185,-109.29599999999944,SL,6
2021-12-23 13:15:00+00:00,2021-12-23 13:30:00+00:00,-1,44.0,1805.3783707554846,1807.8193707554847,1807.8193707554847,1800.4963707554848,-110.48400000000136,SL,1
2021-12-23 15:00:00+00:00,2021-12-23 16:00:00+00:00,-1,26.0,1802.9238132263292,1806.9168132263292,1806.9168132263292,1794.9378132263294,-105.63799999999839,SL,4
2021-12-23 17:30:00+00:00,2021-12-27 06:00:00+00:00,1,25.0,1807.5943705143068,1809.5260527141827,1803.5193705143067,1815.7443705143066,46.54205499689806,TIME,50
2021-12-27 08:15:00+00:00,2021-12-27 13:15:00+00:00,-1,56.00000000000001,1808.2231402558011,1804.4511402558012,1810.109140255801,1804.4511402558012,207.31199999999637,TP,20
2021-12-27 14:30:00+00:00,2021-12-27 19:30:00+00:00,1,34.0,1808.6782326588439,1808.1391236502534,1805.5152326588438,1815.0042326588439,-20.70970629207557,SIGNAL_REVERSE,20
2021-12-27 19:30:00+00:00,2021-12-27 20:30:00+00:00,-1,33.0,1808.1378193766336,1811.3458193766337,1811.3458193766337,1801.7218193766337,-108.17400000000276,SL,4
2021-12-28 08:15:00+00:00,2021-12-28 13:30:00+00:00,1,49.0,1815.0294265601517,1819.3254265601518,1812.8814265601518,1819.3254265601518,207.0740000000024,TP,21
2021-12-28 13:30:00+00:00,2021-12-28 14:00:00+00:00,1,41.0,1818.7265629132198,1816.1495629132198,1816.1495629132198,1823.88056291322,-108.52699999999993,SL,2
2021-12-28 14:00:00+00:00,2021-12-28 14:15:00+00:00,1,31.0,1817.946041514938,1814.498041514938,1814.498041514938,1824.8420415149383,-109.05800000000288,SL,1
2021-12-28 14:30:00+00:00,2021-12-29 01:15:00+00:00,-1,26.0,1812.415002346631,1804.2930023466306,1816.476002346631,1804.2930023466306,209.35200000000776,TP,43
2021-12-29 08:15:00+00:00,2021-12-29 10:15:00+00:00,-1,56.00000000000001,1802.5804464787855,1798.7424464787855,1804.4994464787856,1798.7424464787855,211.0079999999981,TP,8
2021-12-29 10:15:00+00:00,2021-12-29 10:30:00+00:00,-1,41.0,1801.4862746825083,1796.3062746825083,1804.0762746825083,1796.3062746825083,209.5100000000026,TP,1
2021-12-29 10:30:00+00:00,2021-12-29 13:00:00+00:00,-1,38.0,1798.7001762399536,1793.0721762399535,1801.5141762399537,1793.0721762399535,211.20400000000595,TP,10
2021-12-29 13:00:00+00:00,2021-12-29 15:00:00+00:00,-1,30.0,1793.6257764236145,1797.3077764236145,1797.3077764236145,1786.2617764236145,-112.56000000000049,SL,8
2021-12-29 15:00:00+00:00,2021-12-29 15:15:00+00:00,-1,19.0,1796.2841224061722,1801.950122406172,1801.950122406172,1784.9521224061723,-108.98399999999886,SL,1
2021-12-29 16:30:00+00:00,2021-12-30 05:00:00+00:00,1,18.0,1804.2161401919134,1800.6257036781228,1798.1931401919135,1816.2621401919134,-65.88785724823016,TIME,50
2021-12-30 08:15:00+00:00,2021-12-30 09:00:00+00:00,-1,49.0,1799.6955250695494,1801.9335250695494,1801.9335250695494,1795.2195250695493,-113.09200000000277,SL,3
2021-12-30 11:00:00+00:00,2021-12-30 14:30:00+00:00,1,42.0,1801.0981471744747,1806.2201471744747,1798.5371471744747,1806.2201471744747,212.18400000000298,TP,14
2021-12-30 14:30:00+00:00,2021-12-30 16:15:00+00:00,1,28.999999999999996,1802.84855164887,1810.2865516488698,1799.12955164887,1810.2865516488698,213.67199999999633,TP,7
2021-12-30 16:15:00+00:00,2021-12-31 04:45:00+00:00,1,23.0,1810.0095245023485,1817.7108383831992,1805.3165245023486,1819.3955245023485,175.5202192595649,TIME,50
2021-12-31 09:30:00+00:00,2021-12-31 13:15:00+00:00,1,48.0,1819.3669004521596,1824.0569004521597,1817.0219004521596,1824.0569004521597,221.7600000000026,TP,15
2021-12-31 13:30:00+00:00,2021-12-31 14:45:00+00:00,1,41.0,1825.2239837538395,1822.4189837538397,1822.4189837538397,1830.8339837538394,-117.87499999999329,SL,5
2021-12-31 14:45:00+00:00,2021-12-31 15:00:00+00:00,1,28.999999999999996,1825.837533076007,1821.951533076007,1821.951533076007,1833.609533076007,-114.72399999999904,SL,1
2021-12-31 15:00:00+00:00,2021-12-31 20:45:00+00:00,1,28.000000000000004,1822.3620527240948,1830.3660527240947,1818.3600527240949,1830.3660527240947,222.15199999999737,TP,23
2021-12-31 20:45:00+00:00,2022-01-03 02:30:00+00:00,1,41.0,1829.0956715567775,1826.3616715567775,1826.3616715567775,1834.5636715567775,-114.96399999999687,SL,23
2022-01-03 08:15:00+00:00,2022-01-03 09:45:00+00:00,-1,45.0,1823.1846124866847,1825.7186124866848,1825.7186124866848,1818.1166124866847,-117.18000000000475,SL,6
2022-01-03 11:15:00+00:00,2022-01-03 11:45:00+00:00,1,37.0,1825.951537304726,1822.872537304726,1822.872537304726,1832.109537304726,-116.51299999999819,SL,2
2022-01-03 13:00:00+00:00,2022-01-03 13:15:00+00:00,-1,33.0,1821.6616098414243,1814.963609841424,1825.0106098414244,1814.963609841424,218.72400000001056,TP,1
2022-01-03 13:30:00+00:00,2022-01-03 14:45:00+00:00,-1,27.0,1812.5484454060727,1804.3144454060725,1816.6654454060729,1804.3144454060725,220.4280000000041,TP,5
2022-01-03 14:45:00+00:00,2022-01-04 03:15:00+00:00,-1,21.0,1807.1440597879782,1804.7944985137992,1812.6070597879782,1796.218059787978,47.87078675775891,TIME,50
2022-01-04 08:30:00+00:00,2022-01-04 08:45:00+00:00,1,41.0,1806.672485144669,1803.8904851446691,1803.8904851446691,1812.236485144669,-116.93199999999695,SL,1
2022-01-04 12:30:00+00:00,2022-01-04 13:15:00+00:00,-1,28.000000000000004,1799.3662373276698,1803.3942373276698,1803.3942373276698,1791.31023732767,-114.74400000000057,SL,3
2022-01-04 13:15:00+00:00,2022-01-04 13:45:00+00:00,-1,27.0,1802.3736352944595,1806.6016352944596,1806.6016352944596,1793.9176352944596,-116.04600000000177,SL,2
2022-01-04 13:45:00+00:00,2022-01-04 14:00:00+00:00,-1,25.0,1804.241798390311,1808.694798390311,1808.694798390311,1795.335798390311,-113.07499999999936,SL,1
2022-01-04 15:15:00+00:00,2022-01-05 03:45:00+00:00,1,19.0,1810.0986834416422,1815.7196282735167,1804.3136834416423,1821.668683441642,105.46795180561678,TIME,50
2022-01-05 09:30:00+00:00,2022-01-05 13:15:00+00:00,1,39.0,1818.277968684855,1815.383968684855,1815.383968684855,1824.0659686848553,-115.59600000000022,SL,15
2022-01-05 13:15:00+00:00,2022-01-05 13:45:00+00:00,1,30.0,1820.035606307422,1827.427606307422,1816.3396063074222,1827.427606307422,219.65999999999477,TP,2
2022-01-05 13:45:00+00:00,2022-01-05 15:15:00+00:00,1,25.0,1827.1586887838075,1822.7996887838076,1822.7996887838076,1835.8766887838076,-110.72499999999809,SL,6
2022-01-05 15:15:00+00:00,2022-01-05 19:00:00+00:00,1,22.0,1824.5775454931463,1819.4915454931463,1819.4915454931463,1834.7495454931463,-113.43200000000029,SL,15
2022-01-05 19:30:00+00:00,2022-01-05 20:30:00+00:00,-1,20.0,1819.4211407870853,1808.603140787085,1824.8301407870854,1808.603140787085,214.96000000000421,TP,4
2022-01-05 20:30:00+00:00,2022-01-06 06:45:00+00:00,-1,21.0,1810.0430304045738,1799.6770304045735,1815.2260304045737,1799.6770304045735,216.21600000000447,TP,41
2022-01-06 08:15:00+00:00,2022-01-06 10:30:00+00:00,-1,30.0,1800.5723810362542,1804.3453810362541,1804.3453810362541,1793.0263810362544,-115.28999999999732,SL,9
2022-01-06 10:30:00+00:00,2022-01-06 13:00:00+00:00,-1,22.0,1798.4687304765955,1788.1827304765957,1803.6117304765955,1788.1827304765957,224.7519999999963,TP,10
2022-01-06 13:15:00+00:00,2022-01-06 14:30:00+00:00,-1,19.0,1788.9111184616543,1794.8021184616543,1794.8021184616543,1777.1291184616543,-113.25900000000145,SL,5
2022-01-06 14:30:00+00:00,2022-01-07 03:00:00+00:00,-1,16.0,1789.5615461660682,1791.6103390563273,1796.4605461660683,1775.7635461660682,-33.900686244146634,TIME,50
2022-01-07 08:15:00+00:00,2022-01-07 08:45:00+00:00,-1,51.0,1788.0372813945914,1790.3112813945916,1790.3112813945916,1783.4892813945914,-119.54400000000584,SL,2
2022-01-07 08:45:00+00:00,2022-01-07 09:30:00+00:00,-1,47.0,1789.1312113204365,1791.5752113204364,1791.5752113204364,1784.2432113204363,-118.15799999999813,SL,3
2022-01-07 09:30:00+00:00,2022-01-07 09:45:00+00:00,-1,38.0,1790.3391248050743,1793.3411248050743,1793.3411248050743,1784.3351248050742,-116.7359999999982,SL,1
2022-01-07 12:15:00+00:00,2022-01-07 13:00:00+00:00,1,33.0,1792.4246620262538,1789.0646620262537,1789.0646620262537,1799.1446620262539,-113.1900000000042,SL,3
2022-01-07 18:15:00+00:00,2022-01-10 06:45:00+00:00,1,15.0,1796.8302198011413,1792.9759020242348,1789.6492198011413,1811.1922198011414,-58.86476665359832,TIME,50
2022-01-10 09:00:00+00:00,2022-01-10 11:30:00+00:00,1,38.0,1796.4429367262428,1802.2029367262428,1793.5629367262427,1802.2029367262428,216.21999999999966,TP,10
2022-01-10 11:30:00+00:00,2022-01-10 12:15:00+00:00,1,30.0,1801.0755871868166,1797.4485871868164,1797.4485871868164,1808.3295871868168,-110.9100000000054,SL,3
2022-01-10 12:15:00+00:00,2022-01-10 12:45:00+00:00,1,28.999999999999996,1798.5992909887148,1794.7052909887148,1794.7052909887148,1806.387290988715,-114.95600000000015,SL,2
2022-01-10 12:45:00+00:00,2022-01-10 14:00:00+00:00,1,26.0,1795.5519831840788,1792.9651328808754,1791.3009831840789,1804.053983184079,-69.07810788328817,SIGNAL_REVERSE,5
2022-01-10 14:00:00+00:00,2022-01-10 17:30:00+00:00,-1,24.0,1792.9704162370883,1797.6004162370882,1797.6004162370882,1783.7104162370883,-112.79999999999717,SL,14
2022-01-10 18:15:00+00:00,2022-01-11 06:00:00+00:00,1,25.0,1800.4359278545414,1809.0959278545413,1796.1059278545415,1809.0959278545413,214.74999999999636,TP,47
2022-01-25 20:00:00+00:00,2022-01-25 20:45:00+00:00,1,25.0,1851.7006200917474,1847.3006200917473,1847.3006200917473,1860.5006200917474,-111.75000000000227,SL,3
2022-01-25 20:45:00+00:00,2022-01-26 07:45:00+00:00,1,28.999999999999996,1848.1262656379213,1844.3232656379214,1844.3232656379214,1855.7322656379213,-112.31699999999661,SL,44
2022-01-26 08:15:00+00:00,2022-01-26 09:30:00+00:00,-1,53.0,1844.7074848043972,1846.7884848043973,1846.7884848043973,1840.5454848043971,-114.00300000000694,SL,5
2022-01-26 09:30:00+00:00,2022-01-26 14:00:00+00:00,-1,44.0,1845.6699232300252,1840.7299232300252,1848.1399232300253,1840.7299232300252,214.2800000000024,TP,18
2022-01-26 15:15:00+00:00,2022-01-26 19:30:00+00:00,-1,19.0,1836.1377656863162,1824.6337656863163,1841.8897656863162,1824.6337656863163,217.2459999999982,TP,17
2022-01-26 19:30:00+00:00,2022-01-26 19:45:00+00:00,-1,17.0,1831.966306381731,1819.062306381731,1838.418306381731,1819.062306381731,218.17799999999994,TP,1
2022-01-27 08:15:00+00:00,2022-01-27 08:45:00+00:00,-1,30.0,1810.6587105198284,1814.4747105198285,1814.4747105198285,1803.0267105198284,-116.58000000000092,SL,2
2022-01-27 08:45:00+00:00,2022-01-27 10:00:00+00:00,-1,28.000000000000004,1812.7688756067073,1816.7628756067072,1816.7628756067072,1804.7808756067072,-113.79199999999761,SL,5
2022-01-27 10:30:00+00:00,2022-01-27 10:45:00+00:00,1,26.0,1815.6525457029545,1811.4465457029544,1811.4465457029544,1824.0645457029545,-111.1760000000034,SL,1
2022-01-27 13:00:00+00:00,2022-01-27 15:30:00+00:00,-1,22.0,1807.0565754499853,1797.2785754499853,1811.9455754499854,1797.2785754499853,213.57600000000045,TP,10
2022-01-27 19:45:00+00:00,2022-01-28 08:15:00+00:00,-1,20.0,1794.036309462137,1793.735364301957,1799.5903094621372,1782.9283094621371,4.618903203603258,TIME,50
2022-01-28 08:15:00+00:00,2022-01-28 10:30:00+00:00,-1,44.0,1793.699438097032,1788.585438097032,1796.256438097032,1788.585438097032,221.93600000000143,TP,9
2022-01-28 10:30:00+00:00,2022-01-28 11:00:00+00:00,-1,36.0,1790.0728373069019,1783.9048373069018,1793.156837306902,1783.9048373069018,219.5280000000043,TP,2
2022-01-28 11:00:00+00:00,2022-01-28 13:15:00+00:00,-1,28.999999999999996,1787.1463965410921,1791.004396541092,1791.004396541092,1779.430396541092,-113.91199999999846,SL,9
2022-01-28 20:30:00+00:00,2022-01-31 09:00:00+00:00,1,27.0,1788.9414839768522,1790.7007977752096,1784.7644839768523,1797.2954839768522,45.61147255565048,TIME,50
2022-01-31 09:00:00+00:00,2022-01-31 13:45:00+00:00,1,36.0,1790.7368810422813,1797.1088810422814,1787.5508810422812,1797.1088810422814,226.87200000000254,TP,19
2022-01-31 14:15:00+00:00,2022-02-01 02:45:00+00:00,1,27.0,1795.9783902362594,1797.8479622230543,1791.6443902362596,1804.6463902362593,48.58844364346179,TIME,50
2022-02-01 08:15:00+00:00,2022-02-01 15:00:00+00:00,1,38.0,1803.2170435954522,1800.1620435954521,1800.1620435954521,1809.3270435954523,-118.75000000000242,SL,27
2022-02-01 15:00:00+00:00,2022-02-02 03:30:00+00:00,-1,22.0,1802.8640641705467,1797.9038802875825,1808.0260641705468,1792.5400641705469,107.58404542521244,TIME,50
2022-02-02 08:15:00+00:00,2022-02-02 09:15:00+00:00,-1,46.0,1797.537357896504,1800.059357896504,1800.059357896504,1792.493357896504,-119.23199999999699,SL,4
2022-02-02 10:00:00+00:00,2022-02-02 15:15:00+00:00,1,37.0,1802.2269979493067,1808.4069979493067,1799.1369979493068,1808.4069979493067,226.07000000000235,TP,21
2022-02-02 15:45:00+00:00,2022-02-03 04:15:00+00:00,1,22.0,1808.2479231154343,1806.3852792982286,1802.9239231154343,1818.8959231154342,-42.51816397852557,TIME,50
2022-02-03 08:15:00+00:00,2022-02-03 08:30:00+00:00,-1,57.99999999999999,1803.0079181551323,1805.0219181551322,1805.0219181551322,1798.9799181551323,-120.87199999999397,SL,1
2022-02-03 08:30:00+00:00,2022-02-03 09:00:00+00:00,-1,56.00000000000001,1803.4888947799577,1805.5898947799576,1805.5898947799576,1799.2868947799577,-121.5759999999936,SL,2
2022-02-03 09:00:00+00:00,2022-02-03 12:15:00+00:00,-1,54.0,1805.2419237151457,1800.9019237151458,1807.4119237151458,1800.9019237151458,230.57999999999558,TP,13
2022-02-03 12:30:00+00:00,2022-02-03 13:30:00+00:00,-1,38.0,1801.0120087485582,1804.0810087485581,1804.0810087485581,1794.8740087485583,-119.28199999999848,SL,4
2022-02-03 13:30:00+00:00,2022-02-03 14:45:00+00:00,-1,33.0,1801.8446047638129,1794.8546047638129,1805.339604763813,1794.8546047638129,228.3600000000003,TP,5
2022-02-03 15:00:00+00:00,2022-02-03 15:15:00+00:00,-1,20.0,1791.427715181331,1797.2787151813309,1797.2787151813309,1779.725715181331,-118.41999999999771,SL,1
2022-02-03 15:30:00+00:00,2022-02-03 16:15:00+00:00,-1,18.0,1799.1845682477494,1805.5905682477494,1805.5905682477494,1786.3725682477495,-116.56799999999909,SL,3
2022-02-03 17:15:00+00:00,2022-02-04 05:45:00+00:00,1,16.0,1805.725048573378,1806.4577050491214,1798.719048573378,1819.737048573378,10.602503611894353,TIME,50
2022-02-04 08:30:00+00:00,2022-02-04 10:00:00+00:00,1,55.00000000000001,1808.8244887375715,1813.0804887375714,1806.6964887375716,1813.0804887375714,230.22999999999223,TP,6
2022-02-04 10:00:00+00:00,2022-02-04 13:30:00+00:00,1,45.0,1811.0725650304773,1808.4615650304775,1808.4615650304775,1816.2945650304773,-120.64499999999444,SL,14
2022-02-04 13:30:00+00:00,2022-02-04 13:45:00+00:00,1,24.0,1813.0997164019063,1808.2777164019062,1808.2777164019062,1822.7437164019063,-117.4080000000028,SL,1
2022-02-04 14:00:00+00:00,2022-02-04 14:15:00+00:00,-1,18.0,1795.4201395475043,1801.6901395475043,1801.6901395475043,1782.8801395475043,-114.11999999999968,SL,1
2022-02-04 20:45:00+00:00,2022-02-07 00:45:00+00:00,1,38.0,1807.3093613642266,1813.3293613642265,1804.2993613642266,1813.3293613642265,226.0999999999993,TP,16
2022-02-07 08:15:00+00:00,2022-02-07 13:15:00+00:00,1,53.0,1811.7582464366712,1816.1822464366712,1809.5462464366713,1816.1822464366712,230.76199999999884,TP,20
2022-02-07 13:15:00+00:00,2022-02-07 18:15:00+00:00,1,37.0,1814.8802171421419,1821.182217142142,1811.7292171421418,1821.182217142142,230.58400000000498,TP,20
2022-02-07 18:15:00+00:00,2022-02-08 06:45:00+00:00,1,28.000000000000004,1819.8793115095714,1820.7890183211994,1815.6603115095713,1828.3173115095713,23.511790725583563,TIME,50
2022-02-08 08:15:00+00:00,2022-02-08 13:30:00+00:00,-1,48.0,1818.916018799195,1821.4100187991949,1821.4100187991949,1813.9280187991951,-123.0719999999959,SL,21
2022-02-08 14:00:00+00:00,2022-02-08 14:30:00+00:00,1,37.0,1824.0549500941734,1820.8439500941734,1820.8439500941734,1830.4769500941734,-121.39700000000047,SL,2
2022-02-08 14:30:00+00:00,2022-02-08 19:00:00+00:00,1,35.0,1821.7857874328988,1828.6557874328987,1818.3507874328989,1828.6557874328987,237.9999999999962,TP,18
2022-02-08 19:00:00+00:00,2022-02-09 07:30:00+00:00,1,36.0,1828.1988468347267,1826.8531929380422,1824.8678468347266,1834.8608468347268,-50.963540280643905,TIME,50
2022-02-09 13:30:00+00:00,2022-02-09 13:45:00+00:00,1,41.0,1830.7885212047393,1827.8385212047392,1827.8385212047392,1836.6885212047393,-123.82000000000187,SL,1
2022-02-09 16:30:00+00:00,2022-02-10 05:00:00+00:00,1,24.0,1830.6378747301856,1834.0832546286836,1825.7698747301856,1840.3738747301854,81.00911756395209,TIME,50
2022-02-10 08:45:00+00:00,2022-02-10 09:45:00+00:00,-1,59.0,1830.8673592394657,1832.9173592394657,1832.9173592394657,1826.7673592394656,-125.07999999999731,SL,4
2022-02-10 09:45:00+00:00,2022-02-10 13:30:00+00:00,-1,49.0,1831.3600371125717,1833.7980371125718,1833.7980371125718,1826.4840371125717,-122.892000000005,SL,15
2022-02-10 13:30:00+00:00,2022-02-10 14:45:00+00:00,-1,31.0,1830.0258075441777,1833.8038075441777,1833.8038075441777,1822.4698075441777,-119.28800000000062,SL,5
2022-02-10 16:00:00+00:00,2022-02-10 20:00:00+00:00,1,16.0,1835.6453259244327,1828.3913259244327,1828.3913259244327,1850.1533259244327,-117.18399999999849,SL,16
2022-02-10 20:00:00+00:00,2022-02-11 08:30:00+00:00,-1,20.0,1829.7443302198685,1826.6890327358294,1835.6013302198685,1818.0303302198683,59.705949680782034,TIME,50
2022-02-11 09:15:00+00:00,2022-02-11 13:00:00+00:00,1,39.0,1826.865802773204,1832.9058027732037,1823.845802773204,1832.9058027732037,232.82999999998972,TP,15
2022-02-11 13:00:00+00:00,2022-02-11 13:30:00+00:00,1,37.0,1830.5076272959643,1827.3876272959644,1827.3876272959644,1836.7476272959643,-118.02999999999597,SL,2
2022-02-11 13:30:00+00:00,2022-02-11 13:45:00+00:00,1,32.0,1828.694860297431,1825.045860297431,1825.045860297431,1835.992860297431,-119.00799999999639,SL,1
2022-02-11 13:45:00+00:00,2022-02-11 15:15:00+00:00,1,30.0,1826.587089596075,1834.3130895960749,1822.724089596075,1834.3130895960749,229.67999999999657,TP,6
2022-02-11 15:15:00+00:00,2022-02-11 18:30:00+00:00,1,24.0,1833.2069811774143,1842.9789811774142,1828.3209811774143,1842.9789811774142,232.84799999999842,TP,13
2022-02-11 18:30:00+00:00,2022-02-11 18:45:00+00:00,1,20.0,1840.620736406688,1852.300736406688,1834.780736406688,1852.300736406688,232.20000000000127,TP,1
2022-02-11 19:15:00+00:00,2022-02-14 07:45:00+00:00,1,16.0,1854.9899799829082,1854.669195617028,1847.6049799829082,1869.7599799829081,-6.252549854082754,TIME,50
2022-02-14 08:45:00+00:00,2022-02-14 12:30:00+00:00,1,32.0,1856.4787673527821,1852.711767352782,1852.711767352782,1864.0127673527822,-122.78400000000168,SL,15
2022-02-14 12:30:00+00:00,2022-02-14 12:45:00+00:00,1,26.0,1857.0932676235989,1852.532267623599,1852.532267623599,1866.215267623599,-120.40599999999796,SL,1
2022-02-14 14:00:00+00:00,2022-02-14 18:45:00+00:00,1,22.0,1861.5263858055146,1872.4283858055146,1856.0753858055145,1872.4283858055146,238.30400000000097,TP,19
2022-02-14 18:45:00+00:00,2022-02-15 07:15:00+00:00,1,18.0,1867.5892839264584,1878.0281023815155,1860.9702839264585,1880.8272839264584,186.6387321910281,TIME,50
2022-02-15 08:30:00+00:00,2022-02-15 08:45:00+00:00,-1,28.000000000000004,1868.576317635597,1859.906317635597,1872.911317635597,1859.906317635597,240.80000000000206,TP,1
2022-02-15 08:45:00+00:00,2022-02-15 09:15:00+00:00,-1,25.0,1864.3213042839363,1854.5413042839361,1869.2113042839364,1854.5413042839361,242.750000000005,TP,2
2022-02-15 09:15:00+00:00,2022-02-15 12:15:00+00:00,-1,22.0,1856.649322544009,1845.199322544009,1862.3743225440091,1845.199322544009,250.360000000001,TP,12
2022-02-15 12:15:00+00:00,2022-02-15 19:00:00+00:00,-1,16.0,1851.63430860055,1855.2067031908812,1859.40930860055,1836.0843086005498,-58.278313445299425,SIGNAL_REVERSE,27
2022-02-15 19:00:00+00:00,2022-02-16 07:30:00+00:00,1,22.0,1855.2056913816248,1855.7577211910798,1849.3966913816248,1866.8236913816247,10.604655808010158,TIME,50
2022-02-16 08:15:00+00:00,2022-02-16 10:30:00+00:00,1,59.0,1856.6278805996872,1854.4418805996872,1854.4418805996872,1860.999880599687,-133.10399999999538,SL,9
2022-02-16 10:30:00+00:00,2022-02-16 12:45:00+00:00,1,44.0,1854.872237452902,1851.986237452902,1851.986237452902,1860.644237452902,-130.06399999999857,SL,9
2022-02-16 13:00:00+00:00,2022-02-16 13:30:00+00:00,-1,38.0,1852.8843360172095,1856.1693360172094,1856.1693360172094,1846.3143360172096,-127.48999999999447,SL,2
2022-02-16 13:30:00+00:00,2022-02-16 13:45:00+00:00,-1,31.0,1853.2863745219959,1857.275374521996,1857.275374521996,1845.308374521996,-125.82900000000102,SL,1
2022-02-16 15:00:00+00:00,2022-02-16 19:00:00+00:00,1,25.0,1861.6833553019812,1871.6393553019811,1856.7053553019814,1871.6393553019811,247.1499999999976,TP,16
2022-02-16 19:00:00+00:00,2022-02-17 06:15:00+00:00,1,23.0,1866.3558892874305,1876.8338892874306,1861.1168892874305,1876.8338892874306,239.3840000000015,TP,45
2022-02-17 08:15:00+00:00,2022-02-17 09:15:00+00:00,1,19.0,1876.8752375650645,1890.0132375650644,1870.3062375650645,1890.0132375650644,248.29199999999847,TP,4
2022-02-17 09:15:00+00:00,2022-02-17 21:45:00+00:00,1,18.0,1888.17556288813,1897.7264636982684,1881.14456288813,1902.2375628881298,170.65621458249302,TIME,50
2022-02-18 08:30:00+00:00,2022-02-18 10:15:00+00:00,1,38.0,1894.5073470348907,1891.1013470348908,1891.1013470348908,1901.3193470348908,-132.08799999999806,SL,7
2022-02-18 10:15:00+00:00,2022-02-18 10:30:00+00:00,1,30.0,1892.9304827331787,1888.6594827331787,1888.6594827331787,1901.4724827331788,-130.22999999999874,SL,1
2022-02-18 11:30:00+00:00,2022-02-18 12:45:00+00:00,-1,28.000000000000004,1888.780737557968,1893.434737557968,1893.434737557968,1879.472737557968,-132.27199999999993,SL,5
2022-02-18 13:30:00+00:00,2022-02-18 14:45:00+00:00,1,25.0,1899.2429552552624,1894.1489552552623,1894.1489552552623,1909.4309552552622,-129.10000000000127,SL,5
2022-02-18 14:45:00+00:00,2022-02-18 15:30:00+00:00,1,22.0,1897.5998889830148,1891.8428889830147,1891.8428889830147,1909.1138889830147,-128.19400000000135,SL,3
2022-02-18 15:30:00+00:00,2022-02-21 00:15:00+00:00,1,20.0,1894.2300066084067,1906.5440066084068,1888.0730066084068,1906.5440066084068,244.88000000000156,TP,35
2022-02-21 08:15:00+00:00,2022-02-21 09:00:00+00:00,-1,30.0,1893.5351090806048,1897.7731090806049,1897.7731090806049,1885.0591090806047,-129.2400000000017,SL,3
2022-02-21 09:30:00+00:00,2022-02-21 18:45:00+00:00,1,28.999999999999996,1895.4365012955677,1904.2045012955678,1891.0525012955677,1904.2045012955678,252.24200000000081,TP,37
2022-02-21 18:45:00+00:00,2022-02-21 23:00:00+00:00,1,35.0,1900.0733070393876,1907.3833070393875,1896.4183070393876,1907.3833070393875,253.3999999999981,TP,7
2022-02-21 23:00:00+00:00,2022-02-22 08:30:00+00:00,1,26.0,1906.845517497456,1901.962517497456,1901.962517497456,1916.611517497456,-128.778000000001,SL,38
2022-02-22 08:45:00+00:00,2022-02-22 10:45:00+00:00,-1,25.0,1904.180223512304,1894.0782235123042,1909.231223512304,1894.0782235123042,250.79999999999654,TP,8
2022-02-22 10:45:00+00:00,2022-02-22 13:30:00+00:00,-1,19.0,1896.1761366517605,1902.9511366517604,1902.9511366517604,1882.6261366517606,-130.05499999999742,SL,11
2022-02-22 15:00:00+00:00,2022-02-22 15:45:00+00:00,1,19.0,1901.4616521396563,1894.7236521396562,1894.7236521396562,1914.9376521396564,-129.35200000000108,SL,3
2022-02-22 17:15:00+00:00,2022-02-23 04:45:00+00:00,1,21.0,1902.461852146194,1896.429852146194,1896.429852146194,1914.525852146194,-128.14199999999843,SL,46
2022-02-23 08:15:00+00:00,2022-02-23 09:30:00+00:00,-1,43.0,1896.4323668271775,1890.4763668271776,1899.4103668271773,1890.4763668271776,253.09799999999586,TP,5
2022-02-23 09:30:00+00:00,2022-02-23 12:45:00+00:00,-1,30.0,1892.3808142520863,1896.5878142520862,1896.5878142520862,1883.9668142520864,-128.3099999999964,SL,13
2022-03-02 18:30:00+00:00,2022-03-02 20:00:00+00:00,-1,12.0,1920.7013341893648,1931.2023341893648,1931.2023341893648,1899.699334189365,-126.85199999999972,SL,6
2022-03-02 20:30:00+00:00,2022-03-03 09:00:00+00:00,1,16.0,1929.4402144321018,1931.8903777206986,1921.491214432102,1945.3382144321017,38.08261261754786,TIME,50
2022-03-03 09:00:00+00:00,2022-03-03 09:15:00+00:00,1,22.0,1931.928268983519,1926.066268983519,1926.066268983519,1943.652268983519,-130.50400000000175,SL,1
2022-03-03 09:15:00+00:00,2022-03-03 15:45:00+00:00,1,20.0,1929.7880548061237,1927.0424914710834,1923.3940548061237,1942.5760548061237,-56.31126670080575,SIGNAL_REVERSE,26
2022-03-03 15:45:00+00:00,2022-03-03 18:30:00+00:00,-1,16.0,1927.041349527531,1935.084349527531,1935.084349527531,1910.955349527531,-129.8079999999983,SL,11
2022-03-03 18:45:00+00:00,2022-03-04 00:30:00+00:00,1,17.0,1934.1464994147796,1948.4484994147795,1926.9954994147795,1948.4484994147795,241.94399999999843,TP,23
2022-03-04 08:15:00+00:00,2022-03-04 09:00:00+00:00,-1,27.0,1935.49627895698,1940.2302789569799,1940.2302789569799,1926.0282789569799,-129.70799999999792,SL,3
2022-03-04 10:00:00+00:00,2022-03-04 14:30:00+00:00,1,21.0,1945.8410211939183,1957.6150211939184,1939.9540211939182,1957.6150211939184,245.7840000000024,TP,18
2022-03-04 14:30:00+00:00,2022-03-04 15:00:00+00:00,1,17.0,1950.686337864256,1943.351337864256,1943.351337864256,1965.3563378642561,-125.88500000000062,SL,2
2022-03-04 15:00:00+00:00,2022-03-04 19:30:00+00:00,1,15.0,1952.1919385933422,1969.4459385933421,1943.5649385933423,1969.4459385933421,257.75999999999857,TP,18
2022-03-04 19:30:00+00:00,2022-03-06 23:00:00+00:00,1,16.0,1966.7434766646802,1982.58547666468,1958.8224766646802,1982.58547666468,252.35199999999793,TP,14
2022-03-07 08:45:00+00:00,2022-03-07 11:30:00+00:00,1,16.0,1997.2173753567206,1989.3373753567207,1989.3373753567207,2012.9773753567206,-127.19999999999811,SL,11
2022-03-07 11:30:00+00:00,2022-03-07 12:00:00+00:00,1,15.0,1994.9365060059436,1986.2585060059437,1986.2585060059437,2012.2925060059436,-131.21999999999827,SL,2
2022-03-07 13:00:00+00:00,2022-03-07 13:30:00+00:00,-1,14.000000000000002,1984.0949138274284,1965.6269138274286,1993.3289138274283,1965.6269138274286,257.5719999999979,TP,2
2022-03-07 13:30:00+00:00,2022-03-07 14:45:00+00:00,-1,11.0,1973.5045274966112,1984.5045274966112,1984.5045274966112,1951.5045274966112,-121.77,SL,5
2022-03-07 14:45:00+00:00,2022-03-07 18:30:00+00:00,-1,9.0,1981.137377486517,1995.291377486517,1995.291377486517,1952.829377486517,-128.01599999999996,SL,15
2022-03-07 18:45:00+00:00,2022-03-08 01:15:00+00:00,1,9.0,1995.3148718633204,1982.0108718633205,1982.0108718633205,2021.9228718633203,-120.36599999999873,SL,26
2022-03-08 08:15:00+00:00,2022-03-08 08:30:00+00:00,1,12.0,2011.435448803225,2001.318448803225,2001.318448803225,2031.669448803225,-122.24399999999955,SL,1
2022-03-08 08:30:00+00:00,2022-03-08 14:30:00+00:00,1,12.0,2005.9624807095909,2027.5044807095906,1995.191480709591,2027.5044807095906,257.6639999999963,TP,24
2022-03-08 14:30:00+00:00,2022-03-08 14:45:00+00:00,1,11.0,2017.5857186216585,2041.1697186216584,2005.7937186216586,2041.1697186216584,258.6539999999982,TP,1
2022-03-08 15:00:00+00:00,2022-03-08 16:45:00+00:00,1,8.0,2039.9809213282492,2069.748921328249,2025.0969213282494,2069.748921328249,237.5839999999966,TP,7
2022-03-08 16:45:00+00:00,2022-03-08 17:15:00+00:00,1,6.0,2056.812560752824,2035.2145607528241,2035.2145607528241,2100.008560752824,-130.00799999999973,SL,2
2022-03-09 08:15:00+00:00,2022-03-09 09:15:00+00:00,-1,15.0,2044.0214079560271,2026.917407956027,2052.573407956027,2026.917407956027,255.51000000000062,TP,4
2022-03-09 09:15:00+00:00,2022-03-09 10:00:00+00:00,-1,13.0,2035.2948906527888,2014.8888906527886,2045.4978906527888,2014.8888906527886,264.36800000000227,TP,3
2022-03-09 10:00:00+00:00,2022-03-09 13:15:00+00:00,-1,10.0,2017.7990481064785,1992.4630481064785,2030.4670481064786,1992.4630481064785,252.66000000000014,TP,13
2022-03-09 13:15:00+00:00,2022-03-10 01:00:00+00:00,-1,8.0,2007.7150875537186,1975.5830875537185,2023.7810875537186,1975.5830875537185,256.4960000000005,TP,47
2022-03-10 08:30:00+00:00,2022-03-10 09:00:00+00:00,1,18.0,1985.0475761742284,1977.2545761742283,1977.2545761742283,2000.6335761742284,-141.53400000000215,SL,2
2022-03-10 09:00:00+00:00,2022-03-10 11:00:00+00:00,1,17.0,1983.8668949127718,2000.5788949127718,1975.5108949127718,2000.5788949127718,282.9139999999998,TP,8
2022-03-10 11:00:00+00:00,2022-03-10 15:15:00+00:00,1,11.0,1999.6462392589278,1987.5822392589278,1987.5822392589278,2023.7742392589278,-133.47400000000087,SL,17
2022-03-11 09:45:00+00:00,2022-03-11 11:15:00+00:00,1,18.0,1990.9405525561992,1983.407552556199,1983.407552556199,2006.0065525561993,-136.85400000000232,SL,6
2022-03-11 11:15:00+00:00,2022-03-11 11:30:00+00:00,1,17.0,1989.8809644509936,1981.8229644509936,1981.8229644509936,2005.9969644509938,-138.17599999999987,SL,1
2022-03-11 12:00:00+00:00,2022-03-11 17:15:00+00:00,-1,12.0,1979.597077291628,1987.0125307327364,1990.7340772916282,1957.323077291628,-89.82544129330094,SIGNAL_REVERSE,21
2022-03-11 17:15:00+00:00,2022-03-13 22:30:00+00:00,1,10.0,1987.013925414948,1973.379925414948,1973.379925414948,2014.281925414948,-137.04000000000013,SL,25
2022-03-14 09:00:00+00:00,2022-03-14 11:15:00+00:00,-1,22.0,1967.4269422730165,1955.1089422730165,1973.5859422730164,1955.1089422730165,269.4559999999996,TP,9
2022-03-14 11:15:00+00:00,2022-03-14 23:45:00+00:00,-1,17.0,1962.0325273291692,1953.2405587740488,1969.9815273291692,1946.134527329169,148.27346543704545,TIME,50
2022-03-15 08:15:00+00:00,2022-03-15 14:00:00+00:00,-1,17.0,1928.652025880409,1912.152025880409,1936.902025880409,1912.152025880409,279.31,TP,23
2022-03-15 14:00:00+00:00,2022-03-15 17:45:00+00:00,-1,12.0,1922.8217021462044,1925.9443194436924,1933.8367021462043,1900.7917021462047,-38.31140756985573,SIGNAL_REVERSE,15
2022-03-15 17:45:00+00:00,2022-03-15 20:00:00+00:00,1,13.0,1925.9418189590508,1914.9698189590508,1914.9698189590508,1947.8858189590508,-143.54599999999974,SL,9
2022-03-15 20:15:00+00:00,2022-03-16 00:15:00+00:00,-1,20.0,1915.0852540958672,1922.1142540958672,1922.1142540958672,1901.027254095867,-141.97999999999993,SL,16
2022-03-16 08:15:00+00:00,2022-03-16 08:45:00+00:00,-1,28.000000000000004,1914.6008308746325,1919.5138308746325,1919.5138308746325,1904.7748308746325,-139.52400000000034,SL,2
2022-03-16 10:00:00+00:00,2022-03-16 12:30:00+00:00,1,23.0,1921.8503743757335,1915.9123743757336,1915.9123743757336,1933.7263743757335,-138.18399999999713,SL,10
2022-03-16 14:30:00+00:00,2022-03-16 18:45:00+00:00,-1,14.000000000000002,1908.8801288458008,1918.1701288458007,1918.1701288458007,1890.3001288458008,-131.0399999999995,SL,17
2022-03-16 18:45:00+00:00,2022-03-16 19:15:00+00:00,-1,12.0,1909.2739271294247,1920.7339271294247,1920.7339271294247,1886.3539271294246,-138.36000000000044,SL,2
2022-03-16 20:00:00+00:00,2022-03-17 08:30:00+00:00,1,12.0,1927.9073670199455,1939.359723636394,1917.0743670199454,1949.5733670199454,136.58827939738163,TIME,50
2022-03-17 08:45:00+00:00,2022-03-17 09:15:00+00:00,1,28.000000000000004,1941.1256737430513,1936.1966737430512,1936.1966737430512,1950.9836737430514,-139.97200000000248,SL,2
2022-03-17 09:15:00+00:00,2022-03-17 14:15:00+00:00,1,26.0,1937.104314619293,1947.6663146192932,1931.8233146192931,1947.6663146192932,272.79200000000327,TP,20
2022-03-17 14:45:00+00:00,2022-03-17 18:45:00+00:00,1,14.000000000000002,1947.2162384368196,1939.3130201925358,1937.8902384368196,1965.8682384368196,-111.6250554199737,SIGNAL_REVERSE,16
2022-03-17 18:45:00+00:00,2022-03-18 09:00:00+00:00,-1,22.0,1939.3073467877605,1932.555969345418,1945.6063467877605,1926.7093467877605,146.9903037315366,TIME,50
2022-03-18 09:15:00+00:00,2022-03-18 11:00:00+00:00,-1,28.000000000000004,1932.6759972190039,1937.621997219004,1937.621997219004,1922.7839972190036,-140.44800000000396,SL,7
2022-03-18 11:45:00+00:00,2022-03-18 13:00:00+00:00,1,22.0,1937.6122570097073,1931.4342570097072,1931.4342570097072,1949.9682570097075,-137.45600000000243,SL,5
2022-03-18 13:00:00+00:00,2022-03-18 13:15:00+00:00,1,19.0,1935.6556862085713,1928.7376862085712,1928.7376862085712,1949.4916862085713,-132.7720000000023,SL,1
2022-03-18 17:00:00+00:00,2022-03-21 05:30:00+00:00,-1,14.000000000000002,1928.328081529387,1927.5713162854217,1937.432081529387,1910.120081529387,9.614713415513071,TIME,50
2022-03-21 08:15:00+00:00,2022-03-21 10:15:00+00:00,-1,41.0,1924.6374265056727,1927.8844265056728,1927.8844265056728,1918.1434265056728,-135.9970000000029,SL,8
2022-03-21 14:15:00+00:00,2022-03-21 17:00:00+00:00,1,21.0,1934.3532819785248,1928.080281978525,1928.080281978525,1946.8992819785249,-133.20299999999813,SL,11
2022-03-21 17:00:00+00:00,2022-03-22 05:30:00+00:00,1,19.0,1930.4821835056318,1936.9791382370472,1923.517183505632,1944.412183505632,122.11213989689206,TIME,50
2022-03-22 08:30:00+00:00,2022-03-22 13:45:00+00:00,-1,28.999999999999996,1928.851775366814,1919.8137753668143,1933.3707753668139,1919.8137753668143,260.0719999999937,TP,21
2022-03-22 13:45:00+00:00,2022-03-22 19:15:00+00:00,-1,23.0,1921.4980272633816,1922.5345697158464,1927.1690272633816,1910.1560272633817,-25.450476406690413,SIGNAL_REVERSE,22
2022-03-22 19:15:00+00:00,2022-03-23 00:30:00+00:00,1,24.0,1922.5308752178055,1916.8438752178054,1916.8438752178054,1933.9048752178055,-138.16800000000302,SL,21
2022-03-23 09:15:00+00:00,2022-03-23 11:00:00+00:00,1,35.0,1926.6716434486846,1934.3616434486846,1922.8266434486845,1934.3616434486846,266.7000000000019,TP,7
2022-03-23 11:00:00+00:00,2022-03-23 11:15:00+00:00,1,28.999999999999996,1933.269371280422,1928.657371280422,1928.657371280422,1942.493371280422,-135.7780000000023,SL,1
2022-03-23 11:15:00+00:00,2022-03-23 12:15:00+00:00,1,27.0,1932.4225612080977,1927.3775612080976,1927.3775612080976,1942.5125612080976,-138.10500000000195,SL,4
2022-03-23 12:15:00+00:00,2022-03-23 18:45:00+00:00,1,23.0,1928.2749766739234,1939.7869766739234,1922.5189766739234,1939.7869766739234,263.1659999999987,TP,26
2022-03-23 18:45:00+00:00,2022-03-24 07:15:00+00:00,1,24.0,1938.4566038932408,1942.7829759472047,1932.9496038932407,1949.4706038932406,102.15292929513481,TIME,50
2022-03-24 08:15:00+00:00,2022-03-24 08:45:00+00:00,1,31.0,1945.8103943775868,1941.4743943775868,1941.4743943775868,1954.4823943775868,-136.58600000000038,SL,2
2022-04-07 20:45:00+00:00,2022-04-08 00:30:00+00:00,-1,34.0,1930.6401862460273,1934.6581862460273,1934.6581862460273,1922.6041862460272,-138.99200000000098,SL,15
2022-04-08 09:30:00+00:00,2022-04-08 13:30:00+00:00,1,37.0,1932.5307156978452,1939.718715697845,1928.936715697845,1939.718715697845,263.3659999999954,TP,16
2022-04-08 14:00:00+00:00,2022-04-11 02:30:00+00:00,1,20.0,1939.5854907404773,1941.8109572354365,1932.8684907404772,1953.0194907404773,43.10932989918329,TIME,50
2022-04-11 08:30:00+00:00,2022-04-11 12:30:00+00:00,1,26.0,1954.2308297826207,1964.8308297826209,1948.9308297826205,1964.8308297826209,273.78000000000355,TP,16
2022-04-11 12:30:00+00:00,2022-04-11 13:45:00+00:00,1,21.0,1963.480851913513,1957.163851913513,1957.163851913513,1976.1148519135133,-134.12700000000015,SL,5
2022-04-11 13:45:00+00:00,2022-04-11 14:00:00+00:00,1,18.0,1962.8115733396178,1955.2215733396179,1955.2215733396179,1977.9915733396178,-137.87999999999852,SL,1
2022-04-11 14:45:00+00:00,2022-04-11 20:30:00+00:00,-1,16.0,1948.8177978397098,1954.4314154720337,1957.1037978397098,1932.24579783971,-90.93788211718231,SIGNAL_REVERSE,23
2022-04-11 20:30:00+00:00,2022-04-12 08:15:00+00:00,1,27.0,1954.432902431554,1952.8787523936533,1949.435902431554,1964.426902431554,-43.85205102332306,SIGNAL_REVERSE,47
2022-04-12 08:15:00+00:00,2022-04-12 10:30:00+00:00,-1,35.0,1952.8796249233746,1956.7966249233746,1956.7966249233746,1945.0456249233746,-139.54499999999706,SL,9
2022-04-12 10:30:00+00:00,2022-04-12 12:00:00+00:00,-1,30.0,1956.288938035711,1960.732938035711,1960.732938035711,1947.400938035711,-135.4199999999988,SL,6
2022-04-12 13:00:00+00:00,2022-04-12 13:45:00+00:00,1,19.0,1970.4260119336677,1963.3140119336679,1963.3140119336679,1984.6500119336677,-136.4579999999972,SL,3
2022-04-12 13:45:00+00:00,2022-04-12 20:15:00+00:00,1,16.0,1967.2177315654073,1966.3197260021932,1958.9427315654075,1983.7677315654073,-15.488089011426492,SIGNAL_REVERSE,26
2022-04-12 20:15:00+00:00,2022-04-13 03:00:00+00:00,-1,23.0,1966.3162701278459,1971.959270127846,1971.959270127846,1955.0302701278458,-131.39900000000068,SL,27
2022-04-13 08:45:00+00:00,2022-04-13 19:45:00+00:00,1,28.000000000000004,1974.381790515563,1976.094095919215,1969.7477905155629,1983.649790515563,45.98455130226107,SIGNAL_REVERSE,44
2022-04-13 19:45:00+00:00,2022-04-14 08:15:00+00:00,-1,31.0,1976.0890772504954,1974.9172173798765,1980.3690772504954,1967.5290772504954,34.15765598918422,TIME,50
2022-04-14 09:15:00+00:00,2022-04-14 10:45:00+00:00,-1,28.000000000000004,1969.227659834402,1973.9536598344018,1973.9536598344018,1959.7756598344022,-134.28799999999683,SL,6
2022-04-14 10:45:00+00:00,2022-04-14 11:00:00+00:00,-1,25.0,1970.5267255914748,1975.7837255914749,1975.7837255914749,1960.012725591475,-133.17500000000155,SL,1
2022-04-14 12:15:00+00:00,2022-04-14 12:30:00+00:00,1,23.0,1978.520934562726,1972.8469345627261,1972.8469345627261,1989.868934562726,-132.1119999999995,SL,1
2022-04-14 13:30:00+00:00,2022-04-14 13:45:00+00:00,1,19.0,1974.8209136260975,1968.1349136260976,1968.1349136260976,1988.1929136260976,-128.36399999999853,SL,1
2022-04-14 14:15:00+00:00,2022-04-14 14:45:00+00:00,-1,16.0,1963.9416140855678,1971.926614085568,1971.926614085568,1947.9716140855678,-128.88000000000204,SL,2
2022-04-14 15:30:00+00:00,2022-04-14 17:00:00+00:00,-1,14.000000000000002,1965.1105374997885,1974.0495374997886,1974.0495374997886,1947.2325374997886,-126.12600000000111,SL,6
2022-04-14 19:30:00+00:00,2022-04-17 23:30:00+00:00,1,24.0,1972.2436410835383,1982.8396410835383,1966.9456410835382,1982.8396410835383,252.62400000000008,TP,16
2022-04-18 08:15:00+00:00,2022-04-18 10:30:00+00:00,1,31.0,1992.9822332033098,1988.8932332033098,1988.8932332033098,2001.1602332033096,-128.92899999999818,SL,9
2022-04-18 10:30:00+00:00,2022-04-18 12:30:00+00:00,1,33.0,1989.6601975365973,1997.3881975365973,1985.7961975365972,1997.3881975365973,252.71400000000216,TP,8
2022-04-18 12:30:00+00:00,2022-04-18 13:30:00+00:00,1,33.0,1994.1486823238627,1990.2876823238626,1990.2876823238626,2001.8706823238626,-129.72300000000342,SL,4
2022-04-18 13:30:00+00:00,2022-04-18 14:30:00+00:00,1,28.999999999999996,1992.955503797383,1988.5565037973831,1988.5565037973831,2001.753503797383,-129.6009999999967,SL,4
2022-04-18 15:00:00+00:00,2022-04-18 15:45:00+00:00,-1,22.0,1983.8535699259864,1989.6835699259864,1989.6835699259864,1972.1935699259866,-129.7999999999984,SL,3
2022-04-18 15:45:00+00:00,2022-04-19 04:15:00+00:00,-1,20.0,1987.3830697481046,1977.3787338354325,1993.6460697481045,1974.8570697481048,198.68671825344208,TIME,50
2022-04-19 08:30:00+00:00,2022-04-19 09:15:00+00:00,1,30.0,1980.5044414364709,1976.2594414364708,1976.2594414364708,1988.9944414364709,-129.45000000000354,SL,3
2022-04-19 09:15:00+00:00,2022-04-19 12:30:00+00:00,1,27.0,1978.5800515339486,1973.9190515339485,1973.9190515339485,1987.9020515339487,-127.73700000000157,SL,13
2022-04-19 13:00:00+00:00,2022-04-19 14:30:00+00:00,-1,19.0,1967.0926515983672,1954.1366515983673,1973.5706515983672,1954.1366515983673,244.83399999999816,TP,6
2022-04-19 14:30:00+00:00,2022-04-20 03:00:00+00:00,-1,14.000000000000002,1959.8639424986254,1946.8483830552461,1968.8739424986254,1941.8439424986254,181.23783220731008,TIME,50
2022-04-20 08:30:00+00:00,2022-04-20 08:45:00+00:00,-1,25.0,1940.9168426936444,1945.9598426936443,1945.9598426936443,1930.8308426936446,-127.82499999999732,SL,1
2022-04-20 09:45:00+00:00,2022-04-20 19:45:00+00:00,1,26.0,1947.5588334279341,1957.492833427934,1942.591833427934,1957.492833427934,256.4639999999992,TP,40
2022-04-20 19:45:00+00:00,2022-04-21 02:45:00+00:00,1,31.0,1956.7327250580604,1952.6737250580604,1952.6737250580604,1964.8507250580603,-127.99899999999904,SL,28
2022-04-21 08:15:00+00:00,2022-04-21 11:00:00+00:00,-1,35.0,1947.5169729502386,1940.2229729502385,1951.1639729502385,1940.2229729502385,252.84000000000339,TP,11
2022-04-21 11:00:00+00:00,2022-04-21 12:45:00+00:00,-1,24.0,1943.693891792303,1948.934891792303,1948.934891792303,1933.2118917923028,-127.46399999999966,SL,7
2022-04-21 12:45:00+00:00,2022-04-21 19:00:00+00:00,-1,18.0,1946.2989134024735,1953.3729134024736,1953.3729134024736,1932.1509134024734,-128.59200000000124,SL,25
2022-04-21 19:00:00+00:00,2022-04-22 07:30:00+00:00,1,19.0,1951.3345909606337,1951.8209786192508,1944.6605909606337,1964.6825909606337,7.911365513724986,TIME,50
2022-04-22 08:45:00+00:00,2022-04-22 10:15:00+00:00,-1,28.000000000000004,1946.38449055911,1937.2404905591102,1950.9564905591099,1937.2404905591102,254.07199999999384,TP,6
2022-04-22 10:15:00+00:00,2022-04-22 12:15:00+00:00,-1,22.0,1942.9657669730973,1931.0957669730974,1948.9007669730972,1931.0957669730974,259.5999999999976,TP,8
2022-04-22 12:15:00+00:00,2022-04-22 13:30:00+00:00,-1,19.0,1933.256163337184,1940.200163337184,1940.200163337184,1919.3681633371841,-133.26599999999925,SL,5
2022-04-22 13:30:00+00:00,2022-04-22 13:45:00+00:00,-1,15.0,1936.859778585528,1945.403778585528,1945.403778585528,1919.771778585528,-129.21000000000146,SL,1
2022-04-22 15:30:00+00:00,2022-04-25 04:00:00+00:00,-1,13.0,1931.9594774687964,1924.0971174110277,1941.4844774687963,1912.9094774687965,101.30068075099288,TIME,50
2022-05-02 11:15:00+00:00,2022-05-02 12:15:00+00:00,-1,27.0,1879.3568054924447,1869.6488054924448,1884.2108054924445,1869.6488054924448,260.22599999999613,TP,4
2022-05-02 12:15:00+00:00,2022-05-02 12:45:00+00:00,-1,24.0,1873.980013999616,1863.206013999616,1879.367013999616,1863.206013999616,256.8959999999973,TP,2
2022-05-02 13:00:00+00:00,2022-05-02 15:30:00+00:00,-1,20.0,1861.5346612220485,1868.2996612220484,1868.2996612220484,1848.0046612220485,-136.69999999999746,SL,10
2022-05-02 15:30:00+00:00,2022-05-03 04:00:00+00:00,-1,15.0,1863.6981698504355,1862.574504962698,1872.4331698504354,1846.2281698504355,15.804973316062569,TIME,50
2022-05-03 08:15:00+00:00,2022-05-03 10:00:00+00:00,-1,24.0,1855.3567084950967,1860.9297084950967,1860.9297084950967,1844.2107084950967,-135.43200000000223,SL,7
2022-05-03 10:00:00+00:00,2022-05-03 11:45:00+00:00,-1,22.0,1857.632228018598,1863.818228018598,1863.818228018598,1845.2602280185981,-137.63199999999827,SL,7
2022-05-03 12:00:00+00:00,2022-05-03 12:30:00+00:00,1,22.0,1863.9155332508494,1857.8875332508494,1857.8875332508494,1875.9715332508492,-134.15600000000043,SL,2
2022-05-03 12:30:00+00:00,2022-05-03 14:15:00+00:00,1,21.0,1861.1544035141255,1873.6464035141255,1854.9084035141257,1873.6464035141255,260.86199999999917,TP,7
2022-05-03 14:15:00+00:00,2022-05-03 19:45:00+00:00,1,18.0,1870.7443706272488,1866.649675846803,1863.4153706272489,1885.4023706272487,-74.96450604802682,SIGNAL_REVERSE,22
2022-05-03 19:45:00+00:00,2022-05-04 08:00:00+00:00,-1,25.0,1866.6485768258833,1872.0475768258834,1872.0475768258834,1855.850576825883,-136.72500000000286,SL,49
2022-05-04 08:15:00+00:00,2022-05-04 10:45:00+00:00,1,34.0,1870.839626000607,1866.919626000607,1866.919626000607,1878.679626000607,-135.66000000000247,SL,10
2022-05-04 10:45:00+00:00,2022-05-04 12:15:00+00:00,1,28.000000000000004,1869.7291976536712,1865.1101976536713,1865.1101976536713,1878.9671976536713,-131.29199999999764,SL,6
2022-05-04 14:15:00+00:00,2022-05-04 17:00:00+00:00,-1,22.0,1863.3838055156407,1869.2388055156407,1869.2388055156407,1851.6738055156407,-130.3500000000004,SL,11
2022-05-04 18:30:00+00:00,2022-05-04 23:45:00+00:00,1,17.0,1875.1759675289838,1890.139967528984,1867.6939675289836,1890.139967528984,253.19800000000288,TP,21
2022-05-05 08:15:00+00:00,2022-05-05 09:45:00+00:00,-1,27.0,1892.3826726785333,1897.2846726785333,1897.2846726785333,1882.5786726785332,-134.24400000000117,SL,6
2022-05-05 09:45:00+00:00,2022-05-05 12:15:00+00:00,-1,24.0,1895.2766335925357,1900.7566335925358,1900.7566335925358,1884.3166335925357,-133.20000000000044,SL,10
2022-05-05 12:30:00+00:00,2022-05-05 13:45:00+00:00,1,22.0,1901.0064583230076,1895.0984583230077,1895.0984583230077,1912.8224583230074,-131.51599999999783,SL,5
2022-05-05 13:45:00+00:00,2022-05-05 14:00:00+00:00,1,18.0,1897.8172669865191,1890.6602669865192,1890.6602669865192,1912.131266986519,-130.08599999999865,SL,1
2022-05-05 14:45:00+00:00,2022-05-06 01:15:00+00:00,-1,14.000000000000002,1885.6495138594069,1868.433513859407,1894.2575138594068,1868.433513859407,240.04399999999856,TP,42
2022-05-06 09:00:00+00:00,2022-05-06 12:45:00+00:00,1,28.000000000000004,1881.7971513121809,1877.266151312181,1877.266151312181,1890.8591513121808,-128.82799999999858,SL,15
2022-05-06 12:45:00+00:00,2022-05-06 13:00:00+00:00,1,20.0,1884.5766320668472,1878.1406320668473,1878.1406320668473,1897.4486320668473,-130.11999999999844,SL,1
2022-05-06 15:45:00+00:00,2022-05-06 20:15:00+00:00,1,14.000000000000002,1887.060633162417,1881.8113190672898,1878.214633162417,1904.7526331624172,-74.47039733178008,SIGNAL_REVERSE,18
2022-05-06 20:15:00+00:00,2022-05-09 05:00:00+00:00,-1,26.0,1881.8087384071414,1871.9547384071413,1886.7357384071413,1871.9547384071413,254.3840000000011,TP,35
2022-05-09 08:15:00+00:00,2022-05-09 10:15:00+00:00,-1,28.999999999999996,1870.6658779465959,1861.8958779465959,1875.0508779465958,1861.8958779465959,252.29999999999944,TP,8
2022-05-09 10:15:00+00:00,2022-05-09 12:30:00+00:00,-1,21.0,1862.5534900686855,1868.4494900686855,1868.4494900686855,1850.7614900686854,-125.28599999999912,SL,9
2022-05-09 12:30:00+00:00,2022-05-09 19:15:00+00:00,-1,18.0,1866.9158656634017,1853.0418656634017,1873.8528656634016,1853.0418656634017,248.47200000000043,TP,27
2022-05-09 19:15:00+00:00,2022-05-10 02:30:00+00:00,-1,21.0,1855.1059751003258,1861.1299751003257,1861.1299751003257,1843.0579751003258,-127.97399999999763,SL,29
2022-05-10 10:15:00+00:00,2022-05-10 11:15:00+00:00,-1,26.0,1856.8967091241666,1861.8767091241666,1861.8767091241666,1846.9367091241666,-131.30000000000047,SL,4
2022-05-10 11:15:00+00:00,2022-05-10 11:30:00+00:00,-1,26.0,1858.658687140827,1863.606687140827,1863.606687140827,1848.762687140827,-130.4680000000024,SL,1
2022-05-10 15:00:00+00:00,2022-05-10 19:45:00+00:00,-1,18.0,1849.8987985334254,1836.0127985334254,1856.8417985334254,1836.0127985334254,248.68799999999942,TP,19
2022-05-10 19:45:00+00:00,2022-05-11 07:00:00+00:00,-1,19.0,1839.2786078734005,1845.9246078734004,1845.9246078734004,1825.9866078734003,-127.6039999999992,SL,45
2022-05-11 08:15:00+00:00,2022-05-11 12:30:00+00:00,1,25.0,1850.8419049555123,1845.7669049555125,1845.7669049555125,1860.9919049555122,-128.62499999999545,SL,17
2022-05-11 12:30:00+00:00,2022-05-11 12:45:00+00:00,1,21.0,1849.825164822006,1843.639164822006,1843.639164822006,1862.197164822006,-131.37599999999836,SL,1
2022-05-11 13:00:00+00:00,2022-05-11 13:15:00+00:00,-1,17.0,1839.4554190742083,1846.9134190742084,1846.9134190742084,1824.5394190742081,-127.97600000000142,SL,1
2022-05-11 13:15:00+00:00,2022-05-11 13:30:00+00:00,-1,16.0,1846.2891439623852,1854.1951439623851,1854.1951439623851,1830.477143962385,-127.61599999999919,SL,1
2022-05-12 08:15:00+00:00,2022-05-12 13:45:00+00:00,-1,22.0,1849.857185341606,1838.841185341606,1855.365185341606,1838.841185341606,240.8120000000017,TP,22
2022-05-12 13:45:00+00:00,2022-05-12 16:45:00+00:00,-1,15.0,1845.7812271816092,1829.7372271816093,1853.8032271816091,1829.7372271816093,239.60999999999802,TP,12
2022-05-12 16:45:00+00:00,2022-05-12 22:30:00+00:00,-1,14.000000000000002,1834.9148760278608,1817.462876027861,1843.6408760278607,1817.462876027861,243.34799999999683,TP,23
2022-05-13 08:45:00+00:00,2022-05-13 11:45:00+00:00,-1,28.000000000000004,1822.259902653401,1812.9919026534012,1826.893902653401,1812.9919026534012,257.5439999999945,TP,12
2022-05-13 11:45:00+00:00,2022-05-13 13:00:00+00:00,-1,23.0,1816.8399280988067,1805.8059280988068,1822.3569280988067,1805.8059280988068,252.17199999999718,TP,5
2022-05-13 13:00:00+00:00,2022-05-13 14:00:00+00:00,-1,20.0,1810.190630107117,1816.7046301071168,1816.7046301071168,1797.162630107117,-131.67999999999793,SL,4
2022-05-13 14:00:00+00:00,2022-05-13 14:15:00+00:00,-1,16.0,1806.7016028294584,1815.1826028294583,1815.1826028294583,1789.7396028294584,-136.81599999999992,SL,1
2022-05-13 14:15:00+00:00,2022-05-16 02:45:00+00:00,-1,15.0,1815.0825017391217,1810.320275448745,1823.8915017391216,1797.4645017391217,70.38339435565054,TIME,50
2022-05-16 08:15:00+00:00,2022-05-16 09:15:00+00:00,-1,19.0,1798.951247218603,1805.908247218603,1805.908247218603,1785.0372472186027,-133.51300000000205,SL,4
2022-05-16 09:15:00+00:00,2022-05-16 09:30:00+00:00,-1,16.0,1798.5253006811693,1806.4893006811694,1806.4893006811694,1782.5973006811691,-128.5440000000027,SL,1
2022-05-16 09:30:00+00:00,2022-05-16 13:00:00+00:00,-1,16.0,1806.0132707269222,1808.2581966556763,1814.2742707269222,1789.491270726922,-37.03881486006605,SIGNAL_REVERSE,14
2022-05-16 13:00:00+00:00,2022-05-16 18:45:00+00:00,1,18.0,1808.2579396047095,1822.7219396047094,1801.0259396047095,1822.7219396047094,259.09199999999896,TP,23
2022-05-16 18:45:00+00:00,2022-05-16 23:45:00+00:00,1,23.0,1816.3804330917624,1827.6144330917623,1810.7634330917624,1827.6144330917623,256.77199999999823,TP,20
2022-05-17 08:30:00+00:00,2022-05-17 11:30:00+00:00,1,32.0,1827.3199928025697,1835.6979928025696,1823.1309928025696,1835.6979928025696,265.8559999999977,TP,12
2022-05-17 11:45:00+00:00,2022-05-17 12:15:00+00:00,1,25.0,1835.1214374046542,1829.8084374046541,1829.8084374046541,1845.7474374046542,-134.57500000000255,SL,2
2022-05-17 12:15:00+00:00,2022-05-17 12:30:00+00:00,1,25.0,1834.5245000177058,1829.0475000177057,1829.0475000177057,1845.4785000177058,-138.67500000000223,SL,1
2022-05-17 12:30:00+00:00,2022-05-17 13:30:00+00:00,1,24.0,1831.217852210855,1825.554852210855,1825.554852210855,1842.543852210855,-137.59200000000027,SL,4
2022-05-17 14:30:00+00:00,2022-05-18 03:00:00+00:00,-1,19.0,1824.0280722843072,1812.5452504020302,1830.9640722843071,1810.1560722843071,216.84361576326287,TIME,50
2022-05-18 08:15:00+00:00,2022-05-18 11:30:00+00:00,1,32.0,1816.5076238847275,1812.3166238847275,1812.3166238847275,1824.8896238847276,-136.352000000001,SL,13
2022-05-18 12:15:00+00:00,2022-05-18 12:30:00+00:00,-1,27.0,1808.6403628027201,1813.64336280272,1813.64336280272,1798.63436280272,-136.97099999999807,SL,1
2022-05-18 12:30:00+00:00,2022-05-18 15:00:00+00:00,-1,25.0,1810.584690052115,1815.9576900521151,1815.9576900521151,1799.838690052115,-136.07500000000118,SL,10
2022-05-18 16:00:00+00:00,2022-05-18 17:30:00+00:00,1,17.0,1823.6511766946057,1816.0951766946057,1816.0951766946057,1838.7631766946056,-129.64200000000068,SL,6
2022-05-18 17:30:00+00:00,2022-05-18 21:15:00+00:00,1,20.0,1817.711783106084,1816.4875326828515,1811.2197831060842,1830.695783106084,-25.885008464653218,SIGNAL_REVERSE,15
2022-05-18 21:15:00+00:00,2022-05-19 08:45:00+00:00,-1,34.0,1816.4898342549513,1820.2838342549512,1820.2838342549512,1808.9018342549514,-131.37599999999554,SL,46
2022-05-19 09:15:00+00:00,2022-05-19 12:30:00+00:00,1,24.0,1827.0510394466498,1837.6550394466499,1821.74903944665,1837.6550394466499,252.816000000001,TP,13
2022-05-19 12:30:00+00:00,2022-05-19 14:45:00+00:00,1,17.0,1831.548960652513,1846.764960652513,1823.940960652513,1846.764960652513,257.4820000000021,TP,9
2022-05-19 14:45:00+00:00,2022-05-20 03:15:00+00:00,1,16.0,1844.125412530325,1839.564000481442,1836.0534125303252,1860.269412530325,-74.10259278212936,TIME,50
2022-05-20 08:15:00+00:00,2022-05-20 13:00:00+00:00,1,30.0,1844.601549959242,1840.223549959242,1840.223549959242,1853.357549959242,-133.43999999999787,SL,19
2022-05-20 13:15:00+00:00,2022-05-20 19:45:00+00:00,-1,25.0,1841.965044447004,1843.6151580323917,1847.116044447004,1831.6630444470038,-43.00283963469428,SIGNAL_REVERSE,26
2022-05-20 19:45:00+00:00,2022-05-23 00:45:00+00:00,1,32.0,1843.6205758349683,1851.8825758349685,1839.4895758349683,1851.8825758349685,262.14400000000546,TP,20
2022-05-23 08:15:00+00:00,2022-05-23 13:30:00+00:00,1,30.0,1856.5925100875288,1856.2967322517197,1852.1015100875288,1865.5745100875288,-10.97333507427229,SIGNAL_REVERSE,21
2022-05-23 13:30:00+00:00,2022-05-24 02:00:00+00:00,-1,25.0,1856.2995479509875,1849.921199159802,1861.5995479509875,1845.6995479509874,157.7087197796386,TIME,50
2022-05-24 08:15:00+00:00,2022-05-24 08:45:00+00:00,1,38.0,1860.1319672494528,1856.5589672494527,1856.5589672494527,1867.277967249453,-138.43400000000352,SL,2
2022-05-24 08:45:00+00:00,2022-05-24 12:30:00+00:00,1,34.0,1858.193589662497,1854.284589662497,1854.284589662497,1866.011589662497,-135.28600000000358,SL,15
2022-05-24 13:15:00+00:00,2022-05-25 01:45:00+00:00,1,28.999999999999996,1860.816222895372,1863.255738178037,1856.319222895372,1869.8102228953721,68.71594319728702,TIME,50
2022-05-25 08:15:00+00:00,2022-05-25 13:00:00+00:00,-1,38.0,1857.5447398259644,1850.5907398259644,1861.0217398259642,1850.5907398259644,261.5919999999981,TP,19
2022-05-25 13:00:00+00:00,2022-05-25 19:15:00+00:00,-1,25.0,1852.3966380024904,1855.4257674042658,1857.6796380024903,1841.8306380024906,-77.47823504438588,SIGNAL_REVERSE,25
2022-05-25 19:15:00+00:00,2022-05-26 01:45:00+00:00,1,27.0,1855.4269462821162,1850.5539462821162,1850.5539462821162,1865.1729462821163,-133.46100000000126,SL,26
2022-05-26 09:45:00+00:00,2022-05-26 13:45:00+00:00,-1,33.0,1844.1749610585362,1848.200961058536,1848.200961058536,1836.1229610585362,-135.16799999999472,SL,16
2022-05-26 14:30:00+00:00,2022-05-26 15:00:00+00:00,1,20.0,1852.2494525670554,1845.7994525670554,1845.7994525670554,1865.1494525670555,-130.40000000000092,SL,2
2022-05-26 17:30:00+00:00,2022-05-27 06:00:00+00:00,1,23.0,1849.8983435922673,1853.6433400708852,1844.3043435922673,1861.0863435922677,84.52491900821055,TIME,50
2022-05-27 08:15:00+00:00,2022-05-27 12:30:00+00:00,1,37.0,1858.9795109016081,1855.4205109016082,1855.4205109016082,1866.0975109016083,-134.27299999999886,SL,17
2022-05-27 14:30:00+00:00,2022-05-30 03:00:00+00:00,-1,21.0,1854.580976291168,1858.9026766103273,1860.6999762911682,1842.342976291168,-92.22570670234242,TIME,50
2022-05-30 09:30:00+00:00,2022-05-31 00:00:00+00:00,-1,37.0,1858.6060686969392,1851.5440686969393,1862.1370686969392,1851.5440686969393,258.70399999999626,TP,48
2022-05-31 08:15:00+00:00,2022-05-31 08:45:00+00:00,1,45.0,1855.6815256725179,1852.7485256725179,1852.7485256725179,1861.5475256725178,-135.13499999999968,SL,2
2022-05-31 08:45:00+00:00,2022-05-31 09:00:00+00:00,1,40.0,1855.8262441038873,1852.5042441038872,1852.5042441038872,1862.4702441038874,-135.68000000000467,SL,1
2022-06-22 08:30:00+00:00,2022-06-22 09:45:00+00:00,-1,30.0,1824.3420460920527,1828.6930460920526,1828.6930460920526,1815.6400460920527,-132.62999999999656,SL,5
2022-06-22 10:45:00+00:00,2022-06-22 11:00:00+00:00,1,26.0,1830.2341331829684,1840.0581331829683,1825.3221331829686,1840.0581331829683,253.6039999999959,TP,1
2022-06-22 11:00:00+00:00,2022-06-22 12:45:00+00:00,1,22.0,1832.13588734493,1843.69588734493,1826.3558873449301,1843.69588734493,252.7799999999988,TP,7
2022-06-22 12:45:00+00:00,2022-06-22 13:30:00+00:00,1,21.0,1843.1990685583942,1837.0070685583942,1837.0070685583942,1855.583068558394,-131.50200000000015,SL,3
2022-06-22 13:30:00+00:00,2022-06-23 01:45:00+00:00,1,18.0,1840.6044250461923,1833.3734250461923,1833.3734250461923,1855.066425046192,-131.4179999999999,SL,49
2022-06-23 08:15:00+00:00,2022-06-23 08:45:00+00:00,1,34.0,1835.8245066484149,1831.9335066484148,1831.9335066484148,1843.6065066484148,-134.6740000000026,SL,2
2022-06-23 10:30:00+00:00,2022-06-23 12:45:00+00:00,-1,28.999999999999996,1829.4908879682293,1833.9308879682294,1833.9308879682294,1820.6108879682295,-130.79000000000156,SL,9
2022-06-23 12:45:00+00:00,2022-06-23 13:00:00+00:00,-1,28.000000000000004,1831.688326031119,1836.285326031119,1836.285326031119,1822.494326031119,-130.67599999999948,SL,1
2022-06-23 13:45:00+00:00,2022-06-23 16:30:00+00:00,1,22.0,1836.3495674559836,1830.6785674559837,1830.6785674559837,1847.6915674559834,-126.30199999999608,SL,11
2022-06-23 17:30:00+00:00,2022-06-24 06:00:00+00:00,-1,19.0,1827.9274653946056,1824.6653158133072,1834.6454653946055,1814.491465394606,60.650842044670455,TIME,50
2022-06-24 08:15:00+00:00,2022-06-24 08:30:00+00:00,1,30.0,1829.5764415714893,1825.2794415714893,1825.2794415714893,1838.1704415714892,-131.01000000000076,SL,1
2022-06-24 10:00:00+00:00,2022-06-24 11:30:00+00:00,1,27.0,1828.8011419880354,1824.2071419880353,1824.2071419880353,1837.9891419880353,-125.92800000000138,SL,6
2022-06-24 13:00:00+00:00,2022-06-24 14:00:00+00:00,-1,22.0,1822.0326744773754,1827.7466744773753,1827.7466744773753,1810.6046744773753,-127.24799999999873,SL,4
2022-06-24 15:45:00+00:00,2022-06-27 04:15:00+00:00,1,17.0,1829.7316605229928,1835.1314877707255,1822.3206605229927,1844.5536605229927,90.60706321145545,TIME,50
2022-06-27 08:45:00+00:00,2022-06-27 11:30:00+00:00,1,32.0,1838.7538664555814,1834.9078664555814,1834.9078664555814,1846.4458664555814,-125.31200000000011,SL,11
2022-06-27 12:15:00+00:00,2022-06-27 15:00:00+00:00,-1,25.0,1832.826807406144,1823.1528074061441,1837.663807406144,1823.1528074061441,240.09999999999945,TP,11
2022-06-27 15:00:00+00:00,2022-06-28 03:30:00+00:00,-1,23.0,1825.1300716219994,1825.542728950871,1830.5840716219993,1814.2220716219995,-11.101118564045564,TIME,50
2022-06-28 08:15:00+00:00,2022-06-28 09:45:00+00:00,1,46.0,1827.5977113788624,1824.8837113788625,1824.8837113788625,1833.0257113788625,-128.06399999999732,SL,6
2022-06-28 11:00:00+00:00,2022-06-28 12:00:00+00:00,-1,37.0,1823.3700574022319,1826.7850574022318,1826.7850574022318,1816.5400574022317,-128.94499999999866,SL,4
2022-06-28 12:00:00+00:00,2022-06-29 00:30:00+00:00,-1,32.0,1825.4630251794813,1819.6236088616852,1829.3780251794813,1817.6330251794811,184.6213221694759,TIME,50
2022-07-14 08:15:00+00:00,2022-07-14 13:00:00+00:00,-1,23.0,1717.3967693238342,1706.726769323834,1722.7317693238342,1706.726769323834,243.80000000000166,TP,19
2022-07-14 13:00:00+00:00,2022-07-14 19:45:00+00:00,-1,20.0,1709.3459785033158,1709.9037747698123,1715.6679785033157,1696.7019785033158,-12.555925329931052,SIGNAL_REVERSE,27
2022-07-14 19:45:00+00:00,2022-07-15 06:30:00+00:00,1,22.0,1709.9045959626208,1704.3055959626208,1704.3055959626208,1721.1025959626206,-124.71799999999853,SL,43
2022-07-15 08:15:00+00:00,2022-07-15 11:00:00+00:00,-1,28.000000000000004,1702.6527166376836,1707.1607166376837,1707.1607166376837,1693.6367166376838,-128.18400000000108,SL,11
2022-07-15 13:00:00+00:00,2022-07-15 14:00:00+00:00,1,22.0,1707.4443182429081,1701.7273182429083,1701.7273182429083,1718.878318242908,-127.31399999999716,SL,4
2022-07-15 21:00:00+00:00,2022-07-17 23:15:00+00:00,1,59.0,1706.1907121319136,1710.4527121319136,1704.0597121319138,1710.4527121319136,247.32799999999668,TP,9
2022-07-18 08:15:00+00:00,2022-07-18 10:30:00+00:00,1,33.0,1719.0592249508393,1715.2262249508392,1715.2262249508392,1726.7252249508392,-128.79900000000276,SL,9
2022-07-18 10:30:00+00:00,2022-07-18 11:00:00+00:00,1,24.0,1720.1306037389597,1715.0146037389597,1715.0146037389597,1730.3626037389597,-124.46399999999966,SL,2
2022-07-18 12:30:00+00:00,2022-07-18 12:45:00+00:00,-1,26.0,1712.2115739764333,1717.0015739764333,1717.0015739764333,1702.6315739764332,-126.35999999999905,SL,1
2022-07-18 12:45:00+00:00,2022-07-18 13:30:00+00:00,-1,25.0,1714.0321144699303,1719.0521144699303,1719.0521144699303,1703.9921144699304,-127.24999999999955,SL,3
2022-07-18 15:30:00+00:00,2022-07-19 04:00:00+00:00,-1,19.0,1709.84258685662,1709.4558242798946,1716.1825868566202,1697.16258685662,6.018488957783729,TIME,50
2022-07-19 08:15:00+00:00,2022-07-19 11:00:00+00:00,1,39.0,1711.4899656489715,1717.8239656489716,1708.3229656489714,1717.8239656489716,244.29600000000235,TP,11
2022-07-19 11:00:00+00:00,2022-07-19 11:45:00+00:00,1,34.0,1716.8838776167572,1713.3168776167572,1713.3168776167572,1724.0178776167572,-123.65800000000024,SL,3
2022-07-19 11:45:00+00:00,2022-07-19 12:00:00+00:00,1,32.0,1716.6913015196928,1712.8653015196928,1712.8653015196928,1724.343301519693,-124.6720000000007,SL,1
2022-07-19 12:00:00+00:00,2022-07-19 12:15:00+00:00,1,32.0,1714.2302097563277,1710.3792097563278,1710.3792097563278,1721.9322097563277,-125.47199999999633,SL,1
2022-07-19 12:15:00+00:00,2022-07-19 12:30:00+00:00,1,28.999999999999996,1713.2092859291827,1709.0382859291826,1709.0382859291826,1721.5512859291828,-122.98900000000141,SL,1
2022-07-19 14:45:00+00:00,2022-07-20 03:15:00+00:00,-1,23.0,1710.6803559837367,1711.6870927734758,1715.8613559837368,1700.3183559837366,-24.76494616399883,TIME,50
2022-07-20 08:15:00+00:00,2022-07-20 09:30:00+00:00,-1,41.0,1707.936770641228,1710.8997706412279,1710.8997706412279,1702.0107706412277,-124.35299999999859,SL,5
2022-07-20 10:15:00+00:00,2022-07-20 10:30:00+00:00,1,35.0,1711.8169838296328,1708.3889838296327,1708.3889838296327,1718.6729838296328,-122.43000000000389,SL,1
2022-07-20 10:30:00+00:00,2022-07-20 10:45:00+00:00,1,32.0,1712.1821662275674,1708.4671662275673,1708.4671662275673,1719.6121662275675,-121.12000000000465,SL,1
2022-07-20 10:45:00+00:00,2022-07-20 11:45:00+00:00,1,30.0,1710.312599850115,1706.3765998501149,1706.3765998501149,1718.184599850115,-120.18000000000447,SL,4
2022-07-20 16:30:00+00:00,2022-07-20 19:45:00+00:00,-1,23.0,1706.7992513095796,1696.8412513095795,1711.7782513095797,1696.8412513095795,227.4240000000019,TP,13
2022-07-20 19:45:00+00:00,2022-07-21 01:00:00+00:00,-1,31.0,1698.2963707362503,1690.8703707362504,1702.0093707362503,1690.8703707362504,228.03599999999787,TP,21
2022-07-21 08:15:00+00:00,2022-07-21 12:15:00+00:00,-1,31.0,1688.4720894964753,1692.3280894964753,1692.3280894964753,1680.7600894964753,-121.70599999999983,SL,16
2022-07-21 12:15:00+00:00,2022-07-21 12:30:00+00:00,-1,22.0,1684.9261838277876,1690.3761838277876,1690.3761838277876,1674.0261838277875,-121.440000000001,SL,1
2022-07-21 13:00:00+00:00,2022-07-21 13:15:00+00:00,1,15.0,1706.6622941045962,1699.0772941045961,1699.0772941045961,1721.8322941045963,-114.82500000000054,SL,1
2022-07-21 13:15:00+00:00,2022-07-21 20:15:00+00:00,1,13.0,1702.7029874982777,1719.9269874982776,1694.0909874982776,1719.9269874982776,223.00199999999913,TP,28
2022-07-21 20:15:00+00:00,2022-07-22 01:15:00+00:00,1,32.0,1719.8216457970952,1716.1316457970952,1716.1316457970952,1727.2016457970954,-120.32000000000174,SL,20
2022-07-22 08:15:00+00:00,2022-07-22 09:30:00+00:00,1,32.0,1717.7034634301701,1725.0734634301702,1714.0184634301702,1725.0734634301702,233.60000000000377,TP,5
2022-07-22 09:30:00+00:00,2022-07-22 13:45:00+00:00,1,25.0,1722.0949309886273,1731.3449309886273,1717.4699309886273,1731.3449309886273,229.5,TP,17
2022-07-22 13:45:00+00:00,2022-07-22 18:00:00+00:00,1,18.0,1729.6092016285452,1723.0602016285452,1723.0602016285452,1742.7072016285451,-119.14199999999961,SL,17
2022-07-22 18:30:00+00:00,2022-07-25 03:00:00+00:00,-1,18.0,1721.2268608431627,1727.6988608431627,1727.6988608431627,1708.2828608431628,-117.75599999999964,SL,34
2022-07-25 09:00:00+00:00,2022-07-25 09:45:00+00:00,1,34.0,1728.4924457975953,1735.4244457975954,1725.0264457975954,1735.4244457975954,233.30800000000056,TP,3
2022-07-25 09:45:00+00:00,2022-07-25 11:45:00+00:00,1,28.000000000000004,1731.0995287016572,1726.864528701657,1726.864528701657,1739.5695287016572,-120.54000000000357,SL,8
2022-07-25 11:45:00+00:00,2022-07-25 12:45:00+00:00,1,24.0,1729.3542694899973,1724.3582694899972,1724.3582694899972,1739.3462694899972,-121.58400000000228,SL,4
2022-07-25 13:00:00+00:00,2022-07-26 01:30:00+00:00,-1,23.0,1724.6510557407044,1725.9606546591629,1729.7810557407042,1714.3910557407044,-31.730775124545616,TIME,50
2022-07-26 09:45:00+00:00,2022-07-26 22:15:00+00:00,-1,34.0,1719.23394057643,1718.0072577519409,1722.73394057643,1712.23394057643,39.327216032633366,TIME,50
2022-07-27 08:15:00+00:00,2022-07-27 12:30:00+00:00,1,34.0,1722.6734069617055,1719.1304069617054,1719.1304069617054,1729.7594069617055,-122.84200000000408,SL,17
2022-07-27 13:15:00+00:00,2022-07-27 17:00:00+00:00,-1,30.0,1717.6010344727715,1721.5500344727716,1721.5500344727716,1709.7030344727716,-120.57000000000207,SL,15
2022-07-27 17:30:00+00:00,2022-07-27 18:30:00+00:00,1,25.0,1721.338940840894,1730.634940840894,1716.6909408408942,1730.634940840894,230.64999999999554,TP,4
2022-07-27 18:30:00+00:00,2022-07-27 18:45:00+00:00,1,19.0,1725.367459810182,1737.409459810182,1719.346459810182,1737.409459810182,227.4679999999984,TP,1
2022-07-27 19:00:00+00:00,2022-07-28 07:30:00+00:00,1,18.0,1734.9399161033432,1741.0269418303862,1728.3059161033432,1748.2079161033432,108.306463086775,TIME,50
2022-07-28 08:15:00+00:00,2022-07-28 09:45:00+00:00,1,30.0,1747.4139516411778,1743.392951641178,1743.392951641178,1755.4559516411778,-122.72999999999874,SL,6
2022-07-28 09:45:00+00:00,2022-07-28 10:00:00+00:00,1,25.0,1745.6057011443204,1740.7987011443204,1740.7987011443204,1755.2197011443204,-121.92500000000041,SL,1
2022-07-28 10:00:00+00:00,2022-07-28 12:15:00+00:00,1,25.0,1741.3407482073123,1736.4587482073123,1736.4587482073123,1751.1047482073125,-123.80000000000155,SL,9
2022-07-28 12:30:00+00:00,2022-07-28 12:45:00+00:00,-1,20.0,1737.130327266321,1743.1253272663212,1743.1253272663212,1725.140327266321,-121.30000000000237,SL,1
2022-07-28 13:45:00+00:00,2022-07-29 02:15:00+00:00,1,15.0,1753.9411428185049,1754.360527243131,1746.2501428185049,1769.323142818505,5.240766369390895,TIME,50
2022-07-29 08:15:00+00:00,2022-07-29 09:45:00+00:00,1,26.0,1762.4289864482087,1757.8899864482087,1757.8899864482087,1771.5069864482086,-119.83399999999966,SL,6
2022-07-29 10:00:00+00:00,2022-07-29 15:15:00+00:00,-1,23.0,1760.1802811928756,1765.3302811928756,1765.3302811928756,1749.8802811928754,-120.06000000000209,SL,21
2022-07-29 16:00:00+00:00,2022-08-01 04:30:00+00:00,1,16.0,1765.8808199912876,1761.4399901678896,1758.9308199912878,1779.7808199912874,-72.1732771743674,TIME,50
2022-08-01 08:15:00+00:00,2022-08-01 09:45:00+00:00,1,33.0,1764.9497214445103,1772.0237214445103,1761.4127214445102,1772.0237214445103,231.13200000000228,TP,6
2022-08-01 09:45:00+00:00,2022-08-01 12:30:00+00:00,1,26.0,1770.9331783530997,1766.4181783530996,1766.4181783530996,1779.9631783530997,-119.2100000000026,SL,11
2022-08-01 12:30:00+00:00,2022-08-01 12:45:00+00:00,1,23.0,1772.5424564799125,1767.4194564799125,1767.4194564799125,1782.7884564799126,-119.43900000000109,SL,1
2022-08-01 12:45:00+00:00,2022-08-02 00:30:00+00:00,1,22.0,1766.258413784942,1776.980413784942,1760.8974137849418,1776.980413784942,234.34399999999957,TP,47
2022-08-02 08:15:00+00:00,2022-08-02 09:45:00+00:00,-1,31.0,1771.0969942288245,1774.8479942288245,1774.8479942288245,1763.5949942288246,-118.45099999999927,SL,6
2022-08-02 11:30:00+00:00,2022-08-02 13:45:00+00:00,1,26.0,1779.53353650669,1775.1045365066902,1775.1045365066902,1788.39153650669,-116.97399999999635,SL,9
2022-08-02 13:45:00+00:00,2022-08-02 16:30:00+00:00,1,18.0,1779.9165349220539,1773.5035349220539,1773.5035349220539,1792.7425349220537,-116.6940000000002,SL,11
2022-08-02 17:15:00+00:00,2022-08-02 22:00:00+00:00,-1,14.000000000000002,1775.8291731753825,1759.4791731753826,1784.0041731753824,1759.4791731753826,227.91999999999877,TP,19
2022-08-03 09:00:00+00:00,2022-08-03 12:15:00+00:00,-1,28.000000000000004,1765.052146880064,1769.1811468800638,1769.1811468800638,1756.7941468800639,-117.57199999999736,SL,13
2022-08-03 12:15:00+00:00,2022-08-03 12:30:00+00:00,-1,23.0,1764.4876082767805,1769.4306082767805,1769.4306082767805,1754.6016082767806,-115.29899999999962,SL,1
2022-08-03 13:00:00+00:00,2022-08-03 13:30:00+00:00,1,22.0,1771.8873878532936,1766.8183878532936,1766.8183878532936,1782.0253878532935,-113.05799999999913,SL,2
2022-08-03 13:30:00+00:00,2022-08-03 14:00:00+00:00,1,21.0,1768.5917140352417,1763.2817140352417,1763.2817140352417,1779.2117140352416,-112.97999999999885,SL,2
2022-08-03 14:30:00+00:00,2022-08-03 19:30:00+00:00,-1,16.0,1759.2924487534392,1766.0584487534393,1766.0584487534393,1745.7604487534393,-109.37600000000123,SL,20
2022-08-03 19:30:00+00:00,2022-08-04 05:15:00+00:00,1,30.0,1765.5001114376344,1773.0821114376342,1761.7091114376344,1773.0821114376342,225.3599999999964,TP,39
2022-08-04 08:15:00+00:00,2022-08-04 10:45:00+00:00,1,36.0,1774.5844864646792,1780.9624864646794,1771.3954864646792,1780.9624864646794,227.08800000000562,TP,10
2022-08-04 10:45:00+00:00,2022-08-04 12:00:00+00:00,1,31.0,1780.4288130753848,1787.732813075385,1776.7768130753848,1787.732813075385,224.25400000000272,TP,5
2022-08-11 16:45:00+00:00,2022-08-12 05:15:00+00:00,-1,20.0,1789.4262426151404,1790.384869445812,1795.3482426151404,1777.5822426151403,-20.572536613432383,TIME,50
2022-08-12 09:00:00+00:00,2022-08-12 12:15:00+00:00,-1,35.0,1787.2662514915119,1790.6022514915119,1790.6022514915119,1780.5942514915118,-119.21000000000045,SL,13
2022-08-12 13:15:00+00:00,2022-08-15 01:45:00+00:00,1,23.0,1793.7366586602973,1797.9468034178046,1788.8256586602972,1803.5586586602974,95.22332942266907,TIME,50
2022-08-15 08:15:00+00:00,2022-08-15 08:45:00+00:00,-1,41.0,1787.7146785060488,1782.0186785060487,1790.5626785060488,1782.0186785060487,230.66600000000574,TP,2
2022-08-15 08:45:00+00:00,2022-08-15 09:45:00+00:00,-1,37.0,1786.3010669811629,1779.9970669811628,1789.453066981163,1779.9970669811628,230.65800000000323,TP,4
2022-08-15 09:45:00+00:00,2022-08-15 12:15:00+00:00,-1,32.0,1780.3062926662667,1784.0452926662667,1784.0452926662667,1772.8282926662666,-121.88800000000104,SL,10
2022-08-15 12:15:00+00:00,2022-08-15 12:30:00+00:00,-1,20.0,1775.5981124778723,1781.6711124778724,1781.6711124778724,1763.4521124778723,-122.86000000000186,SL,1
2022-08-15 12:45:00+00:00,2022-08-15 17:15:00+00:00,-1,17.0,1780.2796725957264,1783.958878640251,1787.2946725957265,1766.2496725957265,-63.73650275691756,SIGNAL_REVERSE,18
2022-08-15 17:15:00+00:00,2022-08-15 18:00:00+00:00,1,22.0,1783.9631229694648,1778.6961229694648,1778.6961229694648,1794.497122969465,-117.41400000000117,SL,3
2022-08-15 18:00:00+00:00,2022-08-16 06:30:00+00:00,1,28.000000000000004,1780.1620955840397,1780.2803159468037,1775.9670955840397,1788.5520955840398,1.3501701573941685,TIME,50
2022-08-16 08:15:00+00:00,2022-08-16 10:00:00+00:00,-1,43.0,1774.8360751566277,1777.5860751566277,1777.5860751566277,1769.3360751566277,-121.26,SL,7
2022-08-16 10:00:00+00:00,2022-08-16 22:30:00+00:00,-1,34.0,1775.7127005198217,1775.4267039150918,1779.1057005198218,1768.926700519822,7.343884560817168,TIME,50
2022-08-17 08:15:00+00:00,2022-08-17 08:30:00+00:00,-1,40.0,1772.5985719623563,1775.4815719623562,1775.4815719623562,1766.8325719623565,-118.11999999999243,SL,1
2022-08-17 08:30:00+00:00,2022-08-17 08:45:00+00:00,-1,37.0,1773.5852800565729,1776.7252800565727,1776.7252800565727,1767.3052800565729,-118.76999999999529,SL,1
2022-08-17 08:45:00+00:00,2022-08-17 11:15:00+00:00,-1,35.0,1776.7325274342668,1770.128527434267,1780.0345274342667,1770.128527434267,228.68999999999352,TP,10
2022-08-17 11:15:00+00:00,2022-08-17 15:00:00+00:00,-1,30.0,1771.1825032962106,1763.6445032962106,1774.9515032962106,1763.6445032962106,224.04000000000033,TP,15
2022-08-17 15:00:00+00:00,2022-08-18 03:30:00+00:00,-1,18.0,1766.0636050115202,1764.523605635553,1772.5416050115202,1753.1076050115203,26.459988767410085,TIME,50
2022-08-18 09:15:00+00:00,2022-08-18 11:30:00+00:00,1,42.0,1765.7672639754041,1771.387263975404,1762.9572639754042,1771.387263975404,233.09999999999542,TP,9
2022-08-18 11:30:00+00:00,2022-08-18 12:30:00+00:00,1,35.0,1770.9000317852674,1767.5640317852674,1767.5640317852674,1777.5720317852674,-119.21000000000045,SL,4
2022-08-18 12:30:00+00:00,2022-08-18 12:45:00+00:00,1,30.0,1771.01490872478,1767.04290872478,1767.04290872478,1778.95890872478,-121.2599999999994,SL,1
2022-08-18 12:45:00+00:00,2022-08-18 13:00:00+00:00,1,30.0,1767.7551214090092,1763.7811214090093,1763.7811214090093,1775.7031214090093,-121.31999999999798,SL,1
2022-08-18 13:00:00+00:00,2022-08-18 14:45:00+00:00,1,28.000000000000004,1767.2205648609051,1762.964564860905,1762.964564860905,1775.7325648609053,-121.1280000000024,SL,7
2022-08-18 14:45:00+00:00,2022-08-19 01:30:00+00:00,-1,23.0,1763.8198771095729,1753.779877109573,1768.8398771095729,1753.779877109573,229.30999999999915,TP,43
2022-08-19 10:30:00+00:00,2022-08-19 12:15:00+00:00,-1,35.0,1750.4469255262359,1753.828925526236,1753.828925526236,1743.682925526236,-120.82000000000217,SL,7
2022-08-19 12:15:00+00:00,2022-08-19 12:30:00+00:00,-1,30.0,1750.9914471846043,1754.8914471846044,1754.8914471846044,1743.1914471846044,-119.10000000000272,SL,1
2022-08-19 13:30:00+00:00,2022-08-19 13:45:00+00:00,1,25.0,1756.7791034135892,1752.1411034135892,1752.1411034135892,1766.0551034135892,-117.699999999998,SL,1
2022-08-19 15:00:00+00:00,2022-08-22 03:30:00+00:00,-1,22.0,1748.0033206201938,1746.6424081523164,1753.2503206201939,1737.5093206201939,28.400074293302133,TIME,50
2022-08-22 08:15:00+00:00,2022-08-22 12:00:00+00:00,-1,36.0,1736.827152910908,1730.481152910908,1740.000152910908,1730.481152910908,225.93600000000012,TP,15
2022-08-22 12:00:00+00:00,2022-08-22 13:30:00+00:00,-1,24.0,1733.2736333667922,1738.049633366792,1738.049633366792,1723.7216333667923,-116.30399999999617,SL,6
2022-08-23 08:45:00+00:00,2022-08-23 09:15:00+00:00,1,28.999999999999996,1742.68893457074,1738.74593457074,1738.74593457074,1750.57493457074,-116.37699999999951,SL,2
2022-08-23 09:15:00+00:00,2022-08-23 10:00:00+00:00,1,27.0,1741.2639290499537,1737.016929049954,1737.016929049954,1749.7579290499536,-116.55899999999578,SL,3
2022-08-23 10:00:00+00:00,2022-08-23 10:15:00+00:00,1,25.0,1739.4050270727369,1734.823027072737,1734.823027072737,1748.5690270727366,-116.299999999997,SL,1
2022-08-23 12:30:00+00:00,2022-08-23 13:15:00+00:00,-1,23.0,1733.8820124092938,1738.7650124092938,1738.7650124092938,1724.116012409294,-113.91900000000088,SL,3
2022-08-23 14:15:00+00:00,2022-08-23 17:30:00+00:00,1,18.0,1753.3405504228506,1747.0335504228506,1747.0335504228506,1765.9545504228506,-114.7860000000003,SL,13
2022-08-23 17:30:00+00:00,2022-08-24 06:00:00+00:00,1,19.0,1747.9983409385968,1745.7422795481082,1742.0883409385967,1759.8183409385967,-44.19516641928415,TIME,50
2022-08-24 08:15:00+00:00,2022-08-24 09:00:00+00:00,1,38.0,1747.8196003748492,1753.631600374849,1744.9136003748492,1753.631600374849,218.19599999999613,TP,3
2022-08-24 09:00:00+00:00,2022-08-24 10:00:00+00:00,1,33.0,1751.9468152310812,1748.6088152310813,1748.6088152310813,1758.6228152310812,-112.46399999999886,SL,4
2022-08-24 10:00:00+00:00,2022-08-24 10:15:00+00:00,1,31.0,1749.2002962524098,1745.5772962524097,1745.5772962524097,1756.4462962524099,-114.48300000000147,SL,1
2022-08-24 10:15:00+00:00,2022-08-24 10:30:00+00:00,1,28.999999999999996,1749.0120669592131,1745.092066959213,1745.092066959213,1756.852066959213,-115.7100000000021,SL,1
2022-08-24 12:00:00+00:00,2022-08-24 14:15:00+00:00,-1,26.0,1745.5192470504735,1749.7862470504735,1749.7862470504735,1736.9852470504736,-112.76200000000136,SL,9
2022-08-24 15:15:00+00:00,2022-08-24 17:15:00+00:00,1,19.0,1754.0459310933086,1748.3829310933086,1748.3829310933086,1765.3719310933086,-108.9270000000002,SL,8
2022-08-24 17:15:00+00:00,2022-08-25 05:45:00+00:00,1,21.0,1749.9934440861418,1756.703250221625,1744.7144440861418,1760.5514440861418,139.43592884514672,TIME,50
2022-08-25 08:15:00+00:00,2022-08-25 12:15:00+00:00,1,37.0,1763.042648120006,1760.0756481200062,1760.0756481200062,1768.976648120006,-112.36899999999522,SL,16
2022-08-25 13:30:00+00:00,2022-08-25 21:15:00+00:00,-1,23.0,1759.771394348892,1757.9128276134807,1764.4873943488922,1750.339394348892,41.13703491446189,SIGNAL_REVERSE,31
2022-08-25 21:15:00+00:00,2022-08-26 00:00:00+00:00,1,49.0,1757.9070627290344,1755.6710627290342,1755.6710627290342,1762.3790627290346,-112.99400000000509,SL,11
2022-08-26 08:15:00+00:00,2022-08-26 11:15:00+00:00,-1,34.0,1752.163133378963,1745.763133378963,1755.363133378963,1745.763133378963,215.2200000000031,TP,12
2022-08-26 11:15:00+00:00,2022-08-26 12:30:00+00:00,-1,28.999999999999996,1746.2200297415377,1749.9480297415378,1749.9480297415378,1738.7640297415376,-110.14200000000189,SL,5
2022-08-26 12:30:00+00:00,2022-08-26 13:00:00+00:00,-1,26.0,1746.724670639853,1750.880670639853,1750.880670639853,1738.4126706398529,-109.87599999999867,SL,2
2022-08-26 13:00:00+00:00,2022-08-26 13:15:00+00:00,-1,24.0,1745.932747026612,1750.4867470266122,1750.4867470266122,1736.8247470266122,-110.9760000000021,SL,1
2022-08-26 13:15:00+00:00,2022-08-26 14:00:00+00:00,-1,23.0,1750.9277598774781,1755.5877598774782,1755.5877598774782,1741.6077598774782,-108.79000000000188,SL,3
2022-08-26 15:15:00+00:00,2022-08-29 03:45:00+00:00,-1,13.0,1736.5866261652168,1726.4358078536395,1744.6486261652167,1720.4626261652168,131.0506380505045,TIME,50
2022-08-29 08:15:00+00:00,2022-08-29 09:15:00+00:00,-1,31.0,1720.7061792229056,1724.2301792229055,1724.2301792229055,1713.6581792229056,-111.4139999999965,SL,4
2022-08-29 10:45:00+00:00,2022-08-29 12:45:00+00:00,1,27.0,1727.1629751720407,1735.0309751720406,1723.2289751720407,1735.0309751720406,210.54599999999834,TP,8
2022-08-29 12:45:00+00:00,2022-08-29 14:00:00+00:00,1,22.0,1732.6736968429573,1742.4536968429572,1727.7836968429572,1742.4536968429572,213.6199999999994,TP,5
2022-08-29 14:00:00+00:00,2022-08-29 19:30:00+00:00,1,19.0,1740.6219842855458,1736.398258469327,1734.8999842855458,1752.0659842855457,-81.58079050815725,SIGNAL_REVERSE,22
2022-08-29 19:30:00+00:00,2022-08-29 23:45:00+00:00,-1,37.0,1736.3997490676666,1739.3497490676666,1739.3497490676666,1730.4997490676667,-111.74000000000169,SL,17
2022-08-30 13:00:00+00:00,2022-08-30 14:45:00+00:00,-1,24.0,1730.5684721277548,1721.406472127755,1735.1494721277547,1721.406472127755,218.20799999999537,TP,7
2022-08-30 14:45:00+00:00,2022-08-31 03:15:00+00:00,-1,21.0,1723.1058089033543,1723.136005220014,1728.3058089033543,1712.7058089033544,-2.1041226498566354,TIME,50
2022-08-31 08:15:00+00:00,2022-08-31 09:15:00+00:00,-1,30.0,1719.8718423552216,1712.6198423552216,1723.4978423552216,1712.6198423552216,215.4599999999986,TP,4
2022-08-31 09:15:00+00:00,2022-08-31 13:45:00+00:00,-1,27.0,1713.714275450264,1717.796275450264,1717.796275450264,1705.550275450264,-112.10399999999676,SL,18
2022-08-31 14:45:00+00:00,2022-08-31 17:15:00+00:00,1,17.0,1720.7644480517195,1714.4644480517195,1714.4644480517195,1733.3644480517196,-108.28999999999922,SL,10
2022-08-31 18:45:00+00:00,2022-09-01 01:45:00+00:00,-1,23.0,1712.9605473453398,1703.47654734534,1717.7025473453398,1703.47654734534,216.52199999999823,TP,28
2022-09-01 09:00:00+00:00,2022-09-01 09:15:00+00:00,-1,28.000000000000004,1702.1182465552931,1706.133246555293,1706.133246555293,1694.0882465552932,-114.37999999999644,SL,1
2022-09-01 10:45:00+00:00,2022-09-01 14:15:00+00:00,-1,24.0,1700.866588799355,1691.5705887993552,1705.514588799355,1691.5705887993552,221.42399999999571,TP,14
2022-09-01 14:15:00+00:00,2022-09-02 02:45:00+00:00,-1,16.0,1693.415089997519,1697.7066178245782,1700.3830899975192,1679.4790899975192,-69.78444523294559,TIME,50
2022-09-16 20:30:00+00:00,2022-09-19 01:45:00+00:00,1,33.0,1675.2629951260574,1671.8619951260573,1671.8619951260573,1682.0649951260575,-114.54300000000222,SL,21
2022-09-19 08:15:00+00:00,2022-09-19 08:30:00+00:00,-1,30.0,1661.9161257710186,1665.6411257710188,1665.6411257710188,1654.4661257710186,-113.85000000000409,SL,1
2022-09-19 08:30:00+00:00,2022-09-19 13:45:00+00:00,-1,28.000000000000004,1664.1045112462314,1668.0635112462314,1668.0635112462314,1656.1865112462312,-112.81200000000169,SL,21
2022-09-19 14:30:00+00:00,2022-09-20 00:00:00+00:00,1,19.0,1667.232540905602,1678.5685409056018,1661.5645409056021,1678.5685409056018,214.0539999999959,TP,38
2022-09-20 08:15:00+00:00,2022-09-20 13:30:00+00:00,-1,31.0,1669.2914527467879,1662.1374527467879,1672.8684527467879,1662.1374527467879,219.6039999999999,TP,21
2022-09-20 13:30:00+00:00,2022-09-21 02:00:00+00:00,-1,23.0,1664.8985140320854,1664.7601404819604,1669.5975140320854,1655.5005140320854,1.5725916528732704,TIME,50
2022-09-21 08:15:00+00:00,2022-09-21 14:30:00+00:00,1,26.0,1670.807597422521,1666.546597422521,1666.546597422521,1679.329597422521,-112.60599999999914,SL,25
2022-09-21 14:45:00+00:00,2022-09-21 18:00:00+00:00,-1,24.0,1666.65364778638,1657.5396477863799,1671.21064778638,1657.5396477863799,217.05600000000078,TP,13
2022-09-21 18:00:00+00:00,2022-09-21 18:30:00+00:00,-1,21.0,1668.753830527669,1674.1308305276689,1674.1308305276689,1657.999830527669,-114.386999999999,SL,2
2022-09-21 18:30:00+00:00,2022-09-21 18:45:00+00:00,-1,14.000000000000002,1665.5039667714227,1673.4109667714226,1673.4109667714226,1649.6899667714226,-111.67799999999897,SL,1
2022-09-21 19:00:00+00:00,2022-09-21 19:30:00+00:00,1,11.0,1685.9713779004014,1676.4723779004014,1676.4723779004014,1704.9693779004012,-105.25900000000026,SL,2
2022-09-21 19:30:00+00:00,2022-09-21 23:30:00+00:00,1,10.0,1679.0685141085141,1668.6115141085143,1668.6115141085143,1699.9825141085141,-105.2699999999988,SL,16
2022-09-22 08:30:00+00:00,2022-09-22 10:00:00+00:00,1,18.0,1672.2971663343822,1666.1651663343823,1666.1651663343823,1684.561166334382,-111.63599999999703,SL,6
2022-09-22 10:00:00+00:00,2022-09-22 12:30:00+00:00,1,15.0,1666.6419188509271,1681.371918850927,1659.2769188509271,1681.371918850927,219.89999999999685,TP,10
2022-09-22 12:30:00+00:00,2022-09-22 18:30:00+00:00,1,11.0,1674.8418684956578,1670.3396083170762,1665.2888684956579,1693.9478684956578,-50.29486196439691,SIGNAL_REVERSE,24
2022-09-22 18:30:00+00:00,2022-09-23 07:00:00+00:00,-1,19.0,1670.3356504218311,1670.5288541423145,1676.068650421831,1658.8696504218312,-5.000870689183175,TIME,50
2022-09-23 08:15:00+00:00,2022-09-23 09:45:00+00:00,-1,28.000000000000004,1665.216641370287,1657.3786413702871,1669.1356413702872,1657.3786413702871,217.50399999999905,TP,6
2022-09-23 09:45:00+00:00,2022-09-23 10:45:00+00:00,-1,20.0,1657.8342486059205,1647.1122486059205,1663.1952486059204,1647.1122486059205,213.0399999999996,TP,4
2022-09-23 10:45:00+00:00,2022-09-23 18:45:00+00:00,-1,16.0,1653.7676016890596,1639.9836016890597,1660.6596016890596,1639.9836016890597,219.42399999999805,TP,32
2022-09-23 18:45:00+00:00,2022-09-26 00:45:00+00:00,-1,21.0,1643.3551155258617,1632.3891155258616,1648.8381155258617,1632.3891155258616,228.81600000000256,TP,24
2022-09-26 08:15:00+00:00,2022-09-26 10:00:00+00:00,1,17.0,1645.883465982163,1639.162465982163,1639.162465982163,1659.325465982163,-115.44700000000006,SL,7
2022-09-26 10:00:00+00:00,2022-09-26 15:45:00+00:00,1,15.0,1641.9907966471933,1634.5677966471933,1634.5677966471933,1656.8367966471933,-112.39500000000002,SL,23
2022-09-26 16:00:00+00:00,2022-09-26 20:30:00+00:00,-1,18.0,1634.3487323393565,1621.4547323393565,1640.7957323393564,1621.4547323393565,230.8320000000001,TP,18
2022-09-26 20:30:00+00:00,2022-09-26 23:00:00+00:00,-1,19.0,1622.4014671045056,1628.4534671045055,1628.4534671045055,1610.2974671045056,-116.31799999999824,SL,10
2022-09-27 08:15:00+00:00,2022-09-27 16:00:00+00:00,1,27.0,1634.9817948521827,1630.6277948521827,1630.6277948521827,1643.6897948521828,-119.44800000000113,SL,31
2022-09-27 16:30:00+00:00,2022-09-28 05:00:00+00:00,-1,15.0,1631.207296046168,1623.5649822848113,1638.671296046168,1616.279296046168,113.58470642035077,TIME,50
2022-09-28 08:15:00+00:00,2022-09-28 10:15:00+00:00,-1,23.0,1621.5300753708298,1626.4880753708298,1626.4880753708298,1611.6140753708298,-115.64400000000192,SL,8
2022-09-28 11:00:00+00:00,2022-09-28 13:15:00+00:00,1,15.0,1628.7756130406578,1643.7316130406577,1621.2976130406578,1643.7316130406577,223.28999999999854,TP,9
2022-09-28 13:15:00+00:00,2022-09-28 14:00:00+00:00,1,13.0,1636.1409585795072,1653.7069585795073,1627.3579585795073,1653.7069585795073,227.4480000000004,TP,3
2022-09-28 14:00:00+00:00,2022-09-29 02:30:00+00:00,1,12.0,1649.3061902415,1654.3325523495641,1639.5451902415,1668.8281902415,59.47634529677012,TIME,50
2022-09-29 08:15:00+00:00,2022-09-29 11:15:00+00:00,-1,24.0,1647.191712200887,1650.6923102987316,1652.1097122008869,1637.3557122008872,-85.69435434827182,SIGNAL_REVERSE,12
2022-09-29 11:15:00+00:00,2022-09-29 14:15:00+00:00,1,22.0,1650.6868380812389,1645.2828380812389,1645.2828380812389,1661.4948380812389,-120.42799999999993,SL,12
2022-09-29 14:15:00+00:00,2022-09-30 02:45:00+00:00,1,14.000000000000002,1652.8566575294685,1661.584550357575,1644.7876575294686,1668.9946575294684,121.21049959348969,TIME,50
2022-09-30 08:15:00+00:00,2022-09-30 09:30:00+00:00,1,26.0,1671.9337323993636,1667.3877323993636,1667.3877323993636,1681.0257323993635,-120.01600000000127,SL,5
2022-09-30 09:30:00+00:00,2022-09-30 10:30:00+00:00,1,21.0,1670.7519350542436,1665.0529350542436,1665.0529350542436,1682.1499350542438,-121.14900000000145,SL,4
2022-09-30 11:45:00+00:00,2022-09-30 13:45:00+00:00,-1,20.0,1664.7546005353438,1670.6096005353438,1670.6096005353438,1653.0446005353438,-118.50000000000037,SL,8
2022-09-30 14:45:00+00:00,2022-09-30 16:30:00+00:00,1,17.0,1672.0852829230564,1665.4622829230564,1665.4622829230564,1685.3312829230563,-113.7810000000008,SL,7
2022-09-30 18:00:00+00:00,2022-10-03 01:45:00+00:00,-1,20.0,1663.019413257035,1668.631413257035,1668.631413257035,1651.7954132570349,-113.6400000000016,SL,31
2022-10-03 09:45:00+00:00,2022-10-03 10:45:00+00:00,-1,23.0,1660.4121746559872,1665.2581746559872,1665.2581746559872,1650.7201746559872,-113.06800000000008,SL,4
2022-10-03 12:15:00+00:00,2022-10-03 14:00:00+00:00,1,23.0,1665.6909672635045,1675.5329672635046,1660.7699672635044,1675.5329672635046,224.75600000000225,TP,7
2022-10-03 14:00:00+00:00,2022-10-03 14:15:00+00:00,1,16.0,1670.299346041757,1684.445346041757,1663.2263460417569,1684.445346041757,225.21599999999933,TP,1
2022-10-03 14:15:00+00:00,2022-10-03 15:00:00+00:00,1,14.000000000000002,1678.1942331256232,1693.9762331256231,1670.3032331256231,1693.9762331256231,219.967999999999,TP,3
2022-10-03 15:00:00+00:00,2022-10-04 03:30:00+00:00,1,13.0,1686.9878780901497,1695.7082085463155,1678.2668780901497,1704.4298780901497,112.45429593015555,TIME,50
2022-10-04 08:15:00+00:00,2022-10-04 11:00:00+00:00,1,21.0,1708.5255405431162,1703.0105405431163,1703.0105405431163,1719.5555405431162,-117.28499999999732,SL,11
2022-10-04 11:00:00+00:00,2022-10-04 14:30:00+00:00,1,20.0,1706.014558605342,1718.000558605342,1700.021558605342,1718.000558605342,238.31999999999752,TP,14
2022-10-04 14:30:00+00:00,2022-10-04 15:30:00+00:00,1,15.0,1712.3448075746792,1727.6828075746794,1704.675807574679,1727.6828075746794,229.02000000000288,TP,4
2022-10-04 15:30:00+00:00,2022-10-05 04:00:00+00:00,1,14.000000000000002,1726.0023907462903,1719.2803478752842,1717.6963907462903,1742.6143907462904,-95.08860019408576,TIME,50
2022-10-05 08:30:00+00:00,2022-10-05 18:00:00+00:00,-1,21.0,1711.2728000656066,1712.9431251634026,1716.9578000656065,1699.9028000656067,-36.546827053715305,SIGNAL_REVERSE,38
2022-10-05 18:00:00+00:00,2022-10-06 06:30:00+00:00,1,18.0,1712.9423635409717,1721.8127804596043,1706.2163635409718,1726.3943635409714,158.4075045353868,TIME,50
2022-10-06 08:45:00+00:00,2022-10-06 19:45:00+00:00,-1,24.0,1715.0504878470583,1714.7396279893783,1720.1294878470583,1704.8924878470584,5.780636584321037,SIGNAL_REVERSE,44
2022-10-06 19:45:00+00:00,2022-10-07 01:15:00+00:00,1,28.999999999999996,1714.7432641054997,1710.5842641054999,1710.5842641054999,1723.0612641054997,-122.64099999999645,SL,22
2022-10-07 11:45:00+00:00,2022-10-07 12:30:00+00:00,-1,24.0,1707.8681615531566,1712.9241615531566,1712.9241615531566,1697.7561615531567,-123.02400000000097,SL,3
2022-10-07 13:00:00+00:00,2022-10-07 16:00:00+00:00,-1,16.0,1697.8185683245645,1705.2975683245645,1705.2975683245645,1682.8605683245644,-120.78400000000067,SL,12
2022-10-07 16:00:00+00:00,2022-10-10 04:30:00+00:00,-1,12.0,1703.0785017257742,1685.527704700794,1712.6615017257743,1683.912501725774,209.7695642997634,TIME,50
2022-10-10 08:15:00+00:00,2022-10-10 14:30:00+00:00,-1,25.0,1681.4112828874017,1671.7372828874018,1686.2482828874017,1671.7372828874018,240.09999999999945,TP,25
2022-10-10 14:30:00+00:00,2022-10-11 03:00:00+00:00,-1,18.0,1673.7045433771455,1665.4828694113583,1680.3855433771455,1660.3425433771454,146.73013138416968,TIME,50
2022-10-11 12:15:00+00:00,2022-10-11 14:00:00+00:00,1,22.0,1671.7793299821517,1666.2153299821516,1666.2153299821516,1682.9073299821519,-123.94800000000173,SL,7
2022-10-11 14:00:00+00:00,2022-10-11 15:30:00+00:00,1,21.0,1667.0793823835709,1678.871382383571,1661.183382383571,1678.871382383571,246.16200000000302,TP,6
2022-10-11 15:30:00+00:00,2022-10-11 19:00:00+00:00,1,18.0,1672.0274535626495,1665.3224535626496,1665.3224535626496,1685.4374535626496,-121.9499999999987,SL,14
2022-10-11 19:30:00+00:00,2022-10-12 06:30:00+00:00,-1,19.0,1667.1329057271853,1673.6849057271852,1673.6849057271852,1654.0289057271855,-125.81799999999824,SL,44
2022-10-12 08:15:00+00:00,2022-10-12 20:45:00+00:00,1,22.0,1669.3708782192957,1672.6426744698479,1663.8388782192958,1680.4348782192958,70.43951751214713,TIME,50
2022-10-12 20:45:00+00:00,2022-10-13 06:15:00+00:00,1,28.000000000000004,1672.6756420885158,1668.3796420885158,1668.3796420885158,1681.2676420885157,-122.24800000000138,SL,38
2022-10-13 08:45:00+00:00,2022-10-13 11:30:00+00:00,1,38.0,1673.95267507416,1680.44267507416,1670.70767507416,1680.44267507416,243.96000000000035,TP,11
2022-10-13 11:30:00+00:00,2022-10-13 12:30:00+00:00,1,28.000000000000004,1675.6687646943442,1671.2547646943442,1671.2547646943442,1684.4967646943442,-125.55199999999965,SL,4
2022-10-13 12:30:00+00:00,2022-10-13 12:45:00+00:00,1,18.0,1674.358802355839,1667.669802355839,1667.669802355839,1687.7368023558392,-121.66200000000141,SL,1
2022-10-13 13:00:00+00:00,2022-10-13 15:30:00+00:00,-1,15.0,1654.5506868171847,1662.6126868171846,1662.6126868171846,1638.4266868171846,-121.97999999999847,SL,10
2022-10-13 16:00:00+00:00,2022-10-13 17:30:00+00:00,-1,9.0,1665.7568495517658,1670.3882083689593,1679.1708495517657,1638.9288495517658,-42.31222935474228,SIGNAL_REVERSE,6
2022-10-13 17:30:00+00:00,2022-10-14 06:00:00+00:00,1,10.0,1670.3925803621125,1668.285604551592,1658.8725803621126,1693.4325803621125,-21.769758105204527,TIME,50
2022-10-14 08:45:00+00:00,2022-10-14 09:30:00+00:00,-1,25.0,1662.7383913180406,1653.3143913180404,1667.4503913180406,1653.3143913180404,233.85000000000514,TP,3
2022-10-14 09:30:00+00:00,2022-10-14 11:30:00+00:00,-1,22.0,1654.6406831891882,1660.1196831891882,1660.1196831891882,1643.682683189188,-122.07800000000093,SL,8
2022-10-14 11:30:00+00:00,2022-10-14 13:00:00+00:00,-1,19.0,1657.0975221027684,1663.4415221027684,1663.4415221027684,1644.4095221027683,-121.86600000000097,SL,6
2022-10-14 13:45:00+00:00,2022-10-17 02:15:00+00:00,-1,15.0,1651.3004210263023,1652.1691442727113,1659.1474210263023,1635.6064210263023,-14.080848696134854,TIME,50
2022-10-17 08:15:00+00:00,2022-10-17 12:15:00+00:00,1,27.0,1656.5502528316358,1665.3282528316358,1652.161252831636,1665.3282528316358,235.11600000000055,TP,16
2022-10-17 12:15:00+00:00,2022-10-17 12:45:00+00:00,1,23.0,1657.6581772233483,1667.9301772233482,1652.5221772233483,1667.9301772233482,234.64599999999848,TP,2
2022-10-17 12:45:00+00:00,2022-10-17 15:00:00+00:00,1,24.0,1665.986042502163,1660.8540425021629,1660.8540425021629,1676.2500425021628,-124.84800000000149,SL,9
2022-10-17 15:00:00+00:00,2022-10-17 17:30:00+00:00,1,22.0,1661.8891485200552,1656.2051485200552,1656.2051485200552,1673.2571485200551,-126.58799999999933,SL,10
2022-10-17 17:45:00+00:00,2022-10-18 05:00:00+00:00,-1,24.0,1655.7837614311886,1660.8107614311887,1660.8107614311887,1645.7297614311888,-122.32800000000105,SL,45
2022-10-18 09:15:00+00:00,2022-10-18 12:15:00+00:00,-1,24.0,1651.0208955852643,1656.134895585264,1656.134895585264,1640.7928955852644,-124.41599999999534,SL,12
2022-10-18 13:45:00+00:00,2022-10-18 14:15:00+00:00,1,25.0,1654.9005693372123,1650.1355693372122,1650.1355693372122,1664.4305693372123,-120.8750000000025,SL,2
2022-10-18 15:45:00+00:00,2022-10-18 23:00:00+00:00,-1,22.0,1647.465692888188,1652.844692888188,1652.844692888188,1636.707692888188,-119.87800000000293,SL,29
2022-10-19 08:15:00+00:00,2022-10-19 11:00:00+00:00,-1,25.0,1641.7146377766894,1632.2086377766896,1646.4676377766893,1632.2086377766896,235.89999999999645,TP,11
2022-10-19 11:00:00+00:00,2022-10-19 23:30:00+00:00,-1,20.0,1633.238785415935,1627.6695773518668,1638.9927854159348,1621.7307854159349,109.98416128136213,TIME,50
2022-10-20 08:15:00+00:00,2022-10-20 14:15:00+00:00,1,24.0,1631.9852026112821,1641.811202611282,1627.0722026112821,1641.811202611282,234.14399999999506,TP,24
2022-10-20 14:30:00+00:00,2022-10-20 16:45:00+00:00,1,20.0,1642.3874954817593,1636.1934954817593,1636.1934954817593,1654.7754954817594,-125.2799999999992,SL,9
2022-10-20 18:00:00+00:00,2022-10-21 06:30:00+00:00,-1,21.0,1630.8238151474764,1620.1571679414576,1636.5858151474763,1619.2998151474762,222.52959132639378,TIME,50
2022-10-21 10:15:00+00:00,2022-10-21 12:15:00+00:00,1,24.0,1625.6377457024346,1620.4517457024347,1620.4517457024347,1636.0097457024347,-126.14399999999813,SL,8
2022-10-21 13:15:00+00:00,2022-10-21 14:00:00+00:00,1,18.0,1630.029013063354,1643.365013063354,1623.361013063354,1643.365013063354,238.78800000000024,TP,3
2022-10-21 14:00:00+00:00,2022-10-21 14:30:00+00:00,1,15.0,1642.760290393935,1634.9082903939352,1634.9082903939352,1658.464290393935,-118.82999999999792,SL,2
2022-10-21 14:30:00+00:00,2022-10-21 19:15:00+00:00,1,14.000000000000002,1638.1950098999394,1655.0470098999394,1629.7690098999394,1655.0470098999394,234.9480000000013,TP,19
2022-10-21 19:15:00+00:00,2022-10-23 23:45:00+00:00,1,16.0,1654.8166186936064,1669.7346186936063,1647.3576186936064,1669.7346186936063,237.56799999999828,TP,18
2022-10-24 08:15:00+00:00,2022-10-24 13:45:00+00:00,-1,28.000000000000004,1648.8240643361437,1653.3820643361437,1653.3820643361437,1639.708064336144,-129.5839999999998,SL,22
2022-11-01 08:15:00+00:00,2022-11-01 14:00:00+00:00,1,28.000000000000004,1648.2704967339928,1643.8474967339928,1643.8474967339928,1657.1164967339926,-125.80400000000006,SL,23
2022-11-01 14:00:00+00:00,2022-11-01 14:15:00+00:00,1,23.0,1649.8982907487043,1644.5722907487043,1644.5722907487043,1660.5502907487044,-124.1080000000005,SL,1
2022-11-01 14:45:00+00:00,2022-11-02 02:45:00+00:00,-1,21.0,1645.6495160226395,1651.4795160226395,1651.4795160226395,1633.9895160226397,-123.89999999999847,SL,48
2022-11-02 08:15:00+00:00,2022-11-02 14:15:00+00:00,1,41.0,1653.0472182330218,1650.014218233022,1650.014218233022,1659.1132182330218,-127.22299999999598,SL,24
2022-11-02 14:45:00+00:00,2022-11-02 18:00:00+00:00,-1,26.0,1649.3647577064592,1653.954757706459,1653.954757706459,1640.1847577064593,-121.15999999999786,SL,13
2022-11-02 18:00:00+00:00,2022-11-02 18:15:00+00:00,-1,23.0,1649.4955863309872,1654.7155863309872,1654.7155863309872,1639.0555863309871,-121.67000000000063,SL,1
2022-11-02 18:30:00+00:00,2022-11-02 18:45:00+00:00,1,18.0,1664.746083081212,1658.232083081212,1658.232083081212,1677.774083081212,-118.51199999999814,SL,1
2022-11-03 08:15:00+00:00,2022-11-03 09:30:00+00:00,-1,33.0,1628.6737314125203,1621.4657314125202,1632.2777314125203,1621.4657314125202,235.55400000000276,TP,5
2022-11-03 09:30:00+00:00,2022-11-03 14:15:00+00:00,-1,27.0,1621.953534531735,1626.317534531735,1626.317534531735,1613.2255345317349,-119.71800000000088,SL,19
2022-11-03 15:15:00+00:00,2022-11-04 03:45:00+00:00,1,15.0,1628.09481276524,1638.2288233975983,1620.15481276524,1643.97481276524,150.9601594853736,TIME,50
2022-11-04 08:15:00+00:00,2022-11-04 09:45:00+00:00,1,26.0,1649.2111028995173,1644.5621028995172,1644.5621028995172,1658.5091028995173,-122.69400000000297,SL,6
2022-11-04 09:45:00+00:00,2022-11-04 12:30:00+00:00,1,25.0,1648.5348669820153,1643.6488669820153,1643.6488669820153,1658.3068669820152,-123.89999999999918,SL,11
2022-11-04 12:30:00+00:00,2022-11-04 13:00:00+00:00,1,19.0,1650.1058843876929,1662.545884387693,1643.8858843876928,1662.545884387693,235.03000000000102,TP,2
2022-11-04 13:00:00+00:00,2022-11-04 14:15:00+00:00,1,18.0,1659.3847450089254,1672.8427450089255,1652.6557450089254,1672.8427450089255,240.98400000000152,TP,5
2022-11-04 14:15:00+00:00,2022-11-07 03:45:00+00:00,1,15.0,1670.2170401314656,1674.6487692849644,1662.2320401314655,1686.1870401314657,65.42593730248105,TIME,50
2022-11-07 08:15:00+00:00,2022-11-07 08:30:00+00:00,-1,31.0,1670.9107991643468,1674.8957991643467,1674.8957991643467,1662.940799164347,-125.7049999999969,SL,1
2022-11-07 09:30:00+00:00,2022-11-07 12:15:00+00:00,1,28.000000000000004,1679.898839518135,1675.462839518135,1675.462839518135,1688.7708395181348,-126.16799999999782,SL,11
2022-11-07 12:15:00+00:00,2022-11-07 19:45:00+00:00,1,27.0,1677.5643124332848,1675.9135077227156,1673.0463124332848,1686.6003124332847,-46.4617271853689,SIGNAL_REVERSE,30
2022-11-07 19:45:00+00:00,2022-11-08 08:15:00+00:00,-1,31.0,1675.9050293098892,1670.408791250611,1679.881029309889,1667.9530293098892,168.21337983762064,TIME,50
2022-11-15 15:00:00+00:00,2022-11-15 18:30:00+00:00,-1,18.0,1772.088512250961,1778.775512250961,1778.775512250961,1758.714512250961,-121.62599999999817,SL,14
2022-11-15 20:15:00+00:00,2022-11-16 04:00:00+00:00,1,15.0,1778.424679067315,1770.371679067315,1770.371679067315,1794.530679067315,-121.84500000000166,SL,31
2022-11-16 08:30:00+00:00,2022-11-16 14:30:00+00:00,1,28.000000000000004,1777.525576010504,1773.188576010504,1773.188576010504,1786.199576010504,-123.3959999999997,SL,24
2022-11-16 14:45:00+00:00,2022-11-16 15:45:00+00:00,-1,21.0,1773.6057713563707,1779.2707713563707,1779.2707713563707,1762.2757713563708,-120.43499999999923,SL,4
2022-11-16 15:45:00+00:00,2022-11-17 03:00:00+00:00,-1,20.0,1777.6393218861465,1765.7713218861466,1783.5733218861465,1765.7713218861466,235.95999999999876,TP,45
2022-11-17 08:30:00+00:00,2022-11-17 09:30:00+00:00,1,34.0,1769.4620439687899,1765.95204396879,1765.95204396879,1776.48204396879,-121.71999999999969,SL,4
2022-11-17 09:30:00+00:00,2022-11-17 10:30:00+00:00,1,31.0,1766.776491841839,1762.886491841839,1762.886491841839,1774.5564918418393,-122.7600000000031,SL,4
2022-11-17 11:15:00+00:00,2022-11-17 12:00:00+00:00,-1,27.0,1762.1796661256917,1766.6276661256918,1766.6276661256918,1753.2836661256918,-121.9860000000025,SL,3
2022-11-17 13:00:00+00:00,2022-11-18 01:30:00+00:00,-1,22.0,1764.5082648628527,1763.789562473074,1769.8002648628526,1753.9242648628526,14.271452575129807,TIME,50
2022-11-18 12:00:00+00:00,2022-11-18 14:45:00+00:00,-1,27.0,1760.2934501482189,1751.443450148219,1764.7184501482188,1751.443450148219,237.05999999999756,TP,11
2022-11-18 14:45:00+00:00,2022-11-21 03:15:00+00:00,-1,22.0,1754.272558809249,1745.07354392791,1759.4875588092489,1743.8425588092489,200.83832738945918,TIME,50
2022-11-21 08:15:00+00:00,2022-11-21 13:15:00+00:00,-1,37.0,1742.8846552900716,1746.1366552900715,1746.1366552900715,1736.3806552900714,-122.91399999999825,SL,20
2022-11-21 14:15:00+00:00,2022-11-21 15:00:00+00:00,1,27.0,1744.0920886207844,1739.7340886207844,1739.7340886207844,1752.8080886207842,-119.55599999999858,SL,3
2022-11-21 16:15:00+00:00,2022-11-22 00:15:00+00:00,-1,23.0,1735.365006099635,1740.572006099635,1740.572006099635,1724.951006099635,-121.37100000000247,SL,32
2022-11-22 09:45:00+00:00,2022-11-22 13:45:00+00:00,1,31.0,1747.5150748299611,1743.647074829961,1743.647074829961,1755.2510748299612,-122.07800000000513,SL,16
2022-11-22 14:30:00+00:00,2022-11-23 03:00:00+00:00,-1,31.0,1743.7233895431716,1741.661741443009,1747.5203895431716,1736.1293895431716,61.74109110503839,TIME,50
2022-11-23 08:15:00+00:00,2022-11-23 08:45:00+00:00,1,34.0,1742.935599908346,1739.482599908346,1739.482599908346,1749.8415999083459,-119.78199999999913,SL,2
2022-11-23 08:45:00+00:00,2022-11-23 09:00:00+00:00,1,33.0,1740.4108978998388,1736.829897899839,1736.829897899839,1747.5728978998388,-120.48299999999682,SL,1
2022-11-23 09:00:00+00:00,2022-11-23 09:15:00+00:00,1,33.0,1739.5218400010358,1735.9878400010357,1735.9878400010357,1746.5898400010358,-118.93200000000348,SL,1
2022-11-23 09:45:00+00:00,2022-11-23 10:15:00+00:00,1,28.999999999999996,1738.820881463481,1734.8858814634812,1734.8858814634812,1746.6908814634812,-116.1449999999984,SL,2
2022-11-23 13:00:00+00:00,2022-11-23 13:30:00+00:00,-1,28.999999999999996,1736.7313481529698,1728.8793481529697,1740.65734815297,1728.8793481529697,225.67800000000256,TP,2
2022-11-23 13:30:00+00:00,2022-11-23 14:00:00+00:00,-1,22.0,1734.3680271770402,1739.5590271770402,1739.5590271770402,1723.98602717704,-115.74200000000069,SL,2
2022-11-23 16:00:00+00:00,2022-11-24 04:30:00+00:00,1,16.0,1743.5609429442802,1755.632923628279,1736.6089429442802,1757.4649429442802,192.03169094398152,TIME,50
2022-11-24 09:30:00+00:00,2022-11-24 18:00:00+00:00,1,35.0,1757.190631355436,1755.3261809278283,1753.8956313554359,1763.7806313554358,-67.70576496626627,SIGNAL_REVERSE,34
2022-11-24 18:00:00+00:00,2022-11-25 02:00:00+00:00,-1,52.0,1755.328331667143,1757.580331667143,1757.580331667143,1750.8243316671428,-120.74399999999754,SL,22
2022-11-25 08:15:00+00:00,2022-11-25 13:45:00+00:00,-1,37.0,1752.2302820849259,1745.9902820849259,1755.3502820849258,1745.9902820849259,228.29000000000033,TP,22
2022-11-25 13:45:00+00:00,2022-11-25 14:30:00+00:00,-1,31.0,1746.9417841589711,1750.703784158971,1750.703784158971,1739.4177841589712,-118.79199999999825,SL,3
2022-11-25 14:30:00+00:00,2022-11-25 17:00:00+00:00,-1,30.0,1749.4441411379055,1753.3031411379054,1753.3031411379054,1741.7261411379054,-117.8699999999977,SL,10
2022-11-25 17:30:00+00:00,2022-11-27 23:30:00+00:00,1,27.0,1754.4474462713279,1750.220446271328,1750.220446271328,1762.9014462713278,-116.01899999999627,SL,11
2022-11-28 08:30:00+00:00,2022-11-28 13:00:00+00:00,1,30.0,1757.085111867531,1753.307111867531,1753.307111867531,1764.641111867531,-115.4400000000006,SL,18
2022-11-28 13:30:00+00:00,2022-11-28 15:45:00+00:00,-1,25.0,1753.5051337408247,1744.3791337408247,1758.0681337408246,1744.3791337408247,226.3999999999994,TP,9
2022-11-28 15:45:00+00:00,2022-11-29 04:15:00+00:00,-1,20.0,1746.6927751774786,1750.803148759427,1752.4207751774784,1735.2367751774786,-83.60747163896704,TIME,50
2022-11-29 08:15:00+00:00,2022-11-29 14:00:00+00:00,1,33.0,1753.4466864488181,1751.5621639885037,1750.007686448818,1760.3246864488183,-64.49924119037615,SIGNAL_REVERSE,23
2022-11-29 14:00:00+00:00,2022-11-29 15:15:00+00:00,-1,27.0,1751.5608172268076,1755.7398172268076,1755.7398172268076,1743.2028172268076,-114.72300000000236,SL,5
2022-11-29 15:15:00+00:00,2022-11-30 03:45:00+00:00,-1,21.0,1753.3617559433585,1753.6929835081278,1758.6907559433585,1742.7037559433586,-8.425778860154852,TIME,50
2022-11-30 08:15:00+00:00,2022-11-30 09:00:00+00:00,1,43.0,1755.9745769340802,1761.2945769340802,1753.3145769340802,1761.2945769340802,225.74999999999727,TP,3
2022-11-30 09:00:00+00:00,2022-11-30 13:30:00+00:00,1,36.0,1759.5537529448366,1756.3887529448366,1756.3887529448366,1765.8837529448365,-116.45999999999869,SL,18
2022-11-30 13:30:00+00:00,2022-11-30 13:45:00+00:00,1,24.0,1763.6765357786696,1758.8395357786696,1758.8395357786696,1773.3505357786696,-117.76799999999974,SL,1
2022-11-30 15:30:00+00:00,2022-11-30 18:30:00+00:00,-1,17.0,1751.6172331132366,1758.2912331132366,1758.2912331132366,1738.2692331132366,-114.64799999999963,SL,12
2022-11-30 18:30:00+00:00,2022-11-30 18:45:00+00:00,-1,15.0,1746.7735205308668,1754.3765205308669,1754.3765205308669,1731.567520530867,-115.09500000000098,SL,1
2022-11-30 19:45:00+00:00,2022-12-01 05:30:00+00:00,1,14.000000000000002,1764.8441338110656,1780.8501338110657,1756.8411338110657,1780.8501338110657,223.10400000000124,TP,39
2022-12-01 12:30:00+00:00,2022-12-01 14:00:00+00:00,1,26.0,1783.6401787857567,1792.3421787857567,1779.2891787857566,1792.3421787857567,224.43199999999996,TP,6
2022-12-01 14:00:00+00:00,2022-12-01 14:15:00+00:00,1,22.0,1789.4183638108807,1799.6883638108807,1784.2833638108807,1799.6883638108807,224.3999999999996,TP,1
2022-12-01 14:15:00+00:00,2022-12-02 02:45:00+00:00,1,21.0,1796.4665702549735,1795.734881909118,1791.1035702549734,1807.1925702549734,-16.83545526296436,TIME,50
2022-12-02 08:15:00+00:00,2022-12-02 12:30:00+00:00,1,38.0,1799.3674794699166,1798.535859799367,1796.3154794699167,1805.4714794699166,-34.261547480883706,SIGNAL_REVERSE,17
2022-12-02 12:30:00+00:00,2022-12-02 13:30:00+00:00,-1,36.0,1798.537027378077,1792.001027378077,1801.805027378077,1792.001027378077,232.77600000000209,TP,4
2022-12-02 13:30:00+00:00,2022-12-02 13:45:00+00:00,-1,24.0,1798.1853020629223,1788.4333020629224,1803.0613020629223,1788.4333020629224,232.36799999999886,TP,1
2022-12-02 14:00:00+00:00,2022-12-02 16:30:00+00:00,-1,21.0,1785.4939923847887,1791.2499923847886,1791.2499923847886,1773.9819923847888,-122.34599999999702,SL,10
2022-12-02 16:30:00+00:00,2022-12-02 18:30:00+00:00,-1,14.000000000000002,1790.489078212565,1795.6875715047404,1798.7710782125648,1773.925078212565,-73.758906090457,SIGNAL_REVERSE,8
2022-12-02 18:30:00+00:00,2022-12-05 04:00:00+00:00,1,17.0,1795.6904294170579,1809.7124294170578,1788.679429417058,1809.7124294170578,237.1839999999989,TP,38
2022-12-05 08:15:00+00:00,2022-12-05 13:45:00+00:00,-1,32.0,1798.8717954511444,1791.3057954511444,1802.6547954511445,1791.3057954511444,239.87200000000098,TP,22
2022-12-05 13:45:00+00:00,2022-12-05 14:45:00+00:00,-1,28.000000000000004,1793.2521653444974,1784.8681653444971,1797.4441653444974,1784.8681653444971,232.7920000000068,TP,4
2022-12-05 14:45:00+00:00,2022-12-05 15:00:00+00:00,-1,25.0,1788.2792615469796,1778.5052615469795,1793.1662615469795,1778.5052615469795,242.60000000000286,TP,1
2022-12-05 15:00:00+00:00,2022-12-05 18:45:00+00:00,-1,21.0,1778.9731668183813,1767.5551668183812,1784.6821668183813,1767.5551668183812,238.30800000000252,TP,15
2022-12-05 18:45:00+00:00,2022-12-06 01:15:00+00:00,-1,19.0,1768.2203086656302,1774.5863086656302,1774.5863086656302,1755.4883086656303,-122.28399999999972,SL,26
2022-12-06 10:45:00+00:00,2022-12-06 16:00:00+00:00,1,28.999999999999996,1773.4215081226507,1772.593718179268,1769.0815081226508,1782.1015081226508,-26.035908358096574,SIGNAL_REVERSE,21
2022-12-06 16:00:00+00:00,2022-12-07 04:30:00+00:00,-1,25.0,1772.585694057291,1772.0400572469946,1777.529694057291,1762.6976940572908,11.890920257410016,TIME,50
2022-12-07 13:30:00+00:00,2022-12-07 14:30:00+00:00,1,30.0,1776.063195279719,1784.339195279719,1771.925195279719,1784.339195279719,246.18000000000202,TP,4
2022-12-07 14:30:00+00:00,2022-12-07 15:00:00+00:00,1,26.0,1778.0215390543062,1787.6295390543062,1773.2175390543061,1787.6295390543062,247.98799999999864,TP,2
2022-12-07 15:00:00+00:00,2022-12-07 16:00:00+00:00,1,22.0,1782.7221000094123,1777.0621000094125,1777.0621000094125,1794.0421000094123,-126.0599999999968,SL,4
2022-12-07 16:00:00+00:00,2022-12-08 04:30:00+00:00,1,19.0,1780.56216130941,1781.9662490010294,1773.82916130941,1794.0281613094098,25.34766614076959,TIME,50
2022-12-08 08:15:00+00:00,2022-12-08 13:30:00+00:00,1,47.0,1784.3411360543505,1789.8291360543506,1781.5971360543506,1789.8291360543506,254.64600000000266,TP,21
2022-12-08 13:30:00+00:00,2022-12-08 14:30:00+00:00,1,32.0,1788.5877821715173,1784.5477821715174,1784.5477821715174,1796.6677821715173,-131.51999999999884,SL,4
2022-12-08 14:30:00+00:00,2022-12-09 03:00:00+00:00,1,27.0,1790.0359950964287,1793.1889374938055,1785.1569950964288,1799.7939950964287,83.23944472917411,TIME,50
2022-12-09 08:30:00+00:00,2022-12-09 10:00:00+00:00,-1,41.0,1791.3643364719624,1794.5553364719624,1794.5553364719624,1784.9823364719623,-133.70100000000127,SL,6
2022-12-09 10:00:00+00:00,2022-12-09 11:15:00+00:00,-1,34.0,1792.662587065483,1796.486587065483,1796.486587065483,1785.0145870654828,-132.39600000000235,SL,5
2022-12-09 11:45:00+00:00,2022-12-09 13:30:00+00:00,1,30.0,1798.475607071846,1794.204607071846,1794.204607071846,1807.0176070718462,-130.22999999999874,SL,7
2022-12-09 13:30:00+00:00,2022-12-09 13:45:00+00:00,1,23.0,1802.12048887589,1796.66248887589,1796.66248887589,1813.0364888758902,-127.14400000000192,SL,1
2022-12-09 14:00:00+00:00,2022-12-09 15:15:00+00:00,1,20.0,1798.0866033812495,1791.9486033812493,1791.9486033812493,1810.3626033812495,-124.16000000000295,SL,5
2022-12-09 17:00:00+00:00,2022-12-09 19:00:00+00:00,1,16.0,1804.6911040731945,1797.2091040731946,1797.2091040731946,1819.6551040731945,-120.83199999999954,SL,8
2022-12-09 21:00:00+00:00,2022-12-12 02:15:00+00:00,-1,33.0,1794.9370913486914,1787.4150913486915,1798.6980913486914,1787.4150913486915,245.91599999999784,TP,21
2022-12-12 08:15:00+00:00,2022-12-12 14:15:00+00:00,1,41.0,1790.2932188072077,1787.5619045649184,1787.1772188072077,1796.5252188072077,-114.85388393386017,SIGNAL_REVERSE,24
2022-12-12 14:15:00+00:00,2022-12-12 18:00:00+00:00,-1,36.0,1787.5595104546728,1780.485510454673,1791.0965104546729,1780.485510454673,252.1439999999943,TP,15
2022-12-12 18:00:00+00:00,2022-12-13 06:30:00+00:00,-1,24.0,1783.069369892399,1785.3397288718215,1788.210369892399,1772.7873698923988,-56.168615506141286,TIME,50
2022-12-13 08:15:00+00:00,2022-12-13 09:15:00+00:00,1,42.0,1786.7115511389145,1783.6835511389145,1783.6835511389145,1792.7675511389145,-130.11600000000084,SL,4
2022-12-13 09:15:00+00:00,2022-12-13 13:15:00+00:00,1,40.0,1784.4371008712385,1790.7871008712386,1781.2621008712385,1790.7871008712386,251.20000000000545,TP,16
2022-12-13 13:15:00+00:00,2022-12-13 13:30:00+00:00,1,31.0,1787.924792432396,1795.964792432396,1783.904792432396,1795.964792432396,247.06999999999888,TP,1
2022-12-13 13:30:00+00:00,2022-12-13 13:45:00+00:00,1,21.0,1789.895980798271,1802.113980798271,1783.786980798271,1802.113980798271,255.10800000000157,TP,1
2022-12-13 14:00:00+00:00,2022-12-14 02:30:00+00:00,1,18.0,1811.103292211412,1810.1190590401304,1803.8782922114121,1825.553292211412,-18.976197083069348,TIME,50
2022-12-14 08:45:00+00:00,2022-12-14 14:30:00+00:00,-1,43.0,1808.502551452528,1811.578551452528,1811.578551452528,1802.350551452528,-135.27800000000093,SL,23
2022-12-21 20:00:00+00:00,2022-12-22 00:45:00+00:00,-1,34.0,1814.3375432499931,1818.2025432499931,1818.2025432499931,1806.6075432499933,-133.7900000000003,SL,19
2022-12-22 08:15:00+00:00,2022-12-22 13:15:00+00:00,-1,45.0,1816.594155191043,1819.495155191043,1819.495155191043,1810.792155191043,-133.69500000000303,SL,20
2022-12-22 14:00:00+00:00,2022-12-22 15:00:00+00:00,-1,28.000000000000004,1807.7672558216555,1798.6812558216554,1812.3102558216553,1798.6812558216554,252.44800000000038,TP,4
2022-12-22 15:00:00+00:00,2022-12-22 18:00:00+00:00,-1,22.0,1802.5091001477774,1791.0391001477774,1808.2441001477773,1791.0391001477774,250.8000000000006,TP,12
2022-12-22 18:00:00+00:00,2022-12-23 06:30:00+00:00,-1,19.0,1792.913892496816,1794.4857950556311,1799.637892496816,1779.465892496816,-31.19614861748603,TIME,50
2022-12-23 08:15:00+00:00,2022-12-23 13:30:00+00:00,1,49.0,1797.4425083633346,1794.7425083633348,1794.7425083633348,1802.8425083633344,-135.7299999999911,SL,21
2022-12-23 14:15:00+00:00,2022-12-23 15:15:00+00:00,-1,31.0,1794.1720706409349,1798.369070640935,1798.369070640935,1785.7780706409349,-132.2770000000036,SL,4
2022-12-23 15:15:00+00:00,2022-12-23 15:30:00+00:00,-1,27.0,1795.8761069814923,1800.6741069814923,1800.6741069814923,1786.2801069814923,-131.43600000000004,SL,1
2022-12-23 16:30:00+00:00,2022-12-23 18:00:00+00:00,1,25.0,1802.1226207302102,1797.0666207302102,1797.0666207302102,1812.2346207302103,-128.150000000001,SL,6
2022-12-23 20:30:00+00:00,2022-12-26 23:00:00+00:00,-1,43.0,1796.1280180975527,1799.0800180975527,1799.0800180975527,1790.2240180975527,-129.9459999999999,SL,10
2022-12-27 08:15:00+00:00,2022-12-27 14:00:00+00:00,1,49.0,1806.8977860605266,1804.2957860605266,1804.2957860605266,1812.1017860605266,-130.92800000000437,SL,23
2022-12-27 14:30:00+00:00,2022-12-27 14:45:00+00:00,-1,33.0,1804.2379105548098,1808.0029105548097,1808.0029105548097,1796.7079105548098,-126.5549999999958,SL,1
2022-12-27 15:30:00+00:00,2022-12-27 17:45:00+00:00,1,20.0,1821.2944814768452,1814.9744814768453,1814.9744814768453,1833.9344814768451,-127.79999999999873,SL,9
2022-12-27 17:45:00+00:00,2022-12-27 20:45:00+00:00,1,14.000000000000002,1816.9059155983439,1813.95173837358,1808.366915598344,1833.9839155983439,-42.338481146695344,SIGNAL_REVERSE,12
2022-12-27 20:45:00+00:00,2022-12-28 08:30:00+00:00,-1,25.0,1813.9526532773452,1803.9146532773452,1818.9716532773452,1803.9146532773452,249.20000000000027,TP,47
2022-12-28 08:30:00+00:00,2022-12-28 14:45:00+00:00,-1,36.0,1805.171067498656,1808.576067498656,1808.576067498656,1798.361067498656,-125.09999999999901,SL,25
2022-12-28 16:15:00+00:00,2022-12-28 17:15:00+00:00,-1,23.0,1798.1475766734513,1803.6015766734513,1803.6015766734513,1787.2395766734514,-127.05199999999887,SL,4
2022-12-28 20:00:00+00:00,2022-12-29 08:30:00+00:00,1,26.0,1805.3197424258144,1809.9092926939388,1800.5547424258143,1814.8497424258144,117.50830697123473,TIME,50
2022-12-29 09:00:00+00:00,2022-12-29 10:15:00+00:00,1,41.0,1809.948141548881,1806.922141548881,1806.922141548881,1816.0001415488812,-126.93600000000276,SL,5
2022-12-29 11:15:00+00:00,2022-12-29 13:30:00+00:00,-1,36.0,1806.253587107329,1809.667587107329,1809.667587107329,1799.4255871073287,-125.42399999999954,SL,9
2022-12-29 14:45:00+00:00,2022-12-30 03:15:00+00:00,1,26.0,1815.6576693364896,1818.9064031969876,1810.9856693364895,1825.0016693364896,82.64708037295003,TIME,50
2022-12-30 09:45:00+00:00,2022-12-30 11:30:00+00:00,-1,37.0,1815.8989758303785,1819.2059758303785,1819.2059758303785,1809.2849758303785,-124.94900000000061,SL,7
2022-12-30 12:45:00+00:00,2022-12-30 13:15:00+00:00,1,36.0,1819.568779886732,1816.1787798867322,1816.1787798867322,1826.348779886732,-124.55999999999541,SL,2
2022-12-30 13:15:00+00:00,2022-12-30 15:00:00+00:00,1,35.0,1819.4328990598176,1815.9188990598177,1815.9188990598177,1826.4608990598176,-125.43999999999637,SL,7
2022-12-30 15:00:00+00:00,2022-12-30 17:00:00+00:00,1,24.0,1818.9856445743246,1816.1424610891208,1814.0246445743246,1828.9076445743244,-69.91640364489075,SIGNAL_REVERSE,8
2022-12-30 17:00:00+00:00,2022-12-30 17:45:00+00:00,-1,20.0,1816.1426989684594,1822.0806989684593,1822.0806989684593,1804.2666989684594,-120.1599999999975,SL,3
2022-12-30 19:45:00+00:00,2023-01-03 02:30:00+00:00,1,22.0,1822.2348536456218,1832.7468536456217,1816.9788536456217,1832.7468536456217,229.72399999999877,TP,27
2023-01-03 08:15:00+00:00,2023-01-03 08:30:00+00:00,1,24.0,1843.962060985824,1838.975060985824,1838.975060985824,1853.936060985824,-121.36800000000193,SL,1
2023-01-03 08:30:00+00:00,2023-01-03 08:45:00+00:00,1,23.0,1840.5611778593639,1835.2971778593637,1835.2971778593637,1851.0891778593639,-122.68200000000284,SL,1
2023-01-03 10:45:00+00:00,2023-01-03 14:30:00+00:00,-1,18.0,1836.284950150347,1842.788950150347,1842.788950150347,1823.276950150347,-118.3320000000024,SL,15
2023-01-03 14:45:00+00:00,2023-01-03 15:00:00+00:00,1,19.0,1847.7468431000211,1841.6358431000212,1841.6358431000212,1859.968843100021,-117.43899999999765,SL,1
2023-01-03 15:00:00+00:00,2023-01-03 15:15:00+00:00,1,17.0,1845.0013554129298,1838.24635541293,1838.24635541293,1858.5113554129298,-116.02499999999799,SL,1
2023-01-03 15:15:00+00:00,2023-01-03 15:30:00+00:00,1,16.0,1839.0887971932648,1831.7527971932648,1831.7527971932648,1853.7607971932646,-118.49600000000021,SL,1
2023-01-03 16:30:00+00:00,2023-01-03 17:30:00+00:00,-1,14.000000000000002,1829.9457571961632,1838.0917571961631,1838.0917571961631,1813.6537571961633,-115.02399999999943,SL,4
2023-01-03 20:30:00+00:00,2023-01-04 06:15:00+00:00,1,22.0,1838.3226472421916,1848.6286472421916,1833.1696472421916,1848.6286472421916,225.1920000000009,TP,39
2023-01-04 08:15:00+00:00,2023-01-04 12:15:00+00:00,1,26.0,1859.359473840728,1854.946473840728,1854.946473840728,1868.185473840728,-116.55800000000028,SL,16
2023-01-04 12:15:00+00:00,2023-01-04 13:15:00+00:00,1,20.0,1858.3724951497754,1853.6252459567618,1852.5324951497755,1870.0524951497753,-96.34498386027317,SIGNAL_REVERSE,4
2023-01-04 13:15:00+00:00,2023-01-04 13:30:00+00:00,-1,21.0,1853.630390191753,1858.9513901917528,1858.9513901917528,1842.988390191753,-113.21099999999817,SL,1
2023-01-04 18:15:00+00:00,2023-01-05 06:45:00+00:00,-1,15.0,1852.3885747411211,1853.1141866461505,1859.9225747411213,1837.320574741121,-11.934178575440729,TIME,50
2023-01-05 08:15:00+00:00,2023-01-05 13:45:00+00:00,-1,24.0,1846.8425132533794,1837.6165132533795,1851.4555132533794,1837.6165132533795,219.74399999999724,TP,22
2023-01-05 13:45:00+00:00,2023-01-05 15:15:00+00:00,-1,19.0,1842.3061344208631,1830.5741344208632,1848.1721344208631,1830.5741344208632,221.57799999999943,TP,6
2023-01-05 15:15:00+00:00,2023-01-06 02:15:00+00:00,-1,16.0,1832.9440245529322,1839.9710245529322,1839.9710245529322,1818.8900245529321,-113.5520000000007,SL,44
2023-01-06 09:30:00+00:00,2023-01-06 11:15:00+00:00,-1,31.0,1836.048515518294,1839.769515518294,1839.769515518294,1828.606515518294,-117.52100000000011,SL,7
2023-01-06 14:00:00+00:00,2023-01-06 14:15:00+00:00,1,18.0,1851.7728283815507,1845.3148283815506,1845.3148283815506,1864.6888283815506,-117.50400000000151,SL,1
2023-01-06 14:15:00+00:00,2023-01-06 14:45:00+00:00,1,17.0,1847.2811460621926,1840.6841460621927,1840.6841460621927,1860.4751460621926,-113.33899999999966,SL,2
2023-01-06 14:45:00+00:00,2023-01-06 15:00:00+00:00,1,15.0,1841.4399553480416,1856.3239553480416,1833.9979553480416,1856.3239553480416,222.2100000000002,TP,1
2023-01-06 15:00:00+00:00,2023-01-06 18:30:00+00:00,1,12.0,1848.4811734709995,1866.6091734709996,1839.4171734709994,1866.6091734709996,216.69600000000187,TP,14
2023-01-06 18:30:00+00:00,2023-01-09 07:00:00+00:00,1,13.0,1864.286516637088,1877.9328442928966,1855.9465166370878,1880.966516637088,176.49225952551168,TIME,50
2023-01-09 09:15:00+00:00,2023-01-09 13:15:00+00:00,-1,27.0,1872.1223010065605,1876.5083010065605,1876.5083010065605,1863.3503010065606,-120.31199999999912,SL,16
2023-01-09 14:15:00+00:00,2023-01-09 15:30:00+00:00,1,28.000000000000004,1876.7109777934065,1872.5449777934066,1872.5449777934066,1885.0429777934064,-118.60799999999833,SL,5
2023-01-09 15:30:00+00:00,2023-01-09 17:15:00+00:00,1,23.0,1875.1594190107376,1870.1244190107375,1870.1244190107375,1885.2294190107375,-117.41500000000188,SL,7
2023-01-09 17:45:00+00:00,2023-01-10 06:15:00+00:00,-1,20.0,1870.762555241575,1873.3238280933215,1876.562555241575,1859.162555241575,-52.6254570349296,TIME,50
2023-01-10 09:15:00+00:00,2023-01-10 12:30:00+00:00,1,32.0,1875.178739218403,1871.5607392184031,1871.5607392184031,1882.4147392184032,-118.01599999999802,SL,13
2023-01-10 15:15:00+00:00,2023-01-10 16:30:00+00:00,1,21.0,1879.2494603171924,1873.8424603171925,1873.8424603171925,1890.0634603171925,-115.01699999999843,SL,5
2023-01-10 20:45:00+00:00,2023-01-11 01:15:00+00:00,1,31.0,1877.2990970107655,1873.6060970107656,1873.6060970107656,1884.6850970107655,-116.6529999999995,SL,18
2023-01-11 08:15:00+00:00,2023-01-11 12:15:00+00:00,1,30.0,1882.236819429553,1878.466819429553,1878.466819429553,1889.776819429553,-115.19999999999945,SL,16
2023-01-11 12:45:00+00:00,2023-01-11 16:00:00+00:00,-1,27.0,1877.4576837298457,1869.111683729846,1881.6306837298457,1869.111683729846,223.45199999999397,TP,13
2023-01-11 16:00:00+00:00,2023-01-11 18:00:00+00:00,-1,20.0,1872.0105154173773,1877.5415154173772,1877.5415154173772,1860.9485154173772,-112.01999999999899,SL,8
2023-01-11 18:00:00+00:00,2023-01-11 19:45:00+00:00,-1,19.0,1873.734837428901,1878.2146401370237,1879.476837428901,1862.2508374289011,-86.44625145433004,SIGNAL_REVERSE,7
2023-01-11 19:45:00+00:00,2023-01-12 08:15:00+00:00,1,24.0,1878.2131576361162,1881.957764406459,1873.5921576361163,1887.4551576361162,88.19056248822955,TIME,50
2023-01-12 11:30:00+00:00,2023-01-12 13:30:00+00:00,1,35.0,1885.2636909187054,1882.1056909187055,1882.1056909187055,1891.5796909187054,-112.97999999999656,SL,8
2023-01-12 13:30:00+00:00,2023-01-12 13:45:00+00:00,1,18.0,1886.8740680725361,1899.206068072536,1880.7080680725362,1899.206068072536,220.71599999999785,TP,1
2023-01-12 14:30:00+00:00,2023-01-12 14:45:00+00:00,1,12.0,1892.158374897064,1882.8473748970641,1882.8473748970641,1910.780374897064,-112.57199999999906,SL,1
2023-01-12 17:30:00+00:00,2023-01-13 06:00:00+00:00,1,9.0,1895.7711095867842,1893.5989119219078,1883.6561095867842,1920.001109586784,-20.17977898388779,TIME,50
2023-01-13 08:30:00+00:00,2023-01-13 11:45:00+00:00,1,26.0,1904.327672996688,1900.1146729966881,1900.1146729966881,1912.7536729966882,-111.3579999999991,SL,13
2023-01-13 11:45:00+00:00,2023-01-13 12:15:00+00:00,1,20.0,1902.1572195225147,1896.7392195225148,1896.7392195225148,1912.9932195225147,-109.75999999999786,SL,2
2023-01-13 12:45:00+00:00,2023-01-13 14:00:00+00:00,-1,19.0,1896.1038609274517,1901.8068609274517,1901.8068609274517,1884.6978609274518,-109.68699999999951,SL,5
2023-01-13 14:00:00+00:00,2023-01-13 14:30:00+00:00,-1,21.0,1900.0284068580406,1905.3314068580407,1905.3314068580407,1889.4224068580406,-112.83300000000233,SL,2
2023-01-13 14:30:00+00:00,2023-01-13 14:45:00+00:00,-1,20.0,1901.9271908100895,1907.4201908100895,1907.4201908100895,1890.9411908100894,-111.25999999999877,SL,1
2023-01-13 15:15:00+00:00,2023-01-16 01:45:00+00:00,1,16.0,1910.2026095297954,1923.1526095297954,1903.7276095297952,1923.1526095297954,206.08000000000072,TP,42
2023-01-16 08:15:00+00:00,2023-01-16 09:45:00+00:00,-1,25.0,1913.391837246228,1917.660837246228,1917.660837246228,1904.853837246228,-108.47500000000014,SL,6
2023-01-16 09:45:00+00:00,2023-01-16 20:30:00+00:00,-1,24.0,1917.0229474014952,1915.3795361417845,1921.5649474014951,1907.9389474014952,37.76187023305858,SIGNAL_REVERSE,43
2023-01-16 20:30:00+00:00,2023-01-17 00:00:00+00:00,1,72.0,1915.3804681346023,1918.4184681346023,1913.8614681346023,1918.4184681346023,213.6960000000008,TP,5
2023-01-17 09:30:00+00:00,2023-01-17 11:45:00+00:00,-1,28.000000000000004,1908.4758091287201,1912.34480912872,1912.34480912872,1900.7378091287203,-110.29199999999761,SL,9
2023-01-17 11:45:00+00:00,2023-01-17 12:00:00+00:00,-1,26.0,1907.546251768457,1911.691251768457,1911.691251768457,1899.2562517684569,-109.58999999999952,SL,1
2023-01-17 13:45:00+00:00,2023-01-17 17:15:00+00:00,1,22.0,1912.714160583313,1907.917160583313,1907.917160583313,1922.308160583313,-107.07400000000057,SL,14
2023-01-17 18:00:00+00:00,2023-01-18 06:30:00+00:00,-1,18.0,1907.1464973761485,1902.8046458120443,1913.2154973761485,1895.0084973761486,76.89332815387591,TIME,50
2023-01-18 08:15:00+00:00,2023-01-18 13:30:00+00:00,1,22.0,1912.1296549999718,1922.0036549999718,1907.1926549999716,1922.0036549999718,215.68800000000053,TP,21
2023-01-18 13:30:00+00:00,2023-01-18 15:45:00+00:00,1,23.0,1917.9754747349746,1913.3574747349744,1913.3574747349744,1927.2114747349747,-107.8240000000038,SL,9
2023-01-18 15:45:00+00:00,2023-01-18 16:15:00+00:00,1,16.0,1916.4558356203217,1909.5008356203218,1909.5008356203218,1930.3658356203218,-112.39999999999884,SL,2
2023-01-18 16:45:00+00:00,2023-01-19 05:15:00+00:00,-1,14.000000000000002,1906.3910972385822,1909.6575768709129,1913.9420972385824,1891.2890972385821,-46.71071485262881,TIME,50
2023-01-19 08:15:00+00:00,2023-01-19 10:00:00+00:00,1,25.0,1913.7466994059137,1909.4466994059137,1909.4466994059137,1922.3466994059138,-109.24999999999886,SL,7
2023-01-19 12:00:00+00:00,2023-01-19 13:30:00+00:00,-1,23.0,1908.0854679622548,1912.715467962255,1912.715467962255,1898.8254679622548,-108.10000000000251,SL,6
2023-01-19 14:30:00+00:00,2023-01-19 19:15:00+00:00,1,19.0,1917.4269541958843,1928.4029541958844,1911.9389541958842,1928.4029541958844,207.21400000000213,TP,19
2023-01-19 19:15:00+00:00,2023-01-20 07:45:00+00:00,1,18.0,1924.8045937927232,1930.3673916115968,1918.8395937927232,1936.734593792723,98.87036073972489,TIME,50
2023-01-20 08:15:00+00:00,2023-01-20 08:30:00+00:00,1,26.0,1935.8714094567213,1931.7054094567213,1931.7054094567213,1944.2034094567211,-110.13599999999843,SL,1
2023-01-20 08:30:00+00:00,2023-01-20 08:45:00+00:00,1,24.0,1933.061760189601,1928.597760189601,1928.597760189601,1941.989760189601,-108.81599999999861,SL,1
2023-01-20 08:45:00+00:00,2023-01-20 13:30:00+00:00,1,23.0,1930.9083147432368,1926.318314743237,1926.318314743237,1940.0883147432367,-107.17999999999812,SL,19
2023-01-20 14:00:00+00:00,2023-01-20 15:15:00+00:00,-1,22.0,1924.1685357296194,1928.8825357296193,1928.8825357296193,1914.7405357296193,-105.24799999999873,SL,5
2023-01-20 15:15:00+00:00,2023-01-20 19:30:00+00:00,-1,20.0,1925.673133078817,1930.965133078817,1930.965133078817,1915.089133078817,-107.23999999999833,SL,17
2023-01-20 19:30:00+00:00,2023-01-22 23:00:00+00:00,1,21.0,1930.6443770543253,1925.7833770543252,1925.7833770543252,1940.3663770543253,-103.55100000000218,SL,14
2023-01-23 08:15:00+00:00,2023-01-23 08:30:00+00:00,-1,27.0,1919.5219820666002,1923.3199820666002,1923.3199820666002,1911.9259820666002,-104.43600000000005,SL,1
2023-01-23 08:30:00+00:00,2023-01-23 08:45:00+00:00,-1,24.0,1922.0424481348768,1926.2844481348768,1926.2844481348768,1913.558448134877,-103.48799999999909,SL,1
2023-01-23 08:45:00+00:00,2023-01-23 13:00:00+00:00,-1,22.0,1926.477888372018,1926.6715644871808,1931.053888372018,1917.325888372018,-5.800874533581955,SIGNAL_REVERSE,17
2023-01-23 13:00:00+00:00,2023-01-23 13:30:00+00:00,1,21.0,1926.6695129891837,1921.9225129891836,1921.9225129891836,1936.1635129891836,-101.15700000000149,SL,2
2023-01-23 14:30:00+00:00,2023-01-23 15:45:00+00:00,-1,18.0,1917.3986755376532,1922.932675537653,1922.932675537653,1906.3306755376532,-100.87199999999781,SL,5
2023-01-23 15:45:00+00:00,2023-01-23 18:00:00+00:00,-1,14.000000000000002,1919.7234050692823,1926.8424050692822,1926.8424050692822,1905.4854050692823,-100.64599999999882,SL,9
2023-01-23 18:30:00+00:00,2023-01-24 07:00:00+00:00,1,14.000000000000002,1927.0017332830741,1939.422293893048,1919.870733283074,1941.263733283074,172.9078485396331,TIME,50
2023-01-24 08:15:00+00:00,2023-01-24 09:30:00+00:00,1,28.999999999999996,1938.3277283597668,1934.7907283597667,1934.7907283597667,1945.4017283597668,-104.60300000000099,SL,5
2023-01-24 09:30:00+00:00,2023-01-24 13:45:00+00:00,1,26.0,1935.9566217993497,1932.0666217993496,1932.0666217993496,1943.73662179935,-102.9600000000026,SL,17
2023-01-24 14:00:00+00:00,2023-01-24 14:45:00+00:00,-1,23.0,1932.4616762286496,1923.8376762286496,1936.7736762286495,1923.8376762286496,196.74200000000053,TP,3
2023-01-24 14:45:00+00:00,2023-01-24 15:15:00+00:00,-1,19.0,1923.9316874893968,1929.1436874893968,1929.1436874893968,1913.5076874893969,-100.35799999999979,SL,2
2023-01-24 15:15:00+00:00,2023-01-24 15:45:00+00:00,-1,16.0,1928.0604582098829,1934.3434582098828,1934.3434582098828,1915.4944582098829,-101.64799999999843,SL,2
2023-01-24 15:45:00+00:00,2023-01-24 19:30:00+00:00,-1,14.000000000000002,1933.5630958049533,1936.0869300753616,1940.3780958049533,1919.9330958049534,-36.31367978571642,SIGNAL_REVERSE,15
2023-01-24 19:30:00+00:00,2023-01-25 03:15:00+00:00,1,16.0,1936.0904173857166,1929.7824173857166,1929.7824173857166,1948.7064173857166,-102.04799999999989,SL,31
2023-01-25 10:30:00+00:00,2023-01-25 14:30:00+00:00,-1,20.0,1925.9937112259531,1930.939711225953,1930.939711225953,1916.1017112259533,-100.31999999999826,SL,16
2023-01-25 15:15:00+00:00,2023-01-25 20:00:00+00:00,1,15.0,1933.05188897008,1945.63588897008,1926.7598889700798,1945.63588897008,187.7100000000009,TP,19
2023-01-25 20:00:00+00:00,2023-01-26 08:15:00+00:00,1,17.0,1942.3744394712587,1940.6807320437833,1936.6814394712587,1953.760439471259,-29.98302626708136,SIGNAL_REVERSE,49
2023-01-26 08:15:00+00:00,2023-01-26 08:30:00+00:00,-1,23.0,1940.6759889468685,1944.8889889468685,1944.8889889468685,1932.2499889468686,-98.5089999999992,SL,1
2023-01-26 08:30:00+00:00,2023-01-26 09:30:00+00:00,-1,23.0,1943.9140168340887,1935.4900168340887,1948.1260168340887,1935.4900168340887,192.14199999999948,TP,4
2023-01-26 09:30:00+00:00,2023-01-26 14:15:00+00:00,-1,20.0,1936.2445704237261,1941.201570423726,1941.201570423726,1926.3305704237262,-100.5399999999976,SL,19
2023-01-26 15:15:00+00:00,2023-01-26 16:15:00+00:00,-1,16.0,1933.9877863112247,1921.5017863112248,1940.2307863112246,1921.5017863112248,198.65599999999802,TP,4
2023-01-26 16:15:00+00:00,2023-01-27 04:45:00+00:00,-1,11.0,1927.4373897842702,1921.3334305824096,1935.9103897842701,1910.4913897842703,66.37355122046618,TIME,50
2023-01-27 09:45:00+00:00,2023-01-27 13:15:00+00:00,1,28.000000000000004,1926.2955681767842,1933.541568176784,1922.6725681767841,1933.541568176784,200.9279999999963,TP,14
2023-01-27 13:15:00+00:00,2023-01-27 14:00:00+00:00,1,25.0,1931.3127690705496,1927.2847690705496,1927.2847690705496,1939.3687690705494,-102.4500000000005,SL,3
2023-01-27 14:00:00+00:00,2023-01-27 14:30:00+00:00,1,20.0,1928.838765387328,1923.8607653873282,1923.8607653873282,1938.794765387328,-100.95999999999677,SL,2
2023-01-27 15:45:00+00:00,2023-01-27 16:15:00+00:00,-1,14.000000000000002,1923.9219666236731,1930.9419666236731,1930.9419666236731,1909.8819666236732,-99.25999999999976,SL,2
2023-01-27 19:30:00+00:00,2023-01-29 23:00:00+00:00,1,16.0,1931.6167302392134,1925.5377302392135,1925.5377302392135,1943.7747302392133,-98.38399999999922,SL,14
2023-01-30 08:15:00+00:00,2023-01-30 10:30:00+00:00,-1,22.0,1923.465039842449,1927.934039842449,1927.934039842449,1914.5270398424489,-99.85800000000113,SL,9
2023-01-30 10:30:00+00:00,2023-01-30 14:00:00+00:00,-1,23.0,1926.5643633641066,1929.103270080146,1930.8743633641066,1917.9443633641065,-60.004854468908306,SIGNAL_REVERSE,14
2023-01-30 14:00:00+00:00,2023-01-30 14:45:00+00:00,1,21.0,1929.101394944355,1924.507394944355,1924.507394944355,1938.2893949443549,-97.94400000000107,SL,3
2023-01-30 17:30:00+00:00,2023-01-31 06:00:00+00:00,-1,20.0,1922.6376491955573,1912.8696491955573,1927.5216491955573,1912.8696491955573,193.96000000000058,TP,50
2023-01-31 08:15:00+00:00,2023-01-31 12:45:00+00:00,-1,21.0,1908.0578828288005,1912.6698828288004,1912.6698828288004,1898.8338828288006,-98.3219999999969,SL,18
2023-01-31 12:45:00+00:00,2023-01-31 13:15:00+00:00,-1,17.0,1905.3564156551492,1910.9454156551492,1910.9454156551492,1894.1784156551491,-96.20299999999901,SL,2
2023-01-31 14:00:00+00:00,2023-02-01 02:30:00+00:00,1,15.0,1919.7768379206987,1925.0349917538315,1913.4898379206986,1932.3508379206987,77.82230749699256,TIME,50
2023-02-01 08:30:00+00:00,2023-02-01 11:15:00+00:00,-1,30.0,1924.8090147151095,1928.0330147151094,1928.0330147151094,1918.3610147151094,-98.81999999999798,SL,11
2023-02-01 11:45:00+00:00,2023-02-01 15:00:00+00:00,1,28.000000000000004,1928.8785385863932,1925.364538586393,1925.364538586393,1935.9065385863933,-100.35200000000347,SL,13
2023-02-01 17:15:00+00:00,2023-02-01 18:30:00+00:00,-1,15.0,1921.5937621266887,1928.0247621266888,1928.0247621266888,1908.7317621266889,-97.5150000000006,SL,5
2023-02-01 18:30:00+00:00,2023-02-01 19:30:00+00:00,-1,16.0,1926.9931386124588,1933.0231386124588,1933.0231386124588,1914.9331386124588,-97.59999999999957,SL,4
2023-02-01 20:00:00+00:00,2023-02-02 08:30:00+00:00,1,11.0,1943.0683174931246,1958.084297666291,1934.5873174931246,1960.0303174931246,164.40578190482958,TIME,50
2023-02-02 08:30:00+00:00,2023-02-02 09:15:00+00:00,1,22.0,1958.1155691320214,1953.8595691320213,1953.8595691320213,1966.6275691320213,-95.17200000000189,SL,3
2023-02-02 09:15:00+00:00,2023-02-02 13:30:00+00:00,1,20.0,1954.4241602625484,1949.7121602625484,1949.7121602625484,1963.8481602625484,-95.63999999999979,SL,17
2023-02-02 13:30:00+00:00,2023-02-02 14:30:00+00:00,-1,20.0,1952.1418789725064,1942.8338789725065,1956.7958789725064,1942.8338789725065,184.75999999999985,TP,4
2023-02-02 14:30:00+00:00,2023-02-02 14:45:00+00:00,-1,15.0,1946.6251776930253,1934.5451776930254,1952.6651776930253,1934.5451776930254,180.1499999999989,TP,1
2023-02-02 14:45:00+00:00,2023-02-02 15:00:00+00:00,-1,12.0,1937.9153563299167,1922.7033563299167,1945.5213563299167,1922.7033563299167,181.70399999999987,TP,1
2023-02-02 15:15:00+00:00,2023-02-03 03:45:00+00:00,-1,11.0,1920.8035742871766,1916.5121492430292,1929.6055742871768,1903.1995742871766,46.43567548562189,TIME,50
2023-02-03 08:15:00+00:00,2023-02-03 12:30:00+00:00,-1,25.0,1912.8689919511087,1916.8379919511087,1916.8379919511087,1904.9309919511088,-100.97500000000127,SL,17
2023-02-03 14:00:00+00:00,2023-02-03 15:00:00+00:00,-1,12.0,1886.1380935292689,1870.482093529269,1893.9660935292688,1870.482093529269,187.03199999999939,TP,4
2023-02-03 15:00:00+00:00,2023-02-06 03:30:00+00:00,-1,9.0,1878.4540380899998,1874.1568856007866,1889.0220380899998,1857.3180380899998,38.04437240291883,TIME,50
2023-02-06 08:30:00+00:00,2023-02-06 09:00:00+00:00,1,24.0,1877.3957663866147,1873.2667663866148,1873.2667663866148,1885.6537663866145,-100.77599999999774,SL,2
2023-02-06 09:00:00+00:00,2023-02-06 09:15:00+00:00,1,21.0,1878.0910413420522,1873.3510413420522,1873.3510413420522,1887.5710413420522,-101.01000000000019,SL,1
2023-02-06 10:00:00+00:00,2023-02-06 22:30:00+00:00,-1,18.0,1873.1651340892415,1867.4217198453769,1878.4561340892415,1862.5831340892414,102.12145638956393,TIME,50
2023-02-07 11:30:00+00:00,2023-02-07 15:45:00+00:00,-1,18.0,1868.8178923846497,1874.3298923846498,1874.3298923846498,1857.7938923846496,-100.47600000000308,SL,17
2023-02-07 16:15:00+00:00,2023-02-07 18:30:00+00:00,1,13.0,1875.1248458504153,1867.9708458504153,1867.9708458504153,1889.4328458504153,-93.91199999999995,SL,9
2023-02-07 21:15:00+00:00,2023-02-07 21:45:00+00:00,-1,13.0,1870.3982198844583,1877.6342198844582,1877.6342198844582,1855.9262198844583,-94.97799999999839,SL,2
2023-02-08 08:15:00+00:00,2023-02-08 13:00:00+00:00,1,21.0,1881.1154018157263,1876.5734018157264,1876.5734018157264,1890.199401815726,-96.85199999999824,SL,19
2023-02-08 13:30:00+00:00,2023-02-08 14:00:00+00:00,-1,19.0,1875.3563299439913,1880.4953299439912,1880.4953299439912,1865.0783299439913,-98.97099999999803,SL,2
2023-02-08 14:00:00+00:00,2023-02-08 14:15:00+00:00,-1,18.0,1877.671353217096,1883.061353217096,1883.061353217096,1866.8913532170961,-98.27999999999771,SL,1
2023-02-08 14:15:00+00:00,2023-02-08 14:45:00+00:00,-1,17.0,1880.9649563637847,1869.8209563637847,1886.5369563637846,1869.8209563637847,188.2580000000001,TP,2
2023-02-08 15:00:00+00:00,2023-02-08 18:30:00+00:00,-1,15.0,1873.1499276582244,1879.5719276582245,1879.5719276582245,1860.3059276582244,-97.38000000000038,SL,14
2023-02-09 08:15:00+00:00,2023-02-09 14:00:00+00:00,1,26.0,1882.774370150009,1890.0103701500088,1879.156370150009,1890.0103701500088,186.3159999999968,TP,23
2023-02-09 14:15:00+00:00,2023-02-09 14:30:00+00:00,1,19.0,1886.197573306872,1881.047573306872,1881.047573306872,1896.497573306872,-99.18000000000173,SL,1
2023-02-09 14:30:00+00:00,2023-02-09 14:45:00+00:00,1,17.0,1887.0899151317305,1881.4119151317304,1881.4119151317304,1898.4459151317305,-97.71600000000188,SL,1
2023-02-09 15:45:00+00:00,2023-02-09 19:30:00+00:00,-1,14.000000000000002,1873.1132622311222,1860.0072622311222,1879.6662622311223,1860.0072622311222,182.50399999999996,TP,15
2023-02-09 19:30:00+00:00,2023-02-10 08:00:00+00:00,-1,11.0,1866.0744230732832,1866.2558054494673,1874.3814230732833,1849.460423073283,-2.765206138024514,TIME,50
2023-02-10 08:15:00+00:00,2023-02-10 09:15:00+00:00,1,18.0,1870.9322701090598,1865.7082701090599,1865.7082701090599,1881.38027010906,-95.2919999999988,SL,4
2023-02-10 09:15:00+00:00,2023-02-10 10:00:00+00:00,1,16.0,1867.4436407447076,1861.5326407447076,1861.5326407447076,1879.2656407447078,-95.69600000000094,SL,3
2023-02-10 10:00:00+00:00,2023-02-10 16:15:00+00:00,1,15.0,1864.1064329883925,1857.6394329883924,1857.6394329883924,1877.0404329883927,-98.05500000000147,SL,25
2023-02-10 16:30:00+00:00,2023-02-10 20:30:00+00:00,-1,14.000000000000002,1858.482116814322,1864.0369502946764,1865.2151168143218,1845.016116814322,-78.74766872496366,SIGNAL_REVERSE,16
2023-02-10 20:30:00+00:00,2023-02-13 01:15:00+00:00,1,24.0,1864.0352685577693,1860.0602685577692,1860.0602685577692,1871.9852685577694,-97.08000000000328,SL,19
2023-02-13 08:15:00+00:00,2023-02-13 09:00:00+00:00,1,24.0,1863.300534313699,1859.414534313699,1859.414534313699,1871.0725343136992,-94.94399999999922,SL,3
2023-02-13 09:00:00+00:00,2023-02-13 09:30:00+00:00,1,22.0,1862.4719992217015,1858.1699992217013,1858.1699992217013,1871.0759992217015,-96.18400000000297,SL,2
2023-02-13 10:00:00+00:00,2023-02-13 11:30:00+00:00,-1,18.0,1857.048521225191,1862.1125212251911,1862.1125212251911,1846.920521225191,-92.41200000000141,SL,6
2023-02-13 14:00:00+00:00,2023-02-14 02:30:00+00:00,-1,18.0,1856.781119464527,1856.9705501024596,1861.6691194645268,1847.005119464527,-4.669751482788124,TIME,50
2023-02-14 08:15:00+00:00,2023-02-14 11:15:00+00:00,1,26.0,1860.0959409930663,1856.6229409930663,1856.6229409930663,1867.0419409930664,-92.11799999999886,SL,12
2023-02-14 11:45:00+00:00,2023-02-14 12:45:00+00:00,-1,20.0,1855.8134569628126,1860.4014569628125,1860.4014569628125,1846.6374569628126,-93.15999999999931,SL,4
2023-02-14 14:45:00+00:00,2023-02-14 15:00:00+00:00,-1,8.0,1848.0456820538043,1858.3996820538043,1858.3996820538043,1827.3376820538042,-83.39200000000034,SL,1
2023-02-14 16:30:00+00:00,2023-02-14 21:15:00+00:00,-1,6.0,1847.5473849225216,1854.6642273909586,1860.8763849225215,1820.8893849225215,-43.12105481062183,SIGNAL_REVERSE,19
2023-02-14 21:15:00+00:00,2023-02-15 03:30:00+00:00,1,16.0,1854.664166802845,1849.216166802845,1849.216166802845,1865.560166802845,-88.28800000000149,SL,25
2023-02-15 08:15:00+00:00,2023-02-15 13:45:00+00:00,-1,18.0,1833.6885060738289,1838.6335060738288,1838.6335060738288,1823.798506073829,-90.26999999999886,SL,22
2023-02-15 21:00:00+00:00,2023-02-16 09:30:00+00:00,1,22.0,1837.5142823864812,1838.2308329589691,1833.6302823864812,1845.2822823864813,14.224112594733889,TIME,50
2023-02-16 14:00:00+00:00,2023-02-16 16:15:00+00:00,-1,16.0,1830.734963837552,1836.187963837552,1836.187963837552,1819.828963837552,-88.3679999999996,SL,9
2023-02-16 16:15:00+00:00,2023-02-16 16:45:00+00:00,-1,12.0,1833.0143742888415,1840.2413742888414,1840.2413742888414,1818.5603742888416,-87.56399999999834,SL,2
2023-02-16 17:45:00+00:00,2023-02-16 23:00:00+00:00,1,10.0,1843.136094873257,1835.015094873257,1835.015094873257,1859.378094873257,-81.90999999999867,SL,21
2023-02-17 08:15:00+00:00,2023-02-17 09:45:00+00:00,-1,23.0,1821.264046465468,1825.034046465468,1825.034046465468,1813.724046465468,-88.31999999999958,SL,6
2023-02-17 09:45:00+00:00,2023-02-17 12:45:00+00:00,-1,18.0,1824.3414829760914,1828.2420127080711,1829.1524829760913,1814.7194829760915,-71.46953517563567,SIGNAL_REVERSE,12
2023-02-17 12:45:00+00:00,2023-02-17 14:45:00+00:00,1,17.0,1828.2429064880662,1823.1999064880663,1823.1999064880663,1838.328906488066,-86.92099999999817,SL,8
2023-02-17 14:45:00+00:00,2023-02-17 15:15:00+00:00,1,16.0,1825.7509021327435,1836.0169021327436,1820.6179021327434,1836.0169021327436,163.13600000000122,TP,2
2023-02-17 15:15:00+00:00,2023-02-20 03:45:00+00:00,1,14.000000000000002,1833.9764643617457,1842.4175209839784,1828.2144643617457,1845.5004643617458,117.19479271125832,TIME,50
2023-02-20 08:15:00+00:00,2023-02-20 08:30:00+00:00,1,27.0,1846.3385480191914,1843.2185480191915,1843.2185480191915,1852.5785480191914,-86.12999999999705,SL,1
2023-02-20 08:30:00+00:00,2023-02-20 08:45:00+00:00,1,26.0,1845.0351299334868,1841.705129933487,1841.705129933487,1851.6951299334867,-88.3999999999981,SL,1
2023-02-20 09:30:00+00:00,2023-02-20 17:00:00+00:00,1,23.0,1845.0578058862054,1841.4468058862055,1841.4468058862055,1852.2798058862054,-84.66299999999715,SL,30
2023-02-20 17:15:00+00:00,2023-02-21 07:15:00+00:00,-1,27.0,1841.3716939944586,1835.2616939944585,1844.4266939944587,1835.2616939944585,163.08000000000345,TP,46
2023-02-21 08:15:00+00:00,2023-02-21 09:45:00+00:00,-1,24.0,1833.1522575446477,1836.6812575446477,1836.6812575446477,1826.0942575446477,-86.37599999999992,SL,6
2023-02-21 09:45:00+00:00,2023-02-21 14:00:00+00:00,-1,20.0,1835.066881298468,1839.298881298468,1839.298881298468,1826.6028812984678,-86.03999999999942,SL,17
2023-02-21 14:30:00+00:00,2023-02-21 14:45:00+00:00,1,19.0,1841.052599263976,1836.7285992639759,1836.7285992639759,1849.7005992639758,-83.48600000000131,SL,1
2023-02-21 14:45:00+00:00,2023-02-21 15:00:00+00:00,1,17.0,1842.1719555203042,1837.2129555203041,1837.2129555203041,1852.0899555203043,-85.49300000000102,SL,1
2023-02-21 15:00:00+00:00,2023-02-22 03:30:00+00:00,1,16.0,1834.9463900507853,1836.0369216609029,1829.6773900507853,1845.4843900507854,16.32850576188037,TIME,50
2023-03-01 08:15:00+00:00,2023-03-01 09:15:00+00:00,1,25.0,1834.3317717596167,1831.0227717596167,1831.0227717596167,1840.9497717596169,-84.47499999999923,SL,4
2023-03-01 09:15:00+00:00,2023-03-01 13:00:00+00:00,1,20.0,1833.456948376865,1841.628948376865,1829.370948376865,1841.628948376865,162.0400000000005,TP,15
2023-03-01 13:00:00+00:00,2023-03-01 13:30:00+00:00,1,16.0,1840.5014809393028,1835.4244809393028,1835.4244809393028,1850.6554809393028,-82.35199999999998,SL,2
2023-03-01 13:30:00+00:00,2023-03-02 01:30:00+00:00,1,16.0,1836.85983511641,1831.58183511641,1831.58183511641,1847.41583511641,-85.56800000000032,SL,48
2023-03-02 08:15:00+00:00,2023-03-02 08:30:00+00:00,-1,28.000000000000004,1830.4206064993814,1833.3216064993815,1833.3216064993815,1824.6186064993815,-83.18800000000189,SL,1
2023-03-02 08:30:00+00:00,2023-03-02 08:45:00+00:00,-1,27.0,1831.4538787683653,1834.4958787683654,1834.4958787683654,1825.3698787683652,-84.02400000000388,SL,1
2023-03-02 12:00:00+00:00,2023-03-02 12:30:00+00:00,1,19.0,1836.6801830427587,1832.4961830427587,1832.4961830427587,1845.0481830427586,-80.82599999999941,SL,2
2023-03-02 15:15:00+00:00,2023-03-03 03:45:00+00:00,1,15.0,1836.7059993180899,1838.6533574661273,1831.31099931809,1847.4959993180898,28.160372220561566,TIME,50
2023-03-03 08:15:00+00:00,2023-03-03 11:15:00+00:00,1,31.0,1843.6363254631428,1848.8623254631427,1841.0233254631428,1848.8623254631427,159.83599999999646,TP,12
2023-03-03 11:15:00+00:00,2023-03-03 14:15:00+00:00,1,24.0,1847.714541082791,1844.337541082791,1844.337541082791,1854.4685410827908,-82.72799999999887,SL,12
2023-03-03 15:00:00+00:00,2023-03-03 16:45:00+00:00,-1,19.0,1842.8621513530957,1847.1711513530956,1847.1711513530956,1834.2441513530957,-83.20099999999941,SL,7
2023-03-03 18:30:00+00:00,2023-03-06 07:00:00+00:00,1,17.0,1848.558552043236,1853.461779193937,1843.9675520432359,1857.740552043236,82.16486156191723,TIME,50
2023-03-06 08:15:00+00:00,2023-03-06 08:30:00+00:00,1,27.0,1856.8739825044518,1853.8929825044518,1853.8929825044518,1862.8359825044517,-82.37699999999985,SL,1
2023-03-06 09:45:00+00:00,2023-03-06 22:15:00+00:00,-1,23.0,1851.6393703408867,1846.9541915989896,1855.0923703408866,1844.7333703408867,106.14911106363242,TIME,50
2023-03-07 09:30:00+00:00,2023-03-07 12:30:00+00:00,-1,24.0,1845.7520007509415,1838.9540007509415,1849.1510007509414,1838.9540007509415,161.47200000000004,TP,12
2023-03-07 12:30:00+00:00,2023-03-07 13:15:00+00:00,-1,28.000000000000004,1840.7138516532557,1834.8258516532558,1843.6578516532556,1834.8258516532558,162.90399999999778,TP,3
2023-03-07 13:15:00+00:00,2023-03-07 14:30:00+00:00,-1,26.0,1838.1594378154728,1831.9014378154727,1841.2884378154727,1831.9014378154727,160.888000000001,TP,5
2023-03-07 14:30:00+00:00,2023-03-07 15:00:00+00:00,-1,21.0,1832.771544630082,1824.693544630082,1836.810544630082,1824.693544630082,168.16799999999947,TP,2
2023-03-07 15:00:00+00:00,2023-03-07 15:15:00+00:00,-1,17.0,1831.686980931665,1821.618980931665,1836.720980931665,1821.618980931665,169.96599999999972,TP,1
2023-03-07 15:15:00+00:00,2023-03-08 00:15:00+00:00,-1,16.0,1822.976205765911,1812.416205765911,1828.2562057659109,1812.416205765911,167.83999999999912,TP,36
2023-03-08 08:15:00+00:00,2023-03-08 14:45:00+00:00,1,34.0,1813.5997257351091,1818.7477257351093,1811.025725735109,1818.7477257351093,172.6520000000047,TP,26
2023-03-08 15:15:00+00:00,2023-03-08 18:00:00+00:00,1,18.0,1819.164713590241,1814.268713590241,1814.268713590241,1828.9567135902412,-89.38799999999925,SL,11
2023-03-08 20:30:00+00:00,2023-03-09 08:30:00+00:00,-1,25.0,1814.4094698699366,1817.9574698699366,1817.9574698699366,1807.3134698699366,-90.45000000000005,SL,48
2023-03-09 08:45:00+00:00,2023-03-09 13:15:00+00:00,1,30.0,1818.547709203934,1815.6017092039338,1815.6017092039338,1824.439709203934,-90.4800000000042,SL,18
2023-03-09 14:00:00+00:00,2023-03-09 15:00:00+00:00,1,24.0,1825.1298897551535,1832.5458897551534,1821.4218897551536,1832.5458897551534,176.30399999999855,TP,4
2023-03-09 15:00:00+00:00,2023-03-09 16:00:00+00:00,1,18.0,1831.315373102924,1826.5313731029241,1826.5313731029241,1840.883373102924,-87.37199999999781,SL,4
2023-03-09 16:00:00+00:00,2023-03-10 04:30:00+00:00,1,16.0,1828.6430400116026,1828.9539856494914,1823.0900400116025,1839.7490400116026,3.8551302062213653,TIME,50
2023-03-10 08:15:00+00:00,2023-03-10 09:45:00+00:00,1,25.0,1835.9980874848852,1832.4180874848853,1832.4180874848853,1843.1580874848853,-91.24999999999818,SL,6
2023-03-10 09:45:00+00:00,2023-03-10 13:30:00+00:00,1,21.0,1834.33065316547,1842.69665316547,1830.14765316547,1842.69665316547,174.2159999999997,TP,15
2023-03-10 14:00:00+00:00,2023-03-10 14:30:00+00:00,1,15.0,1842.4454297512566,1854.0614297512566,1836.6374297512566,1854.0614297512566,173.18999999999977,TP,2
2023-03-10 14:30:00+00:00,2023-03-10 15:15:00+00:00,1,13.0,1849.5257931689919,1863.393793168992,1842.591793168992,1863.393793168992,179.37400000000216,TP,3
2023-03-10 15:15:00+00:00,2023-03-12 22:00:00+00:00,1,12.0,1859.391961163576,1874.5439611635761,1851.815961163576,1874.5439611635761,180.98400000000052,TP,31
2023-03-13 08:15:00+00:00,2023-03-13 08:45:00+00:00,-1,17.0,1878.4542822290693,1883.8862822290694,1883.8862822290694,1867.5902822290693,-93.53400000000028,SL,2
2023-03-13 08:45:00+00:00,2023-03-13 09:00:00+00:00,-1,15.0,1880.4802291713374,1886.4142291713374,1886.4142291713374,1868.6122291713375,-90.05999999999953,SL,1
2023-03-13 09:45:00+00:00,2023-03-13 10:00:00+00:00,1,12.0,1892.2483869563343,1884.8393869563342,1884.8393869563342,1907.0663869563343,-89.74800000000127,SL,1
2023-03-13 10:00:00+00:00,2023-03-13 12:45:00+00:00,1,12.0,1885.8872807940795,1901.0572807940796,1878.3022807940795,1901.0572807940796,181.20000000000087,TP,11
2023-03-13 12:45:00+00:00,2023-03-13 19:30:00+00:00,1,10.0,1896.1668877889788,1914.2468877889787,1887.1268877889788,1914.2468877889787,180.09999999999928,TP,27
2023-03-13 19:30:00+00:00,2023-03-14 01:30:00+00:00,1,13.0,1912.4026341129374,1905.4646341129373,1905.4646341129373,1926.2786341129374,-91.10400000000132,SL,24
2023-03-14 08:15:00+00:00,2023-03-14 08:30:00+00:00,1,17.0,1908.4345154219318,1902.9255154219318,1902.9255154219318,1919.4525154219318,-94.84300000000025,SL,1
2023-03-14 08:30:00+00:00,2023-03-14 08:45:00+00:00,1,15.0,1908.286401797422,1902.342401797422,1902.342401797422,1920.174401797422,-90.2099999999994,SL,1
2023-03-14 10:15:00+00:00,2023-03-14 12:30:00+00:00,-1,13.0,1901.785403187808,1908.498403187808,1908.498403187808,1888.359403187808,-88.17899999999955,SL,9
2023-03-14 20:45:00+00:00,2023-03-15 08:00:00+00:00,-1,20.0,1903.4990523749652,1894.6450523749652,1907.9260523749654,1894.6450523749652,175.68000000000083,TP,45
2023-03-15 08:15:00+00:00,2023-03-15 09:30:00+00:00,-1,23.0,1889.5685833959462,1893.5705833959462,1893.5705833959462,1881.5645833959463,-93.65599999999891,SL,5
2023-03-15 09:30:00+00:00,2023-03-15 09:45:00+00:00,-1,16.0,1888.7879007362185,1894.3239007362185,1894.3239007362185,1877.7159007362186,-89.69600000000094,SL,1
2023-03-15 09:45:00+00:00,2023-03-15 10:00:00+00:00,-1,15.0,1896.8379588110963,1902.8619588110962,1902.8619588110962,1884.7899588110963,-91.4099999999983,SL,1
2023-03-15 10:00:00+00:00,2023-03-15 10:15:00+00:00,-1,13.0,1896.286801888918,1903.191801888918,1903.191801888918,1882.476801888918,-90.67499999999964,SL,1
2023-03-15 10:45:00+00:00,2023-03-15 12:00:00+00:00,1,11.0,1908.9298346865137,1924.3958346865136,1901.1968346865137,1924.3958346865136,169.35599999999883,TP,5
2023-03-15 12:00:00+00:00,2023-03-15 19:00:00+00:00,1,9.0,1918.0503335858753,1915.7417617299752,1908.2773335858753,1937.596333585875,-21.407146703100242,SIGNAL_REVERSE,28
2023-03-15 19:00:00+00:00,2023-03-16 07:30:00+00:00,-1,8.0,1915.743947424062,1914.7116464019093,1927.176947424062,1892.877947424062,7.698408177222008,TIME,50
2023-03-16 08:15:00+00:00,2023-03-16 12:45:00+00:00,1,15.0,1919.8353360996919,1931.7033360996918,1913.901336099692,1931.7033360996918,176.96999999999906,TP,18
2023-03-16 12:45:00+00:00,2023-03-16 13:45:00+00:00,1,14.000000000000002,1930.317756350511,1923.967756350511,1923.967756350511,1943.0177563505108,-89.87999999999874,SL,4
2023-03-16 13:45:00+00:00,2023-03-16 15:15:00+00:00,1,13.0,1925.0859422986446,1917.9839422986447,1917.9839422986447,1939.2899422986445,-93.2359999999982,SL,6
2023-03-16 16:00:00+00:00,2023-03-17 03:15:00+00:00,-1,8.0,1918.7130927284268,1929.1060927284268,1929.1060927284268,1897.927092728427,-83.70400000000024,SL,45
2023-03-17 11:45:00+00:00,2023-03-17 12:30:00+00:00,1,17.0,1934.361387309129,1944.735387309129,1929.174387309129,1944.735387309129,175.1680000000004,TP,3
2023-03-17 12:30:00+00:00,2023-03-17 13:45:00+00:00,1,16.0,1940.8212847663021,1951.9272847663021,1935.268284766302,1951.9272847663021,176.5759999999999,TP,5
2023-03-17 13:45:00+00:00,2023-03-17 14:30:00+00:00,1,14.000000000000002,1948.50921054913,1961.5692105491303,1941.9792105491301,1961.5692105491303,181.86000000000246,TP,3
2023-03-17 14:30:00+00:00,2023-03-17 17:30:00+00:00,1,12.0,1954.875901719765,1969.815901719765,1947.4059017197649,1969.815901719765,178.44000000000065,TP,12
2023-03-17 17:30:00+00:00,2023-03-19 22:00:00+00:00,1,9.0,1968.4593337391648,1988.2773337391648,1958.5503337391647,1988.2773337391648,177.73199999999986,TP,18
2023-03-20 08:15:00+00:00,2023-03-20 09:00:00+00:00,1,9.0,2003.6985274487188,1993.4505274487187,1993.4505274487187,2024.1945274487189,-92.86200000000042,SL,3
2023-03-20 09:00:00+00:00,2023-03-20 09:45:00+00:00,1,8.0,1996.3622045915286,1984.7642045915286,1984.7642045915286,2019.5582045915287,-93.34399999999965,SL,3
2023-03-20 09:45:00+00:00,2023-03-20 10:30:00+00:00,1,7.000000000000001,1990.040790266082,1977.290790266082,1977.290790266082,2015.540790266082,-89.74000000000001,SL,3
2023-03-20 11:00:00+00:00,2023-03-20 18:45:00+00:00,-1,7.000000000000001,1980.6000843423265,1982.7698698208233,1993.9100843423264,1953.9800843423263,-15.678498349477643,SIGNAL_REVERSE,31
2023-03-20 18:45:00+00:00,2023-03-21 06:30:00+00:00,1,11.0,1982.7746629688727,1974.5746629688726,1974.5746629688726,1999.1746629688728,-90.9700000000005,SL,47
2023-03-21 08:15:00+00:00,2023-03-21 13:45:00+00:00,-1,15.0,1965.5374370577829,1953.427437057783,1971.592437057783,1953.427437057783,180.5999999999985,TP,22
2023-03-21 13:45:00+00:00,2023-03-21 16:30:00+00:00,-1,13.0,1955.7100302043953,1941.5220302043952,1962.8040302043953,1941.5220302043952,183.53400000000133,TP,11
2023-03-21 16:30:00+00:00,2023-03-22 05:00:00+00:00,-1,9.0,1943.3202077738708,1939.325264791013,1953.1752077738709,1923.610207773871,35.32448684571988,TIME,50
2023-03-22 09:30:00+00:00,2023-03-22 12:45:00+00:00,1,17.0,1943.1544250926333,1937.6864250926333,1937.6864250926333,1954.0904250926335,-94.14600000000127,SL,13
2023-03-29 20:45:00+00:00,2023-03-30 01:30:00+00:00,-1,24.0,1963.541808260282,1955.693808260282,1967.465808260282,1955.693808260282,186.6720000000044,TP,19
2023-03-30 08:15:00+00:00,2023-03-30 12:15:00+00:00,1,22.0,1965.437559390819,1974.1515593908186,1961.080559390819,1974.1515593908186,190.16799999999373,TP,16
2023-03-30 12:15:00+00:00,2023-03-30 13:15:00+00:00,1,23.0,1969.754994089254,1965.5659940892542,1965.5659940892542,1978.1329940892538,-97.95699999999657,SL,4
2023-03-30 16:00:00+00:00,2023-03-31 04:30:00+00:00,1,14.000000000000002,1974.872186896715,1980.3145263622669,1967.829186896715,1988.9581868967148,75.21275251772616,TIME,50
2023-03-31 08:15:00+00:00,2023-03-31 11:00:00+00:00,-1,24.0,1977.4143811452298,1981.5083811452298,1981.5083811452298,1969.2263811452297,-99.93600000000123,SL,11
2023-03-31 17:30:00+00:00,2023-04-03 02:45:00+00:00,-1,14.000000000000002,1968.8447449843602,1955.5147449843603,1975.5097449843602,1955.5147449843603,185.63999999999902,TP,37
2023-04-03 08:15:00+00:00,2023-04-03 11:00:00+00:00,1,23.0,1964.3009961889952,1972.8949961889953,1960.0039961889952,1972.8949961889953,196.05200000000116,TP,11
2023-04-03 11:00:00+00:00,2023-04-03 14:00:00+00:00,1,21.0,1972.4857156450007,1981.9897156450008,1967.7337156450008,1981.9897156450008,198.1140000000028,TP,12
2023-04-03 14:00:00+00:00,2023-04-04 02:30:00+00:00,1,15.0,1979.4043338835686,1979.8856309345997,1972.6363338835686,1992.9403338835687,6.169455765466592,TIME,50
2023-04-04 08:15:00+00:00,2023-04-04 11:15:00+00:00,1,26.0,1983.3104605406675,1979.3994605406674,1979.3994605406674,1991.1324605406674,-103.5060000000015,SL,12
2023-04-04 13:30:00+00:00,2023-04-04 14:00:00+00:00,1,20.0,1987.321166389314,1997.349166389314,1982.3071663893138,1997.349166389314,199.1600000000004,TP,2
2023-04-04 14:00:00+00:00,2023-04-04 14:15:00+00:00,1,14.000000000000002,1992.4779189440153,2006.8979189440154,1985.2679189440153,2006.8979189440154,200.90000000000106,TP,1
2023-04-04 14:30:00+00:00,2023-04-05 03:00:00+00:00,1,12.0,2021.755639725424,2023.867625395548,2013.517639725424,2038.2316397254242,24.50382804148663,TIME,50
2023-04-05 08:15:00+00:00,2023-04-05 09:15:00+00:00,1,30.0,2025.5460178598876,2022.0540178598876,2022.0540178598876,2032.5300178598877,-106.85999999999885,SL,4
2023-04-05 11:15:00+00:00,2023-04-05 12:15:00+00:00,-1,23.0,2022.3441444235896,2026.7581444235896,2026.7581444235896,2013.5161444235896,-103.1319999999997,SL,4
2023-04-05 12:45:00+00:00,2023-04-05 13:15:00+00:00,1,22.0,2029.9681122310922,2025.3441122310921,2025.3441122310921,2039.2161122310922,-103.26800000000053,SL,2
2023-04-05 13:15:00+00:00,2023-04-05 13:30:00+00:00,1,20.0,2031.8751246565985,2026.6841246565984,2026.6841246565984,2042.2571246565985,-105.22000000000062,SL,1
2023-04-05 13:30:00+00:00,2023-04-05 13:45:00+00:00,1,19.0,2026.4693403561578,2021.0953403561577,2021.0953403561577,2037.2173403561578,-103.43600000000045,SL,1
2023-04-05 13:45:00+00:00,2023-04-05 14:00:00+00:00,1,17.0,2025.992076809101,2020.207076809101,2020.207076809101,2037.562076809101,-99.53500000000139,SL,1
2023-04-05 15:00:00+00:00,2023-04-06 03:30:00+00:00,-1,11.0,2018.7369865106857,2011.821043073038,2027.8989865106857,2000.4129865106856,75.30537781412453,TIME,50
2023-04-06 08:15:00+00:00,2023-04-06 12:45:00+00:00,1,26.0,2015.7534687420311,2011.8484687420312,2011.8484687420312,2023.563468742031,-103.34999999999928,SL,18
2023-04-06 13:15:00+00:00,2023-04-06 16:15:00+00:00,-1,21.0,2009.5009349779623,2014.2799349779623,2014.2799349779623,1999.9429349779623,-101.82899999999992,SL,12
2023-04-06 16:15:00+00:00,2023-04-09 22:00:00+00:00,-1,13.0,2013.0065122791493,1997.9885122791495,2020.5155122791493,1997.9885122791495,194.32399999999743,TP,23
2023-04-10 08:15:00+00:00,2023-04-10 12:45:00+00:00,1,30.0,1997.840064733105,1994.449064733105,1994.449064733105,2004.622064733105,-103.83000000000229,SL,18
2023-04-10 12:45:00+00:00,2023-04-10 13:00:00+00:00,1,21.0,1998.79723036128,1993.98823036128,1993.98823036128,2008.4152303612798,-102.45899999999935,SL,1
2023-04-10 13:15:00+00:00,2023-04-10 20:00:00+00:00,-1,18.0,1991.0755585435331,1991.5077497087384,1996.425558543533,1980.3755585435333,-9.039440973694818,SIGNAL_REVERSE,27
2023-04-10 20:00:00+00:00,2023-04-11 02:30:00+00:00,1,31.0,1991.505262014842,1997.775262014842,1988.370262014842,1997.775262014842,192.19999999999945,TP,26
2023-04-11 08:15:00+00:00,2023-04-11 11:30:00+00:00,1,26.0,2003.2674267404298,1999.4524267404297,1999.4524267404297,2010.8974267404299,-101.01000000000141,SL,13
2023-04-11 13:00:00+00:00,2023-04-11 14:00:00+00:00,-1,23.0,1998.601333124387,2002.953333124387,2002.953333124387,1989.8973331243872,-101.70599999999682,SL,4
2023-04-11 14:00:00+00:00,2023-04-11 15:15:00+00:00,-1,21.0,2001.3114865031669,2006.0514865031669,2006.0514865031669,1991.8314865031668,-101.01000000000019,SL,5
2023-04-11 16:15:00+00:00,2023-04-12 02:00:00+00:00,1,19.0,2005.2002466750946,2015.2742466750947,2000.1632466750946,2015.2742466750947,190.0760000000013,TP,39
2023-04-12 08:15:00+00:00,2023-04-12 12:30:00+00:00,-1,25.0,2011.6161687311796,2015.5381687311797,2015.5381687311797,2003.7721687311798,-99.80000000000064,SL,17
2023-04-12 12:30:00+00:00,2023-04-12 12:45:00+00:00,-1,17.0,2007.3220766177287,2013.0340766177287,2013.0340766177287,1995.8980766177287,-98.29399999999981,SL,1
2023-04-12 13:00:00+00:00,2023-04-12 13:30:00+00:00,1,15.0,2022.5102077060797,2016.0022077060796,2016.0022077060796,2035.5262077060797,-98.67000000000057,SL,2
2023-04-12 13:30:00+00:00,2023-04-12 13:45:00+00:00,1,12.0,2018.278401389537,2010.377401389537,2010.377401389537,2034.080401389537,-95.65200000000081,SL,1
2023-04-12 19:00:00+00:00,2023-04-13 07:30:00+00:00,1,16.0,2015.7732177305938,2022.743423984867,2009.826217730594,2027.6672177305938,110.40330006836928,TIME,50
2023-04-13 08:15:00+00:00,2023-04-13 12:30:00+00:00,1,24.0,2025.9860351026832,2033.8960351026833,2022.0310351026833,2033.8960351026833,188.16000000000196,TP,17
2023-04-13 12:30:00+00:00,2023-04-13 12:45:00+00:00,1,21.0,2028.7200299525325,2038.0100299525325,2024.0750299525325,2038.0100299525325,193.61999999999924,TP,1
2023-04-13 12:45:00+00:00,2023-04-13 14:00:00+00:00,1,18.0,2037.3217188758576,2047.9717188758577,2031.9967188758576,2047.9717188758577,190.44000000000165,TP,5
2023-04-13 14:00:00+00:00,2023-04-13 14:30:00+00:00,1,14.000000000000002,2046.4729552520112,2039.6629552520112,2039.6629552520112,2060.092955252011,-96.31999999999925,SL,2
2023-04-13 14:30:00+00:00,2023-04-13 14:45:00+00:00,1,13.0,2042.120896248529,2034.5048962485291,2034.5048962485291,2057.352896248529,-99.91799999999981,SL,1
2023-04-13 14:45:00+00:00,2023-04-14 03:15:00+00:00,1,13.0,2036.4827384976134,2044.5410728994143,2028.6927384976134,2052.0627384976133,103.84834722341233,TIME,50
2023-04-14 08:15:00+00:00,2023-04-14 10:00:00+00:00,-1,21.0,2034.0746713232973,2038.7546713232973,2038.7546713232973,2024.7146713232974,-99.75000000000134,SL,7
2023-04-14 10:00:00+00:00,2023-04-14 12:30:00+00:00,-1,19.0,2038.6538390069209,2028.331839006921,2043.814839006921,2028.331839006921,194.78799999999788,TP,10
2023-04-14 13:00:00+00:00,2023-04-14 14:15:00+00:00,-1,13.0,2024.4346127739877,2009.3806127739877,2031.9616127739878,2009.3806127739877,194.79200000000114,TP,5
2023-04-14 14:15:00+00:00,2023-04-14 15:00:00+00:00,-1,10.0,2016.4017105634953,1996.7537105634951,2026.2257105634953,1996.7537105634951,195.7800000000014,TP,3
2023-04-14 15:00:00+00:00,2023-04-14 20:30:00+00:00,-1,9.0,1998.5900450865872,2004.2885631748366,2009.5010450865873,1976.768045086587,-51.91666279424397,SIGNAL_REVERSE,22
2023-04-14 20:30:00+00:00,2023-04-16 22:00:00+00:00,1,23.0,2004.2906059947506,1999.7486059947505,1999.7486059947505,2013.3746059947507,-106.0760000000033,SL,6
2023-04-17 08:15:00+00:00,2023-04-17 10:00:00+00:00,1,22.0,2012.419806091485,2007.795806091485,2007.795806091485,2021.667806091485,-103.26800000000053,SL,7
2023-04-17 10:00:00+00:00,2023-04-17 11:00:00+00:00,1,20.0,2010.3617794280187,2005.1467794280188,2005.1467794280188,2020.7917794280188,-105.69999999999837,SL,4
2023-04-17 12:45:00+00:00,2023-04-17 14:30:00+00:00,-1,20.0,1999.4783303783643,1989.2263303783643,2004.6043303783642,1989.2263303783643,203.63999999999905,TP,7
2023-04-17 14:30:00+00:00,2023-04-17 19:45:00+00:00,-1,15.0,1990.7618193585288,1995.8284621445537,1997.6228193585287,1977.0398193585288,-77.04964179037329,SIGNAL_REVERSE,21
2023-04-17 19:45:00+00:00,2023-04-18 08:15:00+00:00,1,22.0,1995.8308514782163,2004.3790356753211,1991.1368514782164,2005.2188514782163,186.52005233630504,TIME,50
2023-04-18 08:15:00+00:00,2023-04-18 09:15:00+00:00,1,25.0,2004.4181469991365,2000.3691469991365,2000.3691469991365,2012.5161469991365,-102.97499999999945,SL,4
2023-04-18 09:15:00+00:00,2023-04-18 09:45:00+00:00,1,24.0,2003.468303178858,1999.0853031788579,1999.0853031788579,2012.234303178858,-106.87200000000092,SL,2
2023-04-18 10:45:00+00:00,2023-04-18 13:00:00+00:00,1,23.0,2004.1419404501319,1999.657940450132,1999.657940450132,2013.109940450132,-104.74199999999824,SL,9
2023-04-18 13:45:00+00:00,2023-04-18 14:00:00+00:00,-1,18.0,1994.4785258917711,1999.9645258917712,1999.9645258917712,1983.5065258917712,-100.00800000000187,SL,1
2023-04-18 14:00:00+00:00,2023-04-18 14:15:00+00:00,-1,15.0,1999.2636494919532,2005.7636494919532,2005.7636494919532,1986.2636494919532,-98.55,SL,1
2023-04-18 15:00:00+00:00,2023-04-18 20:15:00+00:00,1,15.0,2009.1394104187968,2004.7160729392128,2002.636410418797,2022.145410418797,-67.40006219376009,SIGNAL_REVERSE,21
2023-04-18 20:15:00+00:00,2023-04-19 01:00:00+00:00,-1,32.0,2004.724636943239,2007.885636943239,2007.885636943239,1998.402636943239,-103.39200000000186,SL,19
2023-04-19 08:15:00+00:00,2023-04-19 10:15:00+00:00,-1,16.0,1984.486448360535,1972.436448360535,1990.511448360535,1972.436448360535,191.67999999999927,TP,8
2023-04-19 10:15:00+00:00,2023-04-19 13:00:00+00:00,-1,11.0,1973.6533682184293,1982.0603682184292,1982.0603682184292,1956.8393682184292,-93.24699999999918,SL,11
2023-04-19 13:00:00+00:00,2023-04-19 13:30:00+00:00,-1,14.000000000000002,1980.319927513675,1987.1719275136752,1987.1719275136752,1966.6159275136752,-96.90800000000127,SL,2
2023-04-19 14:00:00+00:00,2023-04-20 02:30:00+00:00,1,14.000000000000002,1990.6892433642895,1992.7948987066263,1983.5522433642896,2004.9632433642896,28.499174792715642,TIME,50
2023-04-20 08:15:00+00:00,2023-04-20 09:00:00+00:00,1,25.0,1997.8641539693708,1993.8671539693707,1993.8671539693707,2005.8581539693707,-101.67500000000177,SL,3
2023-04-20 09:00:00+00:00,2023-04-20 12:30:00+00:00,1,22.0,1996.6195492522734,2005.4595492522735,1992.1995492522733,2005.4595492522735,192.9400000000032,TP,14
2023-04-20 12:30:00+00:00,2023-04-20 14:00:00+00:00,1,15.0,1999.0345426827678,2011.7065426827678,1992.6985426827678,2011.7065426827678,189.03000000000037,TP,6
2023-04-20 14:00:00+00:00,2023-04-21 02:30:00+00:00,1,13.0,2003.5878674390099,2001.856337242266,1996.1888674390098,2018.3858674390099,-23.419892557671492,TIME,50
2023-05-05 19:15:00+00:00,2023-05-08 07:45:00+00:00,1,19.0,2017.6742238957402,2021.309431675836,2012.54322389574,2027.93622389574,67.73894782182258,TIME,50
2023-05-08 11:15:00+00:00,2023-05-08 13:30:00+00:00,1,32.0,2023.4070267778789,2020.2580267778787,2020.2580267778787,2029.7050267778789,-103.00800000000366,SL,9
2023-05-08 15:45:00+00:00,2023-05-08 17:45:00+00:00,1,18.0,2028.601852474321,2023.172852474321,2023.172852474321,2039.459852474321,-98.98200000000158,SL,8
2023-05-08 19:00:00+00:00,2023-05-09 04:15:00+00:00,-1,24.0,2021.5095102193345,2025.6885102193346,2025.6885102193346,2013.1515102193346,-101.9760000000021,SL,37
2023-05-09 10:00:00+00:00,2023-05-09 13:00:00+00:00,1,25.0,2028.2044452966586,2024.3004452966586,2024.3004452966586,2036.0124452966586,-99.34999999999991,SL,12
2023-05-09 13:00:00+00:00,2023-05-09 15:15:00+00:00,1,24.0,2027.0593927206182,2025.7923148635234,2022.9813927206183,2035.2153927206182,-32.08986857027565,SIGNAL_REVERSE,9
2023-05-09 15:15:00+00:00,2023-05-09 16:00:00+00:00,-1,22.0,2025.7936171299848,2030.2906171299849,2030.2906171299849,2016.7996171299849,-100.47400000000157,SL,3
2023-05-09 16:00:00+00:00,2023-05-09 16:15:00+00:00,-1,20.0,2027.028013664313,2031.831013664313,2031.831013664313,2017.422013664313,-97.46000000000222,SL,1
2023-05-09 17:30:00+00:00,2023-05-10 04:45:00+00:00,1,19.0,2035.3447410961899,2030.2207410961898,2030.2207410961898,2045.59274109619,-98.68600000000045,SL,45
2023-05-10 08:30:00+00:00,2023-05-10 10:30:00+00:00,-1,28.000000000000004,2028.1947165622942,2031.6467165622942,2031.6467165622942,2021.2907165622942,-98.61599999999996,SL,8
2023-05-10 13:00:00+00:00,2023-05-10 13:15:00+00:00,1,14.000000000000002,2045.7624044535478,2039.1384044535478,2039.1384044535478,2059.010404453548,-93.71600000000035,SL,1
2023-05-10 13:15:00+00:00,2023-05-10 14:30:00+00:00,1,13.0,2038.2642693036257,2031.3592693036258,2031.3592693036258,2052.0742693036254,-90.67499999999964,SL,5
2023-05-10 14:30:00+00:00,2023-05-10 15:00:00+00:00,1,11.0,2034.3157478153423,2025.8577478153425,2025.8577478153425,2051.2317478153423,-93.80799999999842,SL,2
2023-05-10 15:30:00+00:00,2023-05-10 18:45:00+00:00,-1,9.0,2023.913898299549,2033.4948982995488,2033.4948982995488,2004.751898299549,-86.85899999999913,SL,13
2023-05-10 20:15:00+00:00,2023-05-11 06:45:00+00:00,1,24.0,2030.9719195709847,2027.2099195709848,2027.2099195709848,2038.4959195709848,-91.96799999999865,SL,42
2023-05-11 08:15:00+00:00,2023-05-11 10:00:00+00:00,-1,23.0,2024.2685203662409,2028.2515203662408,2028.2515203662408,2016.302520366241,-93.21899999999879,SL,7
2023-05-11 10:00:00+00:00,2023-05-11 11:00:00+00:00,-1,17.0,2026.7843117258467,2032.0213117258468,2032.0213117258468,2016.3103117258468,-90.21900000000136,SL,4
2023-05-11 11:30:00+00:00,2023-05-11 12:15:00+00:00,1,15.0,2036.6833442275217,2030.6943442275217,2030.6943442275217,2048.6613442275216,-90.88500000000049,SL,3
2023-05-11 12:15:00+00:00,2023-05-11 13:15:00+00:00,1,15.0,2036.3302342384784,2030.2582342384785,2030.2582342384785,2048.4742342384784,-92.12999999999833,SL,4
2023-05-11 13:15:00+00:00,2023-05-11 13:30:00+00:00,1,12.0,2032.8440719737334,2025.3050719737334,2025.3050719737334,2047.9220719737334,-91.30799999999985,SL,1
2023-05-11 13:30:00+00:00,2023-05-11 13:45:00+00:00,1,11.0,2028.08377990881,2020.08177990881,2020.08177990881,2044.0877799088098,-88.79199999999948,SL,1
2023-05-12 08:15:00+00:00,2023-05-12 12:30:00+00:00,-1,22.0,2008.1268749223095,2012.0518749223095,2012.0518749223095,2000.2768749223096,-87.889999999999,SL,17
2023-05-12 13:00:00+00:00,2023-05-12 20:45:00+00:00,1,14.000000000000002,2014.0301589889625,2011.0124828935823,2007.9541589889625,2026.1821589889626,-43.227465335323345,SIGNAL_REVERSE,31
2023-05-12 20:45:00+00:00,2023-05-15 01:00:00+00:00,-1,28.000000000000004,2011.0099402449607,2014.1129402449608,2014.1129402449608,2004.8039402449606,-88.84400000000184,SL,17
2023-05-15 08:15:00+00:00,2023-05-15 09:00:00+00:00,1,26.0,2019.296008113778,2016.001008113778,2016.001008113778,2025.886008113778,-87.49000000000188,SL,3
2023-05-15 09:00:00+00:00,2023-05-15 11:00:00+00:00,1,23.0,2017.3715884614846,2013.6125884614846,2013.6125884614846,2024.8895884614847,-88.06700000000033,SL,8
2023-05-15 11:15:00+00:00,2023-05-15 12:30:00+00:00,-1,24.0,2014.4636602278076,2017.9436602278076,2017.9436602278076,2007.5036602278076,-85.20000000000044,SL,5
2023-05-15 12:30:00+00:00,2023-05-15 12:45:00+00:00,-1,20.0,2013.5798882703748,2017.6828882703749,2017.6828882703749,2005.3738882703747,-83.46000000000132,SL,1
2023-05-15 14:15:00+00:00,2023-05-15 14:45:00+00:00,1,16.0,2019.6155438197418,2014.4475438197417,2014.4475438197417,2029.951543819742,-83.80800000000193,SL,2
2023-05-15 16:30:00+00:00,2023-05-15 19:45:00+00:00,1,15.0,2018.6179951249028,2014.9626791953933,2013.3509951249027,2029.151995124903,-55.87973894264205,SIGNAL_REVERSE,13
2023-05-15 19:45:00+00:00,2023-05-16 01:15:00+00:00,-1,27.0,2014.9587996845728,2018.0217996845727,2018.0217996845727,2008.8327996845728,-84.59099999999661,SL,22
2023-05-16 08:15:00+00:00,2023-05-16 12:15:00+00:00,-1,21.0,2010.2771321328796,2002.5091321328798,2014.1611321328796,2002.5091321328798,161.65799999999584,TP,16
2023-05-16 12:15:00+00:00,2023-05-16 12:30:00+00:00,-1,25.0,2004.4444269704545,2007.6634269704546,2007.6634269704546,1998.0064269704546,-82.22500000000127,SL,1
2023-05-16 12:30:00+00:00,2023-05-16 12:45:00+00:00,-1,19.0,2009.4564971631485,2013.7564971631484,2013.7564971631484,2000.8564971631486,-83.02999999999913,SL,1
2023-05-16 15:00:00+00:00,2023-05-16 16:45:00+00:00,-1,12.0,2003.2363923230503,1989.4923923230504,2010.1083923230503,1989.4923923230504,164.08799999999897,TP,7
2023-05-16 16:45:00+00:00,2023-05-17 05:15:00+00:00,-1,9.0,1989.581577309257,1991.3815900406596,1997.947577309257,1972.849577309257,-16.830114582623427,TIME,50
2023-05-17 08:15:00+00:00,2023-05-17 13:30:00+00:00,-1,28.000000000000004,1987.710973869683,1981.748973869683,1990.691973869683,1981.748973869683,164.97599999999971,TP,21
2023-05-17 13:45:00+00:00,2023-05-18 02:00:00+00:00,-1,17.0,1980.8434580911778,1985.733458091178,1985.733458091178,1971.0634580911778,-84.3200000000017,SL,49
2023-05-18 08:15:00+00:00,2023-05-18 09:30:00+00:00,-1,22.0,1973.4197133758144,1977.2657133758144,1977.2657133758144,1965.7277133758143,-86.15200000000009,SL,5
2023-05-18 09:30:00+00:00,2023-05-18 12:30:00+00:00,-1,20.0,1975.634136403255,1967.332136403255,1979.7851364032551,1967.332136403255,164.6400000000027,TP,12
2023-05-18 12:30:00+00:00,2023-05-18 13:00:00+00:00,-1,18.0,1974.3562152784461,1965.216215278446,1978.9262152784463,1965.216215278446,163.2600000000018,TP,2
2023-05-18 13:00:00+00:00,2023-05-18 13:30:00+00:00,-1,17.0,1967.0057571024058,1957.3297571024057,1971.8437571024058,1957.3297571024057,163.3020000000027,TP,2
2023-05-18 13:30:00+00:00,2023-05-19 02:00:00+00:00,-1,16.0,1959.9467838686298,1957.0706252812076,1965.19278386863,1949.4547838686296,44.898537398755145,TIME,50
2023-05-19 08:15:00+00:00,2023-05-19 12:30:00+00:00,1,22.0,1966.0505759859113,1962.1695759859113,1962.1695759859113,1973.8125759859113,-86.92200000000189,SL,17
2023-05-19 12:45:00+00:00,2023-05-19 15:00:00+00:00,-1,21.0,1962.115153926234,1966.1161539262341,1966.1161539262341,1954.1131539262337,-85.49100000000428,SL,9
2023-05-19 15:00:00+00:00,2023-05-19 15:15:00+00:00,-1,15.0,1958.4725209831015,1964.0575209831015,1964.0575209831015,1947.3025209831014,-84.82500000000054,SL,1
2023-05-19 15:45:00+00:00,2023-05-22 04:15:00+00:00,1,11.0,1978.9457594836592,1978.359380590764,1971.450759483659,1993.9357594836592,-7.220167821847799,TIME,50
2023-06-12 21:15:00+00:00,2023-06-13 04:00:00+00:00,1,32.0,1956.878287855978,1962.092287855978,1954.271287855978,1962.092287855978,164.60799999999813,TP,27
2023-06-13 08:15:00+00:00,2023-06-13 12:15:00+00:00,1,28.000000000000004,1962.748223387728,1959.723223387728,1959.723223387728,1968.798223387728,-86.66000000000255,SL,16
2023-06-13 14:00:00+00:00,2023-06-14 02:30:00+00:00,-1,11.0,1954.084929146458,1947.8209623940954,1961.685929146458,1938.882929146458,68.13363427598914,TIME,50
2023-06-14 08:30:00+00:00,2023-06-14 11:00:00+00:00,1,25.0,1950.8076403370228,1947.3816403370229,1947.3816403370229,1957.659640337023,-87.39999999999827,SL,10
2023-06-14 12:00:00+00:00,2023-06-14 12:30:00+00:00,-1,26.0,1946.953121414518,1950.249121414518,1950.249121414518,1940.3611214145178,-87.51600000000127,SL,2
2023-06-14 13:00:00+00:00,2023-06-14 18:00:00+00:00,1,18.0,1956.925404319314,1952.358404319314,1952.358404319314,1966.0594043193141,-83.46600000000014,SL,20
2023-06-14 18:30:00+00:00,2023-06-14 18:45:00+00:00,-1,14.000000000000002,1944.6313563842352,1950.4603563842352,1950.4603563842352,1932.9733563842353,-82.58599999999933,SL,1
2023-06-14 18:45:00+00:00,2023-06-15 00:45:00+00:00,-1,13.0,1949.116210311276,1936.8522103112762,1955.2482103112761,1936.8522103112762,158.52199999999866,TP,24
2023-06-15 08:45:00+00:00,2023-06-15 10:00:00+00:00,-1,17.0,1931.591633291924,1936.554633291924,1936.554633291924,1921.6656332919238,-85.56099999999941,SL,5
2023-06-15 12:00:00+00:00,2023-06-15 12:30:00+00:00,-1,18.0,1928.4282092578987,1933.0812092578988,1933.0812092578988,1919.1222092578987,-85.01400000000037,SL,2
2023-06-15 12:30:00+00:00,2023-06-15 12:45:00+00:00,-1,15.0,1927.0274345303658,1932.4414345303658,1932.4414345303658,1916.1994345303658,-82.2599999999998,SL,1
2023-06-15 12:45:00+00:00,2023-06-15 13:00:00+00:00,-1,14.000000000000002,1931.7017189919081,1937.328718991908,1937.328718991908,1920.447718991908,-79.75799999999936,SL,1
2023-06-15 13:45:00+00:00,2023-06-16 01:30:00+00:00,1,11.0,1945.7132164073503,1960.2232164073503,1938.4582164073502,1960.2232164073503,158.8399999999999,TP,47
2023-06-16 08:15:00+00:00,2023-06-16 13:30:00+00:00,1,22.0,1961.7719187965968,1957.9869187965967,1957.9869187965967,1969.3419187965967,-84.8100000000018,SL,21
2023-06-16 14:30:00+00:00,2023-06-16 14:45:00+00:00,-1,13.0,1954.3294075777128,1960.477407577713,1960.477407577713,1942.0334075777128,-80.8340000000018,SL,1
2023-06-16 14:45:00+00:00,2023-06-19 03:15:00+00:00,-1,12.0,1958.1649900753594,1955.2853509076592,1964.6789900753595,1945.1369900753593,33.7156700124016,TIME,50
2023-06-19 10:00:00+00:00,2023-06-19 22:15:00+00:00,-1,25.0,1950.265091341559,1953.5210913415588,1953.5210913415588,1943.753091341559,-83.14999999999645,SL,39
2023-06-20 08:15:00+00:00,2023-06-20 10:30:00+00:00,1,23.0,1953.9628228392353,1950.4658228392354,1950.4658228392354,1960.9568228392352,-82.0409999999964,SL,9
2023-06-20 13:00:00+00:00,2023-06-20 13:30:00+00:00,-1,19.0,1944.565624347412,1936.3116243474121,1948.692624347412,1936.3116243474121,155.4959999999982,TP,2
2023-06-20 13:30:00+00:00,2023-06-21 02:00:00+00:00,-1,16.0,1938.5159769679508,1936.3952044298317,1943.5299769679507,1928.4879769679508,32.81236060990603,TIME,50
2023-06-21 08:15:00+00:00,2023-06-21 12:15:00+00:00,-1,24.0,1934.527081527102,1927.715081527102,1937.9330815271019,1927.715081527102,161.80799999999755,TP,16
2023-06-21 12:45:00+00:00,2023-06-21 13:30:00+00:00,-1,18.0,1928.99048854256,1919.75248854256,1933.6094885425598,1919.75248854256,165.02399999999693,TP,3
2023-06-21 13:30:00+00:00,2023-06-21 17:45:00+00:00,-1,13.0,1929.3071044179599,1935.4141044179598,1935.4141044179598,1917.09310441796,-80.30099999999962,SL,17
2023-06-21 18:00:00+00:00,2023-06-22 06:30:00+00:00,1,12.0,1934.1650671578418,1929.942118006988,1927.5610671578418,1947.373067157842,-51.51538981024518,TIME,50
2023-06-22 08:15:00+00:00,2023-06-22 12:15:00+00:00,-1,23.0,1930.807486762242,1923.643486762242,1934.3894867622419,1923.643486762242,163.1619999999997,TP,16
2023-06-22 12:30:00+00:00,2023-06-22 14:15:00+00:00,-1,18.0,1926.217069792114,1916.753069792114,1930.949069792114,1916.753069792114,169.09199999999896,TP,7
2023-06-22 14:15:00+00:00,2023-06-23 02:45:00+00:00,-1,14.000000000000002,1919.7188028539877,1911.8680125618944,1925.7298028539876,1907.6968028539877,108.93106408930592,TIME,50
2023-06-23 08:15:00+00:00,2023-06-23 12:45:00+00:00,1,24.0,1918.118103625913,1925.264103625913,1914.5451036259128,1925.264103625913,169.82400000000445,TP,18
2023-06-23 12:45:00+00:00,2023-06-23 13:00:00+00:00,1,20.0,1923.0346676396366,1931.6306676396366,1918.7366676396366,1931.6306676396366,170.52000000000007,TP,1
2023-06-23 13:00:00+00:00,2023-06-23 14:30:00+00:00,1,20.0,1929.0593921217924,1924.5923921217923,1924.5923921217923,1937.9933921217923,-90.74000000000197,SL,6
2023-06-23 14:30:00+00:00,2023-06-23 15:15:00+00:00,1,16.0,1928.9494712555027,1923.2874712555026,1923.2874712555026,1940.2734712555025,-91.71200000000056,SL,3
2023-06-23 15:15:00+00:00,2023-06-23 17:00:00+00:00,1,14.000000000000002,1924.0405233275026,1918.7309049766313,1917.8595233275028,1936.4025233275024,-75.31465691219728,SIGNAL_REVERSE,7
2023-06-23 17:00:00+00:00,2023-06-25 23:45:00+00:00,-1,13.0,1918.7294732843538,1925.3684732843537,1925.3684732843537,1905.451473284354,-87.21699999999865,SL,27
2023-06-26 08:15:00+00:00,2023-06-26 13:30:00+00:00,1,26.0,1930.1593233542278,1926.8593233542279,1926.8593233542279,1936.7593233542277,-87.61999999999881,SL,21
2023-06-26 14:00:00+00:00,2023-06-26 15:15:00+00:00,-1,24.0,1924.706732850804,1928.342732850804,1928.342732850804,1917.434732850804,-88.94399999999922,SL,5
2023-06-26 15:15:00+00:00,2023-06-27 01:45:00+00:00,-1,21.0,1925.805909489802,1929.853909489802,1929.853909489802,1917.709909489802,-86.47800000000004,SL,42
2023-06-27 08:30:00+00:00,2023-06-27 12:15:00+00:00,-1,28.000000000000004,1925.2756788974018,1928.3096788974017,1928.3096788974017,1919.2076788974018,-86.9119999999966,SL,15
2023-06-27 12:15:00+00:00,2023-06-27 12:30:00+00:00,-1,25.0,1926.0993570379414,1929.4743570379414,1929.4743570379414,1919.3493570379414,-86.125,SL,1
2023-06-27 13:45:00+00:00,2023-06-27 14:00:00+00:00,1,17.0,1928.7594214855746,1923.8924214855747,1923.8924214855747,1938.4934214855746,-83.92899999999935,SL,1
2023-06-27 14:30:00+00:00,2023-06-28 03:00:00+00:00,-1,13.0,1918.0379475994118,1915.073383235913,1924.303947599412,1905.505947599412,37.62933672548397,TIME,50
2023-06-28 08:15:00+00:00,2023-06-28 13:45:00+00:00,-1,28.000000000000004,1909.5093701775793,1903.4773701775794,1912.5253701775794,1903.4773701775794,166.93599999999793,TP,22
2023-06-28 15:45:00+00:00,2023-06-28 20:45:00+00:00,1,14.000000000000002,1912.2319998102184,1907.9775027064927,1906.4479998102186,1923.7999998102182,-60.54295945216016,SIGNAL_REVERSE,20
2023-06-28 20:45:00+00:00,2023-06-28 23:15:00+00:00,-1,33.0,1907.9782360622328,1910.5172360622328,1910.5172360622328,1902.9002360622328,-86.09699999999958,SL,10
2023-06-29 10:45:00+00:00,2023-06-29 12:30:00+00:00,1,23.0,1908.6124613355573,1904.9634613355572,1904.9634613355572,1915.9104613355573,-85.53700000000264,SL,7
2023-06-29 12:30:00+00:00,2023-06-29 12:45:00+00:00,1,19.0,1911.0370864533256,1906.6830864533256,1906.6830864533256,1919.7450864533257,-84.0560000000008,SL,1
2023-06-29 13:15:00+00:00,2023-06-29 14:00:00+00:00,-1,16.0,1895.0900162545295,1900.1390162545295,1900.1390162545295,1884.9920162545295,-81.90399999999966,SL,3
2023-06-29 14:00:00+00:00,2023-06-29 14:15:00+00:00,-1,12.0,1899.4991173144538,1906.1731173144537,1906.1731173144537,1886.1511173144538,-80.92799999999974,SL,1
2023-06-29 15:45:00+00:00,2023-06-30 04:15:00+00:00,1,10.0,1910.3850247793087,1908.0864403749117,1902.6670247793086,1925.8210247793086,-23.685844043969336,TIME,50
2023-06-30 08:15:00+00:00,2023-06-30 12:15:00+00:00,-1,27.0,1904.7688997549153,1907.7508997549153,1907.7508997549153,1898.8048997549151,-82.40399999999921,SL,16
2023-06-30 12:30:00+00:00,2023-06-30 13:15:00+00:00,1,21.0,1906.586291363317,1914.160291363317,1902.799291363317,1914.160291363317,157.58399999999668,TP,3
2023-06-30 13:15:00+00:00,2023-06-30 17:00:00+00:00,1,18.0,1912.423163570726,1921.017163570726,1908.126163570726,1921.017163570726,153.43200000000093,TP,15
2023-06-30 17:00:00+00:00,2023-07-03 05:30:00+00:00,1,12.0,1920.0421705696644,1919.3174170045652,1913.6221705696644,1932.8821705696646,-9.537042781191158,TIME,50
2023-07-03 08:15:00+00:00,2023-07-03 09:00:00+00:00,-1,25.0,1910.7410795753813,1914.0710795753812,1914.0710795753812,1904.0810795753814,-84.99999999999818,SL,3
2023-07-03 09:00:00+00:00,2023-07-03 12:30:00+00:00,-1,24.0,1911.976457974933,1915.334457974933,1915.334457974933,1905.2604579749332,-82.27199999999874,SL,14
2023-07-03 13:00:00+00:00,2023-07-03 14:00:00+00:00,1,21.0,1921.8791402758213,1929.4011402758215,1918.1181402758214,1929.4011402758215,156.4920000000034,TP,4
2023-07-03 14:00:00+00:00,2023-07-03 16:45:00+00:00,1,17.0,1926.5707050915296,1921.8457050915295,1921.8457050915295,1936.0207050915296,-81.51500000000232,SL,11
2023-07-03 16:45:00+00:00,2023-07-03 18:45:00+00:00,1,14.000000000000002,1922.1350064230369,1921.2085512688532,1916.1960064230368,1934.0130064230368,-13.950372158571993,SIGNAL_REVERSE,8
2023-07-03 18:45:00+00:00,2023-07-04 06:00:00+00:00,-1,21.0,1921.2078182420787,1925.0858182420786,1925.0858182420786,1913.4518182420788,-82.90799999999851,SL,45
2023-07-04 08:15:00+00:00,2023-07-04 16:15:00+00:00,1,36.0,1927.720671093655,1925.441671093655,1925.441671093655,1932.278671093655,-84.56399999999987,SL,32
2023-07-12 08:15:00+00:00,2023-07-12 12:30:00+00:00,-1,28.999999999999996,1934.3600344118295,1937.1580344118295,1937.1580344118295,1928.7640344118295,-83.17200000000004,SL,17
2023-07-12 13:00:00+00:00,2023-07-12 13:30:00+00:00,1,16.0,1943.2230993647372,1952.8590993647374,1938.4050993647372,1952.8590993647374,153.0560000000031,TP,2
2023-07-12 13:30:00+00:00,2023-07-13 02:00:00+00:00,1,14.000000000000002,1951.3318137271717,1959.5722192596027,1945.7418137271716,1962.5118137271718,114.38567745403319,TIME,50
2023-07-13 08:15:00+00:00,2023-07-13 11:30:00+00:00,1,21.0,1961.9645907333809,1958.0355907333808,1958.0355907333808,1969.822590733381,-83.97900000000183,SL,13
2023-07-13 12:45:00+00:00,2023-07-13 13:00:00+00:00,-1,19.0,1954.697927328058,1958.920927328058,1958.920927328058,1946.2519273280582,-81.56699999999917,SL,1
2023-07-13 13:00:00+00:00,2023-07-13 21:15:00+00:00,-1,18.0,1957.5551206107107,1960.3047126131628,1962.0351206107107,1948.5951206107106,-50.75265604413813,SIGNAL_REVERSE,33
2023-07-13 21:15:00+00:00,2023-07-14 05:30:00+00:00,1,41.0,1960.3041890972281,1958.317189097228,1958.317189097228,1964.278189097228,-84.33700000000329,SL,33
2023-07-14 08:15:00+00:00,2023-07-14 12:15:00+00:00,-1,25.0,1957.5474462845875,1960.7074462845876,1960.7074462845876,1951.2274462845876,-80.75000000000205,SL,16
2023-07-14 12:15:00+00:00,2023-07-14 12:30:00+00:00,1,24.0,1960.521094293685,1957.226094293685,1957.226094293685,1967.1110942936853,-80.76000000000175,SL,1
2023-07-14 12:30:00+00:00,2023-07-14 12:45:00+00:00,1,21.0,1961.246721706637,1957.514721706637,1957.514721706637,1968.7107217066368,-79.84199999999939,SL,1
2023-07-14 18:45:00+00:00,2023-07-14 19:30:00+00:00,1,17.0,1960.2204335141744,1955.6654335141743,1955.6654335141743,1969.3304335141743,-78.62500000000108,SL,3
2023-07-14 20:00:00+00:00,2023-07-17 08:30:00+00:00,-1,28.000000000000004,1954.3373462347759,1957.1093462347758,1957.1093462347758,1948.7933462347758,-79.57599999999817,SL,50
2023-07-17 08:45:00+00:00,2023-07-17 12:30:00+00:00,1,23.0,1955.540208571587,1952.173208571587,1952.173208571587,1962.2742085715868,-79.05099999999912,SL,15
2023-07-17 12:30:00+00:00,2023-07-17 12:45:00+00:00,1,18.0,1954.3036823912842,1950.1806823912843,1950.1806823912843,1962.549682391284,-75.47399999999676,SL,1
2023-07-17 13:15:00+00:00,2023-07-17 14:00:00+00:00,-1,17.0,1948.8139034410078,1953.2349034410079,1953.2349034410079,1939.971903441008,-76.34700000000083,SL,3
2023-07-17 14:00:00+00:00,2023-07-17 18:00:00+00:00,-1,14.000000000000002,1950.5411905965193,1955.8721905965192,1955.8721905965192,1939.8791905965193,-75.61399999999867,SL,16
2023-07-17 18:15:00+00:00,2023-07-18 06:45:00+00:00,1,18.0,1955.490059644186,1959.550676747041,1951.4000596441858,1963.670059644186,71.83110785139137,TIME,50
2023-07-18 08:15:00+00:00,2023-07-18 11:15:00+00:00,1,24.0,1962.0660858654783,1968.1260858654782,1959.0360858654783,1968.1260858654782,143.75999999999868,TP,12
2023-07-18 11:15:00+00:00,2023-07-18 13:15:00+00:00,1,20.0,1963.5865352829405,1971.0805352829407,1959.8395352829405,1971.0805352829407,148.48000000000283,TP,8
2023-07-18 13:15:00+00:00,2023-07-18 14:15:00+00:00,1,12.0,1969.3933761729286,1981.5793761729285,1963.3003761729285,1981.5793761729285,145.39199999999906,TP,4
2023-07-18 14:15:00+00:00,2023-07-19 02:45:00+00:00,1,9.0,1976.559843842592,1975.3045127757323,1968.349843842592,1992.9798438425921,-11.92797960173778,TIME,50
2023-07-19 08:15:00+00:00,2023-07-19 10:30:00+00:00,1,23.0,1978.6051649125898,1975.2791649125897,1975.2791649125897,1985.2571649125898,-78.1080000000005,SL,9
2023-07-19 11:30:00+00:00,2023-07-19 12:00:00+00:00,-1,23.0,1972.55026524598,1975.94626524598,1975.94626524598,1965.75826524598,-79.71799999999904,SL,2
2023-07-19 12:00:00+00:00,2023-07-19 12:15:00+00:00,-1,25.0,1973.7433562127405,1976.8183562127406,1976.8183562127406,1967.5933562127407,-78.62500000000114,SL,1
2023-07-19 12:15:00+00:00,2023-07-19 12:30:00+00:00,-1,22.0,1975.43794874054,1978.8169487405398,1978.8169487405398,1968.67994874054,-75.87799999999793,SL,1
2023-07-19 19:00:00+00:00,2023-07-20 02:00:00+00:00,1,18.0,1977.8129532346254,1986.1089532346255,1973.6649532346255,1986.1089532346255,148.0680000000009,TP,28
2023-07-20 08:15:00+00:00,2023-07-20 12:30:00+00:00,-1,21.0,1981.0927170329153,1974.0327170329153,1984.6227170329153,1974.0327170329153,146.78999999999886,TP,17
2023-07-20 12:45:00+00:00,2023-07-20 13:00:00+00:00,-1,18.0,1972.8790782305512,1977.045078230551,1977.045078230551,1964.547078230551,-76.24799999999892,SL,1
2023-07-20 13:00:00+00:00,2023-07-20 13:15:00+00:00,-1,18.0,1973.9234555535652,1978.2754555535653,1978.2754555535653,1965.2194555535652,-79.59600000000161,SL,1
2023-07-20 13:15:00+00:00,2023-07-20 14:30:00+00:00,-1,17.0,1977.411964173484,1968.6179641734839,1981.808964173484,1968.6179641734839,148.30800000000164,TP,5
2023-07-20 14:30:00+00:00,2023-07-21 03:00:00+00:00,-1,12.0,1971.756112045058,1970.8304409809148,1978.007112045058,1959.2541120450578,10.268052769718597,TIME,50
2023-07-21 08:15:00+00:00,2023-07-21 11:45:00+00:00,-1,26.0,1963.5561411130484,1966.4871411130484,1966.4871411130484,1957.6941411130483,-78.02600000000103,SL,14
2023-07-21 11:45:00+00:00,2023-07-21 15:00:00+00:00,-1,18.0,1965.262747521958,1956.790747521958,1969.498747521958,1956.790747521958,151.23599999999965,TP,13
2023-07-21 15:15:00+00:00,2023-07-24 03:45:00+00:00,-1,13.0,1960.7616997565674,1960.0597095213845,1966.4826997565674,1949.3196997565674,8.21587305737702,TIME,50
2023-07-24 08:15:00+00:00,2023-07-24 08:45:00+00:00,1,24.0,1962.869800800752,1959.631800800752,1959.631800800752,1969.3458008007522,-79.39200000000136,SL,2
2023-07-24 09:30:00+00:00,2023-07-24 13:30:00+00:00,1,20.0,1964.614976479672,1960.8079764796719,1960.8079764796719,1972.228976479672,-77.54000000000033,SL,16
2023-07-24 14:15:00+00:00,2023-07-25 02:45:00+00:00,-1,16.0,1961.3638555468103,1962.6835196503562,1966.0708555468102,1951.9498555468103,-22.234625656733552,TIME,50
2023-07-25 11:15:00+00:00,2023-07-25 11:45:00+00:00,-1,20.0,1954.6963631796057,1958.5713631796057,1958.5713631796057,1946.9463631796057,-78.9,SL,2
2023-07-25 11:45:00+00:00,2023-07-25 12:00:00+00:00,-1,18.0,1956.7194680136845,1961.0324680136846,1961.0324680136846,1948.0934680136845,-78.89400000000184,SL,1
2023-07-25 12:00:00+00:00,2023-07-25 14:00:00+00:00,-1,17.0,1960.7015596283172,1951.879559628317,1965.1125596283173,1951.879559628317,148.78400000000198,TP,8
2023-07-25 14:00:00+00:00,2023-07-25 15:00:00+00:00,-1,13.0,1956.3698077389572,1962.1548077389573,1962.1548077389573,1944.799807738957,-76.11500000000106,SL,4
2023-07-25 15:45:00+00:00,2023-07-26 04:15:00+00:00,1,11.0,1963.4779246770481,1964.0470089255155,1956.7759246770481,1976.8819246770481,5.489926733140674,TIME,50
2023-07-26 08:15:00+00:00,2023-07-26 13:15:00+00:00,1,28.000000000000004,1971.2699827915872,1968.5619827915873,1968.5619827915873,1976.685982791587,-77.78399999999598,SL,20
2023-07-26 13:45:00+00:00,2023-07-26 15:00:00+00:00,-1,21.0,1965.8157415782111,1969.4477415782112,1969.4477415782112,1958.5517415782112,-77.7420000000013,SL,5
2023-07-26 15:00:00+00:00,2023-07-26 15:15:00+00:00,-1,16.0,1968.9187730865565,1973.5697730865566,1973.5697730865566,1959.6167730865563,-75.53600000000108,SL,1
2023-07-26 15:15:00+00:00,2023-07-26 18:30:00+00:00,-1,15.0,1970.8698568066688,1975.779856806669,1975.779856806669,1961.0498568066687,-74.70000000000122,SL,13
2023-07-26 19:00:00+00:00,2023-07-26 22:00:00+00:00,1,11.0,1977.20211069354,1970.77411069354,1970.77411069354,1990.05811069354,-71.47799999999872,SL,12
2023-07-27 13:00:00+00:00,2023-07-27 13:30:00+00:00,-1,12.0,1959.9099606703558,1948.1639606703557,1965.7829606703558,1948.1639606703557,140.11200000000113,TP,2
2023-07-27 13:30:00+00:00,2023-07-28 02:00:00+00:00,-1,10.0,1956.3759549364959,1950.966844459609,1963.3609549364958,1942.405954936496,53.391104768867805,TIME,50
2023-07-28 08:30:00+00:00,2023-07-28 09:45:00+00:00,-1,17.0,1949.3352665131624,1953.6692665131625,1953.6692665131625,1940.667266513162,-74.86800000000102,SL,5
2023-07-28 11:30:00+00:00,2023-07-28 13:00:00+00:00,1,18.0,1957.3431219055185,1953.2631219055183,1953.2631219055183,1965.5031219055186,-74.70000000000279,SL,6
2023-07-28 13:00:00+00:00,2023-07-28 20:30:00+00:00,1,15.0,1955.4836073336187,1958.8701709216764,1950.5046073336187,1965.4416073336188,49.748453820865464,SIGNAL_REVERSE,30
2023-07-28 20:30:00+00:00,2023-07-31 03:45:00+00:00,-1,30.0,1958.8666279845065,1953.9526279845065,1961.3236279845064,1953.9526279845065,145.31999999999962,TP,29
2023-07-31 09:00:00+00:00,2023-07-31 09:30:00+00:00,-1,23.0,1953.501932259164,1956.695932259164,1956.695932259164,1947.113932259164,-75.07199999999908,SL,2
2023-07-31 10:30:00+00:00,2023-07-31 12:30:00+00:00,1,22.0,1957.1826194817859,1963.800619481786,1953.873619481786,1963.800619481786,144.05600000000365,TP,8
2023-07-31 12:30:00+00:00,2023-07-31 13:45:00+00:00,1,19.0,1961.976404501584,1969.638404501584,1958.145404501584,1969.638404501584,144.24800000000064,TP,5
2023-07-31 13:45:00+00:00,2023-07-31 19:45:00+00:00,1,16.0,1968.2080705191597,1965.0005426733662,1963.6110705191597,1977.4020705191597,-52.44044553269588,SIGNAL_REVERSE,24
2023-07-31 19:45:00+00:00,2023-08-01 02:00:00+00:00,-1,28.999999999999996,1965.0017768028185,1959.7457768028187,1967.6297768028185,1959.7457768028187,150.39399999999586,TP,25
2023-08-01 08:15:00+00:00,2023-08-01 12:30:00+00:00,-1,25.0,1955.8411298288436,1949.7451298288436,1958.8891298288436,1949.7451298288436,150.6500000000001,TP,17
2023-08-01 12:30:00+00:00,2023-08-01 15:00:00+00:00,-1,19.0,1950.8767989525522,1942.8867989525522,1954.8717989525524,1942.8867989525522,150.48000000000016,TP,10
2023-08-01 15:00:00+00:00,2023-08-02 03:30:00+00:00,-1,12.0,1946.5624332410785,1948.0624528117216,1953.1764332410785,1933.3344332410784,-18.840234847718275,TIME,50
2023-08-02 08:45:00+00:00,2023-08-02 12:15:00+00:00,1,24.0,1951.2357371206913,1947.9717371206914,1947.9717371206914,1957.7637371206913,-80.01599999999752,SL,14
2023-08-02 12:15:00+00:00,2023-08-02 12:30:00+00:00,1,21.0,1950.4326573910753,1946.6266573910752,1946.6266573910752,1958.0446573910754,-81.39600000000084,SL,1
2023-08-02 13:00:00+00:00,2023-08-02 14:15:00+00:00,-1,17.0,1945.5470797675716,1936.5010797675716,1950.0700797675715,1936.5010797675716,152.59200000000084,TP,5
2023-08-02 14:15:00+00:00,2023-08-03 02:45:00+00:00,-1,14.000000000000002,1939.990983012245,1937.3622247782316,1945.538983012245,1928.894983012245,35.82261527618587,TIME,50
2023-08-03 13:30:00+00:00,2023-08-04 02:00:00+00:00,-1,13.0,1933.1458486159624,1936.4530071297356,1939.1428486159625,1921.1518486159625,-43.903060679051265,TIME,50
2023-08-04 08:15:00+00:00,2023-08-04 12:30:00+00:00,-1,27.0,1933.321095534896,1936.271095534896,1936.271095534896,1927.421095534896,-81.54000000000123,SL,17
2023-08-04 12:30:00+00:00,2023-08-04 12:45:00+00:00,-1,18.0,1931.4101578648572,1935.7221578648573,1935.7221578648573,1922.7861578648572,-78.87600000000226,SL,1
2023-08-04 13:00:00+00:00,2023-08-07 01:30:00+00:00,1,15.0,1938.8427935754478,1942.4520740541013,1933.8587935754476,1948.8107935754479,53.08920717980318,TIME,50
2023-08-07 08:15:00+00:00,2023-08-07 12:45:00+00:00,-1,25.0,1935.0769611725966,1938.1619611725966,1938.1619611725966,1928.9069611725968,-78.87500000000091,SL,18
2023-08-07 13:30:00+00:00,2023-08-07 13:45:00+00:00,1,23.0,1940.8682807114255,1937.4342807114256,1937.4342807114256,1947.7362807114255,-80.59199999999929,SL,1
2023-08-07 13:45:00+00:00,2023-08-07 14:00:00+00:00,1,19.0,1939.5930599058238,1935.6180599058239,1935.6180599058239,1947.5430599058238,-76.85499999999827,SL,1
2023-08-07 16:00:00+00:00,2023-08-07 19:00:00+00:00,-1,16.0,1932.4841319955665,1937.0741319955664,1937.0741319955664,1923.3041319955664,-74.5599999999987,SL,12
2023-08-07 19:30:00+00:00,2023-08-08 01:00:00+00:00,1,30.0,1936.7354439729693,1934.1734439729692,1934.1734439729692,1941.8594439729693,-78.96000000000376,SL,22
2023-08-08 08:15:00+00:00,2023-08-08 08:45:00+00:00,-1,27.0,1931.6750232455263,1934.4680232455264,1934.4680232455264,1926.0890232455263,-77.30100000000324,SL,2
2023-08-08 12:00:00+00:00,2023-08-09 00:30:00+00:00,-1,18.0,1928.8563054287677,1925.8238284750348,1933.0183054287677,1920.5323054287676,53.32458516719111,TIME,50
2023-08-09 09:00:00+00:00,2023-08-09 12:00:00+00:00,-1,28.999999999999996,1927.9254872005238,1922.6774872005237,1930.5494872005238,1922.6774872005237,150.16200000000134,TP,12
2023-08-09 12:00:00+00:00,2023-08-09 14:00:00+00:00,-1,28.000000000000004,1924.4806168369057,1927.1646168369057,1927.1646168369057,1919.1126168369058,-77.11199999999914,SL,8
2023-08-09 14:00:00+00:00,2023-08-09 14:15:00+00:00,-1,19.0,1922.7221316444532,1926.6351316444532,1926.6351316444532,1914.8961316444531,-75.6770000000002,SL,1
2023-08-09 14:15:00+00:00,2023-08-09 14:45:00+00:00,-1,17.0,1925.1836997500498,1916.51369975005,1929.5186997500498,1916.51369975005,146.19999999999737,TP,2
2023-08-09 14:45:00+00:00,2023-08-10 03:15:00+00:00,-1,15.0,1921.8199879086644,1918.2372004832048,1926.9069879086644,1911.6459879086644,52.691811381894425,TIME,50
2023-08-10 08:15:00+00:00,2023-08-10 12:30:00+00:00,1,27.0,1919.4743555085674,1925.0763555085675,1916.6733555085675,1925.0763555085675,149.36400000000242,TP,17
2023-08-10 12:30:00+00:00,2023-08-10 13:15:00+00:00,1,24.0,1923.5450400316245,1920.3570400316244,1920.3570400316244,1929.9210400316244,-78.19200000000245,SL,3
2023-08-10 13:15:00+00:00,2023-08-10 13:30:00+00:00,1,19.0,1923.3164319673774,1919.1644319673774,1919.1644319673774,1931.6204319673773,-80.21800000000083,SL,1
2023-08-10 14:00:00+00:00,2023-08-10 14:15:00+00:00,1,14.000000000000002,1922.6374647585308,1917.3164647585309,1917.3164647585309,1933.2794647585308,-75.4739999999988,SL,1
2023-08-10 15:00:00+00:00,2023-08-10 16:00:00+00:00,-1,13.0,1914.963010432884,1920.885010432884,1920.885010432884,1903.119010432884,-77.89600000000033,SL,4
2023-08-10 16:00:00+00:00,2023-08-11 04:30:00+00:00,-1,11.0,1919.942742215634,1913.5715604760508,1926.474742215634,1906.878742215634,69.31299913541669,TIME,50
2023-08-11 08:15:00+00:00,2023-08-11 08:30:00+00:00,1,34.0,1918.5682751207833,1916.3252751207833,1916.3252751207833,1923.0542751207834,-78.64199999999789,SL,1
2023-08-11 08:30:00+00:00,2023-08-11 12:30:00+00:00,1,32.0,1918.4411502438193,1916.0491502438192,1916.0491502438192,1923.2251502438194,-78.78400000000168,SL,16
2023-08-11 12:30:00+00:00,2023-08-11 12:45:00+00:00,1,26.0,1919.8439025793366,1916.9469025793367,1916.9469025793367,1925.6379025793367,-77.14199999999829,SL,1
2023-08-11 13:30:00+00:00,2023-08-11 14:00:00+00:00,-1,21.0,1914.8989744323446,1918.4699744323445,1918.4699744323445,1907.7569744323446,-76.46099999999817,SL,2
2023-08-11 16:00:00+00:00,2023-08-14 04:30:00+00:00,-1,14.000000000000002,1913.968054672087,1912.8586550329821,1919.0010546720869,1903.902054672087,14.551594947467512,TIME,50
2023-08-14 08:15:00+00:00,2023-08-14 09:30:00+00:00,1,28.999999999999996,1915.0665973846762,1912.5285973846762,1912.5285973846762,1920.1425973846763,-75.6320000000003,SL,5
2023-08-14 09:30:00+00:00,2023-08-14 12:00:00+00:00,1,26.0,1913.3882058406246,1910.5762058406244,1910.5762058406244,1919.0122058406248,-74.93200000000326,SL,10
2023-08-14 12:30:00+00:00,2023-08-14 12:45:00+00:00,-1,21.0,1907.5253571735127,1910.9123571735126,1910.9123571735126,1900.7513571735126,-72.59699999999881,SL,1
2023-08-14 12:45:00+00:00,2023-08-14 16:00:00+00:00,-1,20.0,1908.3287818861552,1911.8857818861552,1911.8857818861552,1901.2147818861552,-72.54000000000033,SL,13
2023-08-14 17:30:00+00:00,2023-08-14 19:15:00+00:00,1,15.0,1911.9577751111945,1907.3447751111944,1907.3447751111944,1921.1837751111946,-70.24500000000084,SL,7
2023-08-14 19:45:00+00:00,2023-08-15 08:15:00+00:00,-1,28.999999999999996,1907.7504908473284,1904.5833551303745,1910.1704908473284,1902.9104908473284,89.81693579166331,TIME,50
2023-08-15 08:15:00+00:00,2023-08-15 12:30:00+00:00,-1,28.000000000000004,1904.5383155642928,1899.5403155642928,1907.0373155642928,1899.5403155642928,137.98400000000134,TP,17
2023-08-15 12:30:00+00:00,2023-08-15 14:30:00+00:00,-1,20.0,1904.0193934715926,1907.6643934715926,1907.6643934715926,1896.7293934715926,-74.29999999999964,SL,8
2023-08-15 15:00:00+00:00,2023-08-15 16:30:00+00:00,1,11.0,1910.1138516287663,1903.9578516287663,1903.9578516287663,1922.4258516287662,-68.48599999999944,SL,6
2023-08-15 19:00:00+00:00,2023-08-16 06:15:00+00:00,-1,20.0,1902.5482756042777,1906.1252756042777,1906.1252756042777,1895.3942756042777,-72.93999999999997,SL,45
2023-08-16 09:30:00+00:00,2023-08-16 11:30:00+00:00,1,30.0,1906.851427297308,1904.500427297308,1904.500427297308,1911.553427297308,-72.62999999999656,SL,8
2023-08-16 12:15:00+00:00,2023-08-16 13:15:00+00:00,-1,28.999999999999996,1903.3431023186276,1898.5111023186278,1905.7591023186276,1898.5111023186278,138.0979999999965,TP,4
2023-08-16 13:15:00+00:00,2023-08-16 13:30:00+00:00,-1,21.0,1900.8239361131698,1904.18493611317,1904.18493611317,1894.1019361131698,-72.05100000000218,SL,1
2023-08-16 13:30:00+00:00,2023-08-16 18:00:00+00:00,-1,20.0,1903.2153485788294,1896.0453485788296,1906.8003485788295,1896.0453485788296,141.9999999999969,TP,18
2023-08-16 18:00:00+00:00,2023-08-17 01:30:00+00:00,-1,16.0,1898.3190114162987,1889.6990114162988,1902.6290114162987,1889.6990114162988,136.79999999999825,TP,30
2023-08-17 08:15:00+00:00,2023-08-17 12:00:00+00:00,1,34.0,1895.4691568340916,1899.8291568340915,1893.2891568340915,1899.8291568340915,145.8599999999966,TP,15
2023-08-17 12:00:00+00:00,2023-08-17 13:45:00+00:00,1,24.0,1898.7808902082093,1895.8038902082094,1895.8038902082094,1904.7348902082092,-73.12799999999669,SL,7
2023-08-17 13:45:00+00:00,2023-08-17 14:15:00+00:00,1,16.0,1899.3956181196108,1894.8786181196108,1894.8786181196108,1908.429618119611,-73.39200000000085,SL,2
2023-08-17 15:45:00+00:00,2023-08-18 04:15:00+00:00,-1,14.000000000000002,1892.6867787272608,1892.8171664553556,1897.785778727261,1882.4887787272608,-2.8054281933268435,TIME,50
2023-08-18 10:30:00+00:00,2023-08-18 12:15:00+00:00,1,28.000000000000004,1895.4530454600633,1892.8100454600633,1892.8100454600633,1900.7390454600634,-75.96400000000082,SL,7
2023-08-18 12:15:00+00:00,2023-08-18 12:30:00+00:00,1,26.0,1893.6603437844328,1890.847343784433,1890.847343784433,1899.2863437844328,-74.95799999999673,SL,1
2023-08-18 16:45:00+00:00,2023-08-21 05:15:00+00:00,-1,15.0,1889.8522342798633,1893.4853020994826,1894.5112342798634,1880.5342342798633,-55.54601729428991,TIME,50
2023-08-21 08:15:00+00:00,2023-08-21 11:30:00+00:00,-1,24.0,1889.0468416664467,1891.9788416664467,1891.9788416664467,1883.1828416664466,-72.0480000000004,SL,13
2023-08-21 12:00:00+00:00,2023-08-21 13:45:00+00:00,1,23.0,1893.0167646014147,1890.0067646014147,1890.0067646014147,1899.0367646014147,-70.83999999999979,SL,7
2023-08-21 13:45:00+00:00,2023-08-21 14:30:00+00:00,1,16.0,1891.2555180511565,1886.8975180511566,1886.8975180511566,1899.9715180511564,-70.84799999999916,SL,3
2023-08-21 16:00:00+00:00,2023-08-21 17:15:00+00:00,-1,14.000000000000002,1889.1974412226916,1894.0324412226917,1894.0324412226917,1879.5274412226918,-68.67000000000053,SL,5
2023-08-21 18:00:00+00:00,2023-08-22 06:30:00+00:00,1,18.0,1894.3885004322237,1899.8811066599442,1890.6025004322237,1901.9605004322239,97.60691209896798,TIME,50
2023-08-22 08:15:00+00:00,2023-08-22 12:30:00+00:00,1,24.0,1900.5474706758728,1897.5884706758727,1897.5884706758727,1906.4654706758727,-72.69600000000145,SL,17
2023-08-22 13:15:00+00:00,2023-08-23 00:00:00+00:00,-1,19.0,1896.1364082152131,1899.745408215213,1899.745408215213,1888.918408215213,-69.90099999999855,SL,43
2023-08-23 08:15:00+00:00,2023-08-23 09:45:00+00:00,1,25.0,1904.6979732952611,1901.9149732952612,1901.9149732952612,1910.2639732952612,-71.32499999999754,SL,6
2023-08-23 12:45:00+00:00,2023-08-23 13:00:00+00:00,1,18.0,1908.4771019256978,1904.7811019256978,1904.7811019256978,1915.8691019256978,-67.78799999999843,SL,1
2023-08-23 13:30:00+00:00,2023-08-23 16:30:00+00:00,1,15.0,1910.7380924972636,1919.8240924972636,1906.1950924972637,1919.8240924972636,135.24000000000018,TP,12
2023-08-23 16:30:00+00:00,2023-08-23 20:45:00+00:00,1,11.0,1919.4370314957519,1915.0818234477917,1913.6290314957519,1931.0530314957516,-48.67728852756115,SIGNAL_REVERSE,17
2023-08-23 20:45:00+00:00,2023-08-23 22:00:00+00:00,-1,34.0,1915.0841706377712,1917.1401706377712,1917.1401706377712,1910.9721706377711,-72.28400000000136,SL,5
2023-08-24 10:15:00+00:00,2023-08-24 12:30:00+00:00,-1,23.0,1919.7634146997086,1913.9134146997087,1922.6884146997086,1913.9134146997087,132.9399999999979,TP,9
2023-08-24 12:30:00+00:00,2023-08-24 14:00:00+00:00,-1,22.0,1916.200829471166,1919.2808294711658,1919.2808294711658,1910.0408294711658,-69.2999999999984,SL,6
2023-08-24 14:00:00+00:00,2023-08-24 14:15:00+00:00,-1,18.0,1916.146205331444,1919.886205331444,1919.886205331444,1908.666205331444,-68.58000000000017,SL,1
2023-08-24 14:15:00+00:00,2023-08-24 15:45:00+00:00,-1,17.0,1919.4744270925328,1920.5871267470677,1923.4114270925327,1911.6004270925328,-20.105894127093908,SIGNAL_REVERSE,6
2023-08-24 15:45:00+00:00,2023-08-24 20:00:00+00:00,1,15.0,1920.5940834567555,1916.7160998532584,1916.0210834567556,1929.7400834567554,-59.21975405245671,SIGNAL_REVERSE,17
2023-08-24 20:00:00+00:00,2023-08-25 08:30:00+00:00,-1,28.000000000000004,1916.718205491667,1913.697404735541,1919.143205491667,1911.8682054916671,82.62242117152624,TIME,50
2023-08-25 09:30:00+00:00,2023-08-25 13:15:00+00:00,1,24.0,1917.7491981056107,1914.9261981056109,1914.9261981056109,1923.3951981056107,-69.43199999999678,SL,15
2023-08-25 14:45:00+00:00,2023-08-25 17:00:00+00:00,-1,11.0,1905.2928877900554,1911.2078877900553,1911.2078877900553,1893.4628877900552,-65.8349999999996,SL,9
2023-08-25 17:00:00+00:00,2023-08-25 19:45:00+00:00,-1,9.0,1910.0237141149087,1913.7987999839452,1916.9887141149086,1896.0937141149086,-34.60577282132852,SIGNAL_REVERSE,11
2023-08-25 19:45:00+00:00,2023-08-28 08:15:00+00:00,1,18.0,1913.8007582160508,1914.4614006732452,1910.0767582160508,1921.2487582160509,10.631564229499181,TIME,50
2023-08-28 08:30:00+00:00,2023-08-28 12:30:00+00:00,-1,28.999999999999996,1913.9288917544952,1916.1968917544953,1916.1968917544953,1909.3928917544952,-67.80200000000083,SL,16
2023-08-28 13:15:00+00:00,2023-08-28 13:30:00+00:00,1,26.0,1916.397962547354,1913.8809625473539,1913.8809625473539,1921.4319625473538,-67.26200000000136,SL,1
2023-08-28 14:00:00+00:00,2023-08-28 15:30:00+00:00,1,21.0,1918.1284585052776,1924.3924585052775,1914.9964585052776,1924.3924585052775,130.07399999999782,TP,6
2023-08-28 15:30:00+00:00,2023-08-29 04:00:00+00:00,1,17.0,1920.7229067359167,1925.376216852691,1916.8139067359168,1928.5409067359167,77.9162719851625,TIME,50
2023-08-29 08:45:00+00:00,2023-08-29 11:15:00+00:00,-1,30.0,1923.1217796591848,1918.6497796591848,1925.3577796591846,1918.6497796591848,132.0599999999994,TP,10
2023-08-29 11:15:00+00:00,2023-08-29 12:15:00+00:00,-1,28.000000000000004,1919.7692848419865,1914.9592848419863,1922.1742848419865,1914.9592848419863,132.72000000000486,TP,4
2023-08-29 12:15:00+00:00,2023-08-29 13:15:00+00:00,-1,27.0,1916.292218377161,1918.8132183771609,1918.8132183771609,1911.2502183771608,-69.95699999999887,SL,4
2023-08-29 13:15:00+00:00,2023-08-29 13:45:00+00:00,-1,25.0,1917.6644666535828,1920.439466653583,1920.439466653583,1912.114466653583,-71.12500000000227,SL,2
2023-08-29 13:45:00+00:00,2023-08-29 14:00:00+00:00,-1,22.0,1919.4576214281863,1922.5356214281862,1922.5356214281862,1913.3016214281863,-69.25599999999945,SL,1
2023-08-29 14:00:00+00:00,2023-08-29 14:15:00+00:00,-1,16.0,1921.0032899651676,1925.1562899651676,1925.1562899651676,1912.6972899651676,-67.56800000000032,SL,1
2023-08-29 14:30:00+00:00,2023-08-30 03:00:00+00:00,1,13.0,1934.0092571252376,1936.6901295450662,1929.0842571252376,1943.8592571252375,33.94134145777147,TIME,50
2023-08-30 09:45:00+00:00,2023-08-30 12:30:00+00:00,1,28.999999999999996,1937.676844715842,1942.288844715842,1935.370844715842,1942.288844715842,131.7180000000023,TP,11
2023-08-30 12:30:00+00:00,2023-08-30 13:30:00+00:00,1,23.0,1940.5759455535067,1946.3579455535066,1937.6849455535066,1946.3579455535066,131.37599999999827,TP,4
2023-08-30 13:30:00+00:00,2023-08-30 19:30:00+00:00,1,19.0,1945.9684801301469,1943.4354771409244,1942.397480130147,1953.1104801301467,-49.457056795227416,SIGNAL_REVERSE,24
2023-08-30 19:30:00+00:00,2023-08-31 01:00:00+00:00,-1,32.0,1943.4388486441,1945.5858486441,1945.5858486441,1939.1448486441002,-70.9439999999979,SL,22
2023-09-15 08:15:00+00:00,2023-09-15 13:00:00+00:00,1,27.0,1917.768814102284,1922.870814102284,1915.2178141022841,1922.870814102284,135.86399999999628,TP,19
2023-09-15 15:30:00+00:00,2023-09-15 19:30:00+00:00,1,13.0,1927.155389108208,1924.318997267186,1921.974389108208,1937.5173891082081,-37.783093933287006,SIGNAL_REVERSE,16
2023-09-15 19:30:00+00:00,2023-09-18 02:30:00+00:00,-1,24.0,1924.3240774235906,1927.2300774235905,1927.2300774235905,1918.5120774235904,-71.42399999999878,SL,28
2023-09-18 08:30:00+00:00,2023-09-18 11:00:00+00:00,-1,32.0,1925.9395745592894,1928.0605745592895,1928.0605745592895,1921.6975745592895,-70.11200000000302,SL,10
2023-09-18 11:00:00+00:00,2023-09-18 15:45:00+00:00,-1,31.0,1926.7574804949172,1928.9824804949174,1928.9824804949174,1922.307480494917,-71.14500000000423,SL,19
2023-09-18 16:15:00+00:00,2023-09-19 04:45:00+00:00,1,17.0,1928.529235853483,1931.7420058850516,1924.5442358534829,1936.499235853483,53.427090536667095,TIME,50
2023-09-19 08:15:00+00:00,2023-09-19 14:00:00+00:00,1,38.0,1934.2754738423382,1932.4584738423382,1932.4584738423382,1937.9094738423382,-71.70600000000027,SL,23
2023-09-19 14:30:00+00:00,2023-09-19 14:45:00+00:00,-1,20.0,1931.3447522212482,1934.7447522212483,1934.7447522212483,1924.5447522212482,-69.40000000000182,SL,1
2023-09-19 15:45:00+00:00,2023-09-20 04:15:00+00:00,-1,19.0,1932.7306997343035,1930.4238334527072,1936.2756997343035,1925.6406997343036,42.50045935032942,TIME,50
2023-09-20 08:15:00+00:00,2023-09-20 09:45:00+00:00,-1,35.0,1928.7725593722118,1930.6775593722118,1930.6775593722118,1924.962559372212,-69.12499999999905,SL,6
2023-09-20 10:30:00+00:00,2023-09-20 13:30:00+00:00,1,30.0,1931.950740555058,1936.446740555058,1929.702740555058,1936.446740555058,132.78000000000284,TP,12
2023-09-20 13:30:00+00:00,2023-09-20 13:45:00+00:00,1,21.0,1933.1318430581969,1939.3598430581967,1930.0178430581968,1939.3598430581967,129.3179999999966,TP,1
2023-09-20 20:30:00+00:00,2023-09-21 09:00:00+00:00,-1,13.0,1930.914391701325,1922.9965310037583,1936.078391701325,1920.586391701325,102.02218906836796,TIME,50
2023-09-21 09:00:00+00:00,2023-09-21 10:15:00+00:00,-1,28.999999999999996,1922.9616872320657,1925.3486872320657,1925.3486872320657,1918.1876872320656,-71.25299999999835,SL,5
2023-09-21 10:15:00+00:00,2023-09-21 12:00:00+00:00,-1,28.000000000000004,1924.7282990682584,1919.7262990682584,1927.2292990682583,1919.7262990682584,138.0959999999987,TP,7
2023-09-21 12:00:00+00:00,2023-09-21 12:45:00+00:00,-1,23.0,1920.6506096488777,1914.7786096488776,1923.5866096488776,1914.7786096488776,133.44600000000162,TP,3
2023-09-21 13:00:00+00:00,2023-09-21 14:00:00+00:00,-1,18.0,1916.5276580493178,1920.3366580493177,1920.3366580493177,1908.9096580493178,-69.82199999999945,SL,4
2023-09-21 14:30:00+00:00,2023-09-21 19:30:00+00:00,-1,13.0,1921.6463240213443,1920.612583722766,1926.7603240213443,1911.4183240213445,12.528623881518197,SIGNAL_REVERSE,20
2023-09-21 19:30:00+00:00,2023-09-22 07:00:00+00:00,1,25.0,1920.6149224720732,1926.1449224720732,1917.849922472073,1926.1449224720732,136.49999999999932,TP,46
2023-09-22 08:15:00+00:00,2023-09-22 10:45:00+00:00,1,33.0,1926.8025436106873,1924.6415436106872,1924.6415436106872,1931.1245436106872,-73.62300000000192,SL,10
2023-09-22 14:45:00+00:00,2023-09-22 17:00:00+00:00,1,21.0,1928.10352179195,1924.81352179195,1924.81352179195,1934.68352179195,-70.55999999999923,SL,9
2023-09-22 18:30:00+00:00,2023-09-25 07:00:00+00:00,-1,26.0,1925.0966763364152,1924.1023026576229,1927.7506763364152,1919.7886763364152,24.033715648599063,TIME,50
2023-09-25 12:30:00+00:00,2023-09-25 14:00:00+00:00,1,26.0,1924.4930180181666,1921.8340180181667,1921.8340180181667,1929.8110180181666,-70.95399999999682,SL,6
2023-09-25 14:45:00+00:00,2023-09-26 03:15:00+00:00,-1,17.0,1916.8656531677213,1913.5797520737854,1920.8716531677212,1908.8536531677214,54.67031859691184,TIME,50
2023-09-26 12:15:00+00:00,2023-09-26 12:30:00+00:00,-1,24.0,1911.6286171297609,1905.7446171297609,1914.5706171297609,1905.7446171297609,139.53600000000034,TP,1
2023-09-26 12:30:00+00:00,2023-09-26 15:00:00+00:00,-1,21.0,1910.7098506027842,1904.039850602784,1914.0448506027842,1904.039850602784,138.60000000000153,TP,10
2023-09-26 15:00:00+00:00,2023-09-27 03:30:00+00:00,-1,14.000000000000002,1906.3864896301282,1900.4893135960288,1911.2994896301282,1896.5604896301284,81.58046447739164,TIME,50
2023-09-27 08:15:00+00:00,2023-09-27 12:00:00+00:00,-1,26.0,1896.4868027322884,1890.9488027322882,1899.2558027322884,1890.9488027322882,142.1680000000062,TP,15
2023-09-27 12:00:00+00:00,2023-09-27 13:30:00+00:00,-1,28.999999999999996,1892.8370064542491,1887.869006454249,1895.3210064542493,1887.869006454249,142.04200000000213,TP,6
2023-09-27 13:30:00+00:00,2023-09-27 15:15:00+00:00,-1,22.0,1889.3853811389863,1882.7453811389862,1892.7053811389862,1882.7453811389862,144.5400000000022,TP,7
2023-09-27 15:15:00+00:00,2023-09-27 17:15:00+00:00,-1,16.0,1883.3825107930074,1874.0965107930074,1888.0255107930075,1874.0965107930074,147.45600000000093,TP,8
2023-09-27 17:15:00+00:00,2023-09-28 05:45:00+00:00,-1,14.000000000000002,1876.107903804901,1876.5925691949765,1881.438903804901,1865.445903804901,-7.76531546105569,TIME,50
2023-09-28 08:15:00+00:00,2023-09-28 12:45:00+00:00,1,30.0,1876.0443627849281,1873.509362784928,1873.509362784928,1881.1143627849283,-78.15000000000245,SL,18
2023-09-28 14:45:00+00:00,2023-09-29 03:15:00+00:00,-1,15.0,1866.7059309758195,1863.600735258617,1871.7939309758194,1856.5299309758195,45.52793575803567,TIME,50
2023-09-29 08:15:00+00:00,2023-09-29 11:00:00+00:00,1,27.0,1872.7907915318588,1869.9767915318587,1869.9767915318587,1878.4187915318587,-77.86800000000211,SL,11
2023-09-29 11:00:00+00:00,2023-09-29 11:15:00+00:00,1,26.0,1872.276672912284,1869.329672912284,1869.329672912284,1878.170672912284,-78.44200000000302,SL,1
2023-09-29 13:30:00+00:00,2023-09-29 13:45:00+00:00,1,17.0,1874.7347496270245,1870.4037496270246,1870.4037496270246,1883.3967496270245,-74.81699999999836,SL,1
2023-09-29 14:30:00+00:00,2023-09-29 18:15:00+00:00,-1,13.0,1859.2824498253729,1847.5424498253728,1865.152449825373,1847.5424498253728,151.71000000000012,TP,15
2023-09-29 18:15:00+00:00,2023-10-02 06:45:00+00:00,-1,12.0,1850.1277526378155,1844.782957950048,1856.2317526378156,1837.9197526378155,63.29753625320987,TIME,50
2023-10-02 09:15:00+00:00,2023-10-02 14:00:00+00:00,-1,18.0,1838.2305878449538,1829.600587844954,1842.5455878449538,1829.600587844954,154.07999999999788,TP,19
2023-10-02 14:30:00+00:00,2023-10-03 02:15:00+00:00,-1,12.0,1830.3728880627998,1818.0228880628001,1836.5478880627998,1818.0228880628001,147.35999999999618,TP,47
2023-10-03 08:15:00+00:00,2023-10-03 09:00:00+00:00,1,20.0,1827.7568896038424,1823.8788896038425,1823.8788896038425,1835.5128896038425,-78.95999999999859,SL,3
2023-10-03 09:00:00+00:00,2023-10-03 14:00:00+00:00,1,20.0,1826.243564960009,1822.292564960009,1822.292564960009,1834.145564960009,-80.42000000000044,SL,20
2023-10-03 14:00:00+00:00,2023-10-03 14:15:00+00:00,1,13.0,1828.6701075648677,1822.8691075648678,1822.8691075648678,1840.2721075648676,-76.3229999999991,SL,1
2023-10-03 21:00:00+00:00,2023-10-04 06:30:00+00:00,-1,24.0,1823.1840986301795,1816.8560986301795,1826.3480986301795,1816.8560986301795,150.19199999999938,TP,38
2023-10-04 10:30:00+00:00,2023-10-04 12:15:00+00:00,1,22.0,1822.5221701947278,1829.5701701947278,1818.998170194728,1829.5701701947278,153.51600000000005,TP,7
2023-10-04 12:15:00+00:00,2023-10-04 13:45:00+00:00,1,18.0,1825.2475017105282,1820.9665017105283,1820.9665017105283,1833.8095017105281,-78.31799999999909,SL,6
2023-10-04 14:45:00+00:00,2023-10-04 15:15:00+00:00,-1,14.000000000000002,1819.3662360524925,1825.0592360524925,1825.0592360524925,1807.9802360524925,-80.68199999999979,SL,2
2023-10-04 17:15:00+00:00,2023-10-05 01:00:00+00:00,-1,13.0,1820.4919042821396,1826.2809042821395,1826.2809042821395,1808.9139042821396,-76.16699999999983,SL,31
2023-10-05 08:15:00+00:00,2023-10-05 12:30:00+00:00,-1,30.0,1822.192997291699,1817.056997291699,1824.760997291699,1817.056997291699,151.97999999999902,TP,17
2023-10-05 13:00:00+00:00,2023-10-05 13:30:00+00:00,-1,20.0,1815.6841514155644,1819.6561514155644,1819.6561514155644,1807.7401514155645,-80.8399999999996,SL,2
2023-10-05 13:30:00+00:00,2023-10-05 19:45:00+00:00,-1,18.0,1819.1798846886336,1820.4495073758783,1823.5978846886337,1810.3438846886336,-24.113208370404447,SIGNAL_REVERSE,25
2023-10-05 19:45:00+00:00,2023-10-06 08:15:00+00:00,1,22.0,1820.4525131214461,1820.4703539741279,1816.9525131214461,1827.4525131214461,-1.1475012410019554,TIME,50
2023-10-06 08:15:00+00:00,2023-10-06 10:00:00+00:00,-1,37.0,1820.4715618403106,1822.6125618403107,1822.6125618403107,1816.1895618403107,-81.80700000000283,SL,7
2023-10-06 10:30:00+00:00,2023-10-06 11:30:00+00:00,1,27.0,1823.8376165491563,1820.9486165491564,1820.9486165491564,1829.6156165491564,-79.8929999999972,SL,4
2023-10-06 11:30:00+00:00,2023-10-06 12:30:00+00:00,1,28.000000000000004,1821.7277814674549,1818.935781467455,1818.935781467455,1827.3117814674547,-80.13599999999767,SL,4
2023-10-13 17:45:00+00:00,2023-10-16 01:45:00+00:00,1,11.0,1927.8042784790184,1920.8902784790184,1920.8902784790184,1941.6322784790184,-76.82399999999986,SL,32
2023-10-16 08:15:00+00:00,2023-10-16 10:00:00+00:00,-1,19.0,1912.723349213979,1916.684349213979,1916.684349213979,1904.801349213979,-76.58900000000024,SL,7
2023-10-16 11:15:00+00:00,2023-10-16 23:45:00+00:00,1,17.0,1916.9048817642458,1920.471730805448,1912.439881764246,1925.8348817642457,59.44643370043747,TIME,50
2023-10-17 08:15:00+00:00,2023-10-17 10:15:00+00:00,1,24.0,1920.0858839023542,1926.4098839023543,1916.9238839023542,1926.4098839023543,150.09600000000165,TP,8
2023-10-17 10:15:00+00:00,2023-10-17 12:30:00+00:00,1,20.0,1925.9074869038081,1922.1144869038083,1922.1144869038083,1933.4934869038082,-77.25999999999786,SL,9
2023-10-17 12:30:00+00:00,2023-10-17 13:30:00+00:00,1,17.0,1925.3455841437956,1920.8615841437957,1920.8615841437957,1934.3135841437954,-77.4179999999987,SL,4
2023-10-17 13:30:00+00:00,2023-10-17 18:00:00+00:00,1,14.000000000000002,1923.0929002976916,1919.7798744708743,1917.5939002976916,1934.0909002976916,-47.36236157544134,SIGNAL_REVERSE,18
2023-10-17 18:00:00+00:00,2023-10-18 00:00:00+00:00,-1,13.0,1919.7816301338112,1925.5506301338112,1925.5506301338112,1908.2436301338114,-75.90700000000007,SL,24
2023-10-18 09:45:00+00:00,2023-10-18 13:30:00+00:00,1,17.0,1945.0416204960463,1953.5856204960464,1940.7696204960464,1953.5856204960464,144.05800000000164,TP,15
2023-10-18 13:30:00+00:00,2023-10-18 13:45:00+00:00,1,13.0,1950.5013064652596,1961.4033064652597,1945.0503064652596,1961.4033064652597,140.81600000000057,TP,1
2023-10-18 14:00:00+00:00,2023-10-18 14:30:00+00:00,1,12.0,1957.0843987208923,1950.8823987208923,1950.8823987208923,1969.4883987208923,-75.26399999999998,SL,2
2023-10-18 14:30:00+00:00,2023-10-18 14:45:00+00:00,1,12.0,1952.2046126051675,1945.7166126051675,1945.7166126051675,1965.1806126051674,-78.69600000000068,SL,1
2023-10-18 14:45:00+00:00,2023-10-18 15:00:00+00:00,1,11.0,1950.6618068377568,1943.6598068377568,1943.6598068377568,1964.6658068377567,-77.79199999999948,SL,1
2023-10-18 15:00:00+00:00,2023-10-19 03:30:00+00:00,1,9.0,1946.7131781592725,1947.6270757489967,1939.0021781592725,1962.1351781592723,7.595078307518061,TIME,50
2023-10-19 08:30:00+00:00,2023-10-19 15:30:00+00:00,1,17.0,1950.049913035327,1958.651913035327,1945.7489130353272,1958.651913035327,145.04399999999765,TP,28
2023-10-19 15:30:00+00:00,2023-10-19 17:15:00+00:00,1,12.0,1955.6920445828805,1967.6280445828804,1949.7240445828804,1967.6280445828804,142.39199999999906,TP,7
2023-10-19 17:15:00+00:00,2023-10-19 23:30:00+00:00,1,8.0,1962.655782590077,1980.427782590077,1953.769782590077,1980.427782590077,141.61599999999947,TP,25
2023-10-20 08:15:00+00:00,2023-10-20 11:45:00+00:00,1,20.0,1982.0725802108316,1978.1465802108316,1978.1465802108316,1989.9245802108317,-79.91999999999862,SL,14
2023-10-20 11:45:00+00:00,2023-10-20 12:15:00+00:00,1,17.0,1981.424618330072,1976.975618330072,1976.975618330072,1990.322618330072,-76.82300000000117,SL,2
2023-10-20 12:45:00+00:00,2023-10-20 13:45:00+00:00,-1,14.000000000000002,1978.8341502524686,1984.1241502524686,1984.1241502524686,1968.2541502524687,-75.03999999999951,SL,4
2023-10-20 13:45:00+00:00,2023-10-20 14:00:00+00:00,-1,13.0,1979.256638842154,1985.1366388421538,1985.1366388421538,1967.496638842154,-77.34999999999846,SL,1
2023-10-20 14:30:00+00:00,2023-10-20 16:45:00+00:00,1,11.0,1988.5043298002665,1981.8303298002666,1981.8303298002666,2001.8523298002665,-74.18399999999976,SL,9
2023-10-20 16:45:00+00:00,2023-10-20 17:15:00+00:00,1,8.0,1989.557261888898,1980.924261888898,1980.924261888898,2006.8232618888978,-69.62400000000031,SL,2
2023-10-20 17:15:00+00:00,2023-10-20 18:00:00+00:00,1,8.0,1986.0602481118763,1976.5532481118762,1976.5532481118762,2005.0742481118762,-76.6160000000005,SL,3
2023-10-23 08:15:00+00:00,2023-10-23 10:15:00+00:00,1,19.0,1980.0942785822547,1976.2412785822546,1976.2412785822546,1987.8002785822548,-74.53700000000124,SL,8
2023-10-23 10:15:00+00:00,2023-10-23 13:30:00+00:00,1,17.0,1977.6246022600453,1973.3736022600453,1973.3736022600453,1986.1266022600453,-73.4569999999996,SL,13
2023-10-23 14:00:00+00:00,2023-10-24 02:30:00+00:00,-1,11.0,1974.7737211761564,1979.3784900422556,1981.1347211761565,1962.0517211761564,-51.42245752709143,TIME,50
2023-10-24 08:30:00+00:00,2023-10-24 09:15:00+00:00,-1,22.0,1974.4280185535883,1967.8080185535885,1977.7380185535883,1967.8080185535885,144.0999999999976,TP,3
2023-10-24 09:15:00+00:00,2023-10-24 10:45:00+00:00,-1,18.0,1970.8927844150062,1962.7367844150065,1974.9707844150062,1962.7367844150065,145.547999999995,TP,6
2023-10-24 10:45:00+00:00,2023-10-24 11:00:00+00:00,-1,15.0,1963.7417522937135,1954.2117522937137,1968.5067522937134,1954.2117522937137,141.89999999999617,TP,1
2023-10-24 11:00:00+00:00,2023-10-24 15:45:00+00:00,-1,14.000000000000002,1961.8247670893998,1967.2247670893996,1967.2247670893996,1951.0247670894,-76.57999999999811,SL,19
2023-10-24 16:15:00+00:00,2023-10-25 04:45:00+00:00,1,11.0,1970.5965352168093,1973.5993767050556,1963.9405352168094,1983.9085352168092,32.26125637070934,TIME,50
2023-10-25 08:15:00+00:00,2023-10-25 11:30:00+00:00,-1,20.0,1971.448469099337,1975.200469099337,1975.200469099337,1963.9444690993369,-76.43999999999906,SL,13
2023-10-25 12:00:00+00:00,2023-10-25 13:45:00+00:00,1,17.0,1974.7914891183111,1983.4754891183113,1970.449489118311,1983.4754891183113,146.43800000000334,TP,7
2023-10-25 13:45:00+00:00,2023-10-25 15:00:00+00:00,1,14.000000000000002,1979.462783604708,1974.252783604708,1974.252783604708,1989.882783604708,-73.92000000000053,SL,5
2023-10-25 15:00:00+00:00,2023-10-26 03:30:00+00:00,1,10.0,1977.0891528141374,1985.1222650928376,1969.4031528141375,1992.4611528141374,79.63112278700173,TIME,50
2023-10-26 08:15:00+00:00,2023-10-26 11:30:00+00:00,1,21.0,1989.1251558070005,1985.4631558070005,1985.4631558070005,1996.4491558070004,-78.37200000000072,SL,13
2023-10-26 12:00:00+00:00,2023-10-26 12:45:00+00:00,-1,18.0,1984.5829337017392,1976.4009337017392,1988.673933701739,1976.4009337017392,146.0160000000003,TP,3
2023-10-26 12:45:00+00:00,2023-10-26 17:00:00+00:00,-1,14.000000000000002,1981.8318761218777,1987.0558761218776,1987.0558761218776,1971.3838761218776,-74.11599999999908,SL,17
2023-10-26 17:30:00+00:00,2023-10-27 06:00:00+00:00,1,10.0,1986.916782068565,1988.914798555285,1979.459782068565,2001.830782068565,19.28016486719962,TIME,50
2023-10-27 10:15:00+00:00,2023-10-27 12:45:00+00:00,-1,22.0,1985.8734255239133,1978.9974255239133,1989.3114255239132,1978.9974255239133,149.7319999999995,TP,10
2023-10-27 12:45:00+00:00,2023-10-27 17:30:00+00:00,-1,16.0,1985.6783390044643,1990.2813390044644,1990.2813390044644,1976.4723390044642,-74.76800000000105,SL,19
2023-10-27 17:45:00+00:00,2023-10-27 19:00:00+00:00,1,10.0,1994.531295854165,2008.7392958541648,1987.4272958541649,2008.7392958541648,141.37999999999857,TP,5
2023-10-27 19:00:00+00:00,2023-10-29 22:15:00+00:00,1,10.0,2005.4043568363943,1998.1013568363944,1998.1013568363944,2020.0103568363943,-73.72999999999884,SL,13
2023-11-28 20:30:00+00:00,2023-11-29 00:45:00+00:00,1,18.0,2040.7629816829142,2049.3629816829143,2036.4629816829142,2049.3629816829143,153.54000000000246,TP,13
2023-11-29 08:15:00+00:00,2023-11-29 09:30:00+00:00,-1,22.0,2042.5893224388315,2035.6533224388313,2046.0573224388315,2035.6533224388313,151.0520000000033,TP,5
2023-11-29 09:30:00+00:00,2023-11-29 14:30:00+00:00,-1,18.0,2039.8336244365248,2044.051624436525,2044.051624436525,2031.3976244365247,-77.18400000000135,SL,20
2023-11-29 15:00:00+00:00,2023-11-29 15:30:00+00:00,1,16.0,2044.2406407181893,2039.3706407181892,2039.3706407181892,2053.9806407181895,-79.0400000000019,SL,2
2023-11-29 15:30:00+00:00,2023-11-30 05:00:00+00:00,1,15.0,2041.7156159506094,2044.5106911510259,2036.4746159506094,2052.1976159506094,40.87612800624716,TIME,50
2023-11-30 09:00:00+00:00,2023-11-30 14:00:00+00:00,-1,22.0,2040.5510974137103,2033.5250974137105,2044.0640974137102,2033.5250974137105,153.0319999999965,TP,20
2023-11-30 14:00:00+00:00,2023-12-01 00:15:00+00:00,-1,15.0,2036.7607218619062,2041.859721861906,2041.859721861906,2026.5627218619063,-77.53499999999899,SL,37
2023-12-01 09:15:00+00:00,2023-12-01 11:00:00+00:00,1,25.0,2045.997798259184,2042.845798259184,2042.845798259184,2052.301798259184,-80.55000000000109,SL,7
2023-12-01 11:00:00+00:00,2023-12-01 11:30:00+00:00,1,20.0,2043.7618583044764,2039.9008583044765,2039.9008583044765,2051.4838583044766,-78.61999999999753,SL,2
2023-12-01 12:15:00+00:00,2023-12-01 14:45:00+00:00,-1,19.0,2037.766590555327,2041.937590555327,2041.937590555327,2029.424590555327,-80.57900000000093,SL,10
2023-12-01 14:45:00+00:00,2023-12-01 15:00:00+00:00,-1,16.0,2040.367314830074,2045.2783148300741,2045.2783148300741,2030.5453148300742,-79.69600000000094,SL,1
2023-12-01 15:45:00+00:00,2023-12-01 17:00:00+00:00,1,11.0,2047.931277520958,2060.987277520958,2041.403277520958,2060.987277520958,142.84599999999793,TP,5
2023-12-01 17:00:00+00:00,2023-12-01 18:30:00+00:00,1,9.0,2058.770383447993,2074.662383447993,2050.824383447993,2074.662383447993,142.39799999999843,TP,6
2023-12-01 18:30:00+00:00,2023-12-03 23:15:00+00:00,1,9.0,2069.5253108418,2087.0853108418,2060.7453108418003,2087.0853108418,157.4099999999995,TP,15
2023-12-04 08:15:00+00:00,2023-12-04 09:00:00+00:00,-1,10.0,2063.317770660013,2071.374770660013,2071.374770660013,2047.2037706600133,-81.26999999999789,SL,3
2023-12-04 09:00:00+00:00,2023-12-04 14:00:00+00:00,-1,9.0,2069.6395501706043,2052.6535501706044,2078.132550170604,2052.6535501706044,152.2439999999989,TP,20
2023-12-04 14:00:00+00:00,2023-12-04 15:15:00+00:00,-1,10.0,2057.6222925894936,2041.4942925894936,2065.6862925894934,2041.4942925894936,160.5799999999993,TP,5
2023-12-04 15:15:00+00:00,2023-12-04 15:30:00+00:00,-1,7.000000000000001,2049.4317215796113,2027.6177215796115,2060.3387215796115,2027.6177215796115,152.20799999999898,TP,1
2023-12-04 16:15:00+00:00,2023-12-05 00:30:00+00:00,-1,6.0,2026.3656439321353,2039.3356439321353,2039.3356439321353,2000.4256439321352,-78.24000000000017,SL,29
2023-12-05 10:00:00+00:00,2023-12-05 14:45:00+00:00,-1,15.0,2028.9287563775488,2018.248756377549,2034.2687563775487,2018.248756377549,159.14999999999753,TP,19
2023-12-05 14:45:00+00:00,2023-12-06 04:15:00+00:00,-1,12.0,2022.6102408756535,2023.5712092173972,2029.5462408756534,2008.7382408756534,-12.371620100923646,TIME,50
2023-12-06 08:15:00+00:00,2023-12-06 08:30:00+00:00,1,20.0,2032.93913742325,2028.83113742325,2028.83113742325,2041.15513742325,-83.55999999999895,SL,1
2023-12-06 08:30:00+00:00,2023-12-06 08:45:00+00:00,1,18.0,2031.689701822732,2027.1757018227322,2027.1757018227322,2040.7177018227321,-82.51199999999814,SL,1
2023-12-06 08:45:00+00:00,2023-12-06 09:15:00+00:00,1,18.0,2027.1879030925672,2022.6109030925672,2022.6109030925672,2036.3419030925672,-83.64599999999997,SL,2
2023-12-06 09:15:00+00:00,2023-12-06 11:00:00+00:00,1,16.0,2024.529398533006,2022.8481440776754,2019.5653985330061,2034.457398533006,-28.020071285290324,SIGNAL_REVERSE,7
2023-12-06 11:00:00+00:00,2023-12-06 13:15:00+00:00,-1,15.0,2022.8546005807489,2028.2406005807488,2028.2406005807488,2012.082600580749,-81.8399999999995,SL,9
2023-12-06 13:45:00+00:00,2023-12-06 14:45:00+00:00,1,15.0,2030.4629502740731,2025.2759502740732,2025.2759502740732,2040.8369502740732,-78.85499999999847,SL,4
2023-12-06 14:45:00+00:00,2023-12-06 15:00:00+00:00,1,14.000000000000002,2029.5878297954087,2023.9688297954085,2023.9688297954085,2040.8258297954087,-79.646000000002,SL,1
2023-12-06 15:00:00+00:00,2023-12-07 04:30:00+00:00,1,14.000000000000002,2025.2818255979344,2026.4385727468532,2019.5668255979344,2036.7118255979344,15.214460084863752,TIME,50
2023-12-07 08:15:00+00:00,2023-12-07 13:30:00+00:00,1,23.0,2030.8815262804915,2037.8455262804914,2027.3995262804915,2037.8455262804914,158.56199999999865,TP,21
2023-12-07 14:00:00+00:00,2023-12-07 14:15:00+00:00,1,15.0,2037.1910812891626,2032.0370812891626,2032.0370812891626,2047.4990812891626,-78.35999999999994,SL,1
2023-12-07 15:15:00+00:00,2023-12-08 00:45:00+00:00,-1,13.0,2026.5954089816191,2032.788408981619,2032.788408981619,2014.2094089816192,-81.41899999999978,SL,34
2023-12-08 08:30:00+00:00,2023-12-08 13:30:00+00:00,-1,25.0,2029.229916558373,2022.9759165583728,2032.3569165583729,2022.9759165583728,154.60000000000332,TP,20
2023-12-08 14:00:00+00:00,2023-12-08 14:15:00+00:00,-1,13.0,2018.5576768088447,2006.0716768088448,2024.8006768088446,2006.0716768088448,161.4079999999984,TP,1
2023-12-08 14:15:00+00:00,2023-12-08 17:00:00+00:00,-1,11.0,2010.4479455066876,1996.6119455066876,2017.3659455066875,1996.6119455066876,151.42600000000013,TP,11
2023-12-08 17:00:00+00:00,2023-12-11 06:30:00+00:00,-1,8.0,2002.1726373242273,1998.507833058392,2012.0416373242274,1982.4346373242272,28.758434126682406,TIME,50
2023-12-11 08:15:00+00:00,2023-12-11 15:00:00+00:00,-1,19.0,1994.6807598290184,1986.1107598290184,1998.9657598290185,1986.1107598290184,161.49999999999878,TP,27
2023-12-11 15:00:00+00:00,2023-12-11 17:45:00+00:00,-1,17.0,1986.6222230206954,1977.1002230206955,1991.3832230206954,1977.1002230206955,160.6839999999989,TP,11
2023-12-11 17:45:00+00:00,2023-12-12 00:30:00+00:00,-1,14.000000000000002,1979.7613325690106,1985.6123325690105,1985.6123325690105,1968.0593325690106,-82.89399999999841,SL,23
2023-12-12 08:15:00+00:00,2023-12-12 09:30:00+00:00,1,28.000000000000004,1985.4589096061395,1983.5889613543904,1982.4559096061396,1991.4649096061394,-54.31855104897383,SIGNAL_REVERSE,5
2023-12-12 09:30:00+00:00,2023-12-12 10:15:00+00:00,-1,26.0,1983.5928010995724,1986.7988010995723,1986.7988010995723,1977.1808010995724,-85.17599999999749,SL,3
2023-12-12 12:15:00+00:00,2023-12-12 13:30:00+00:00,1,24.0,1988.6130429186587,1985.1650429186586,1985.1650429186586,1995.5090429186587,-84.43200000000223,SL,5
2023-12-12 13:30:00+00:00,2023-12-12 13:45:00+00:00,1,17.0,1990.5593753635678,1985.6883753635677,1985.6883753635677,2000.3013753635678,-83.9970000000016,SL,1
2023-12-12 15:15:00+00:00,2023-12-13 04:45:00+00:00,-1,12.0,1981.947937558883,1978.8658144248125,1988.667937558883,1968.507937558883,36.145477608846846,TIME,50
2023-12-13 09:00:00+00:00,2023-12-13 19:00:00+00:00,1,23.0,1980.2896996539414,1987.5296996539414,1976.6696996539415,1987.5296996539414,164.9100000000002,TP,40
2023-12-13 19:30:00+00:00,2023-12-13 20:30:00+00:00,1,11.0,2006.0652821953217,2021.6152821953217,1998.2902821953219,2021.6152821953217,170.2799999999995,TP,4
2023-12-13 20:30:00+00:00,2023-12-14 00:00:00+00:00,1,9.0,2016.0817590999181,2033.799759099918,2007.2227590999182,2033.799759099918,158.83199999999863,TP,10
2023-12-14 08:30:00+00:00,2023-12-14 09:30:00+00:00,1,16.0,2040.06843710077,2034.82043710077,2034.82043710077,2050.56443710077,-85.08800000000076,SL,4
2023-12-14 09:30:00+00:00,2023-12-14 13:15:00+00:00,1,15.0,2037.284492528141,2031.702492528141,2031.702492528141,2048.4484925281413,-84.7800000000016,SL,15
2023-12-14 15:00:00+00:00,2023-12-14 17:30:00+00:00,1,12.0,2043.1482412421462,2036.2572412421464,2036.2572412421464,2056.930241242146,-83.53199999999819,SL,10
2023-12-14 18:45:00+00:00,2023-12-15 08:15:00+00:00,-1,11.0,2032.0893619410197,2038.867573875757,2039.6943619410197,2016.8793619410196,-75.3303312821106,TIME,50
2023-12-15 08:15:00+00:00,2023-12-15 13:30:00+00:00,1,27.0,2038.8712011262894,2035.6882011262894,2035.6882011262894,2045.2372011262896,-87.8309999999998,SL,21
2023-12-15 14:00:00+00:00,2023-12-15 15:15:00+00:00,-1,13.0,2031.4103295764987,2037.5753295764987,2037.5753295764987,2019.0803295764988,-81.05499999999952,SL,5
2023-12-15 15:15:00+00:00,2023-12-15 18:15:00+00:00,-1,12.0,2036.901293717385,2023.1292937173853,2043.787293717385,2023.1292937173853,164.42399999999648,TP,12
2023-12-15 18:15:00+00:00,2023-12-18 07:45:00+00:00,-1,10.0,2031.852963106509,2023.3361152134398,2040.0599631065088,2015.4389631065092,84.46847893069098,TIME,50
2023-12-18 09:00:00+00:00,2023-12-18 10:15:00+00:00,1,28.999999999999996,2024.4061987913399,2021.46819879134,2021.46819879134,2030.2821987913399,-87.23199999999635,SL,5
2023-12-18 11:00:00+00:00,2023-12-18 12:15:00+00:00,-1,20.0,2019.245009599825,2023.360009599825,2023.360009599825,2011.015009599825,-83.70000000000019,SL,5
2023-12-18 18:15:00+00:00,2023-12-19 04:00:00+00:00,1,14.000000000000002,2027.9091231072687,2022.1521231072686,2022.1521231072686,2039.4231231072688,-81.57800000000088,SL,35
2023-12-19 08:45:00+00:00,2023-12-19 14:30:00+00:00,1,27.0,2027.1250192970788,2033.3650192970788,2024.005019297079,2033.3650192970788,166.59000000000026,TP,23
2023-12-19 14:30:00+00:00,2023-12-19 14:45:00+00:00,1,20.0,2031.0945292879062,2039.258529287906,2027.0125292879063,2039.258529287906,161.8799999999952,TP,1
2023-12-19 14:45:00+00:00,2023-12-19 16:30:00+00:00,1,18.0,2037.1951997992426,2046.2531997992423,2032.6661997992426,2046.2531997992423,161.78399999999579,TP,7
2023-12-19 16:30:00+00:00,2023-12-19 18:00:00+00:00,1,15.0,2045.9191858612558,2040.1621858612557,2040.1621858612557,2057.433185861256,-87.40500000000092,SL,6
2023-12-19 18:00:00+00:00,2023-12-20 07:30:00+00:00,1,14.000000000000002,2040.45217477586,2042.575854007556,2034.55917477586,2052.23817477586,28.751509243745225,TIME,50
2023-12-20 08:45:00+00:00,2023-12-20 10:00:00+00:00,1,35.0,2041.0421288629143,2038.5881288629141,2038.5881288629141,2045.9501288629144,-88.34000000000624,SL,5
2023-12-20 10:30:00+00:00,2023-12-20 13:30:00+00:00,-1,28.000000000000004,2036.2703637424509,2030.2323637424508,2039.2893637424509,2030.2323637424508,167.10400000000033,TP,12
2023-12-20 13:30:00+00:00,2023-12-20 14:00:00+00:00,-1,21.0,2032.49525557961,2036.5032555796101,2036.5032555796101,2024.4792555796103,-85.6380000000008,SL,2
2023-12-20 14:00:00+00:00,2023-12-21 03:30:00+00:00,-1,19.0,2036.3746068061696,2035.7648689220255,2040.8986068061695,2027.3266068061696,10.255019798738358,TIME,50
2023-12-21 10:45:00+00:00,2023-12-21 12:15:00+00:00,-1,31.0,2033.6465060844828,2036.4355060844828,2036.4355060844828,2028.0685060844828,-88.6289999999996,SL,6
2023-12-21 12:15:00+00:00,2023-12-21 12:30:00+00:00,-1,32.0,2033.6057106998287,2036.3277106998287,2036.3277106998287,2028.1617106998287,-89.34399999999935,SL,1
2023-12-21 14:00:00+00:00,2023-12-21 23:30:00+00:00,1,17.0,2041.587547724241,2051.615547724241,2036.573547724241,2051.615547724241,169.28600000000034,TP,34
2023-12-22 09:00:00+00:00,2023-12-22 10:15:00+00:00,1,32.0,2051.476424580723,2056.8344245807225,2048.797424580723,2056.8344245807225,169.21599999999103,TP,5
2023-12-22 10:15:00+00:00,2023-12-22 11:15:00+00:00,1,31.0,2054.7716331527936,2060.3556331527934,2051.9796331527937,2060.3556331527934,170.93399999999482,TP,4
2023-12-22 11:15:00+00:00,2023-12-22 12:15:00+00:00,1,26.0,2057.6301585943797,2064.2821585943793,2054.3041585943797,2064.2821585943793,171.13199999998932,TP,4
2023-12-22 12:15:00+00:00,2023-12-22 14:30:00+00:00,1,21.0,2061.330231679607,2069.636231679607,2057.1772316796073,2069.636231679607,172.95600000000084,TP,9
2023-12-22 14:30:00+00:00,2023-12-22 15:45:00+00:00,1,13.0,2067.5842461917846,2060.6702461917844,2060.6702461917844,2081.4122461917846,-90.79200000000279,SL,5
2023-12-22 15:45:00+00:00,2023-12-22 16:45:00+00:00,1,11.0,2062.5212008090666,2054.455200809067,2054.455200809067,2078.6532008090667,-89.49599999999784,SL,4
2023-12-22 17:15:00+00:00,2023-12-26 01:45:00+00:00,-1,11.0,2052.741889361649,2060.758889361649,2060.758889361649,2036.7078893616492,-88.95699999999808,SL,30
2023-12-26 09:15:00+00:00,2023-12-26 11:15:00+00:00,-1,36.0,2061.410999334436,2063.922999334436,2063.922999334436,2056.3869993344356,-92.95200000000615,SL,8
2023-12-26 14:00:00+00:00,2023-12-26 14:15:00+00:00,-1,35.0,2058.703665041649,2061.207665041649,2061.207665041649,2053.695665041649,-90.08999999999669,SL,1
2023-12-26 14:15:00+00:00,2023-12-26 14:30:00+00:00,-1,35.0,2060.1730768595976,2055.0570768595976,2062.7310768595976,2055.0570768595976,176.6099999999995,TP,1
2023-12-26 14:30:00+00:00,2023-12-26 20:00:00+00:00,-1,27.0,2060.553566499298,2063.792566499298,2063.792566499298,2054.075566499298,-89.34300000000088,SL,22
2023-12-26 20:00:00+00:00,2023-12-26 20:45:00+00:00,1,28.999999999999996,2061.743102913412,2067.781102913412,2058.7241029134116,2067.781102913412,173.0720000000003,TP,3
2023-12-26 20:45:00+00:00,2023-12-27 10:15:00+00:00,1,28.000000000000004,2066.8120487346796,2063.7100487346797,2063.7100487346797,2073.0160487346798,-88.81599999999614,SL,50
2023-12-27 10:15:00+00:00,2023-12-27 10:30:00+00:00,1,31.0,2067.930303450176,2065.013303450176,2065.013303450176,2073.764303450176,-92.59699999999741,SL,1
2023-12-27 12:45:00+00:00,2023-12-27 15:15:00+00:00,1,24.0,2069.4387436783363,2076.6447436783365,2065.8357436783363,2076.6447436783365,171.26400000000314,TP,10
2023-12-27 15:15:00+00:00,2023-12-27 16:30:00+00:00,1,17.0,2071.981684942903,2081.989684942903,2066.977684942903,2081.989684942903,168.9459999999968,TP,5
2023-12-27 16:30:00+00:00,2023-12-28 06:00:00+00:00,1,15.0,2080.5031290534766,2085.7661876678435,2074.6061290534767,2092.2971290534765,77.89587921550283,TIME,50
2023-12-28 08:30:00+00:00,2023-12-28 19:15:00+00:00,-1,25.0,2077.479529837718,2070.095529837718,2081.171529837718,2070.095529837718,182.85000000000036,TP,43
2023-12-28 19:15:00+00:00,2023-12-29 08:15:00+00:00,-1,17.0,2070.916801148782,2073.310113059534,2076.189801148782,2060.370801148782,-41.87630248278987,SIGNAL_REVERSE,48
2023-12-29 08:15:00+00:00,2023-12-29 08:45:00+00:00,1,34.0,2073.309745300892,2070.560745300892,2070.560745300892,2078.807745300892,-95.84599999999307,SL,2
2023-12-29 08:45:00+00:00,2023-12-29 09:00:00+00:00,1,33.0,2070.763654318556,2067.967654318556,2067.967654318556,2076.355654318556,-94.57799999999412,SL,1
2023-12-29 09:45:00+00:00,2023-12-29 10:30:00+00:00,-1,28.999999999999996,2068.2111362606374,2061.9331362606376,2071.3501362606376,2061.9331362606376,180.03199999999396,TP,3
2023-12-29 10:30:00+00:00,2023-12-29 11:00:00+00:00,-1,26.0,2062.3110408732095,2065.8290408732096,2065.8290408732096,2055.2750408732095,-93.28800000000075,SL,2
2023-12-29 11:00:00+00:00,2023-12-29 11:30:00+00:00,-1,26.0,2064.731950886547,2068.286950886547,2068.286950886547,2057.621950886547,-94.24999999999574,SL,2
2023-12-29 11:30:00+00:00,2023-12-29 20:00:00+00:00,-1,23.0,2065.599812982717,2067.330448500337,2069.485812982717,2057.827812982717,-41.41461690525317,SIGNAL_REVERSE,34
2023-12-29 20:00:00+00:00,2024-01-01 23:00:00+00:00,1,19.0,2067.331604611453,2062.5006046114527,2062.5006046114527,2076.9936046114526,-93.11900000000249,SL,8
2024-01-02 08:15:00+00:00,2024-01-02 11:30:00+00:00,1,26.0,2074.069305023101,2070.6153050231014,2070.6153050231014,2080.977305023101,-91.6239999999928,SL,13
2024-01-02 12:00:00+00:00,2024-01-02 15:30:00+00:00,-1,18.0,2069.212821627081,2059.4548216270814,2074.091821627081,2059.4548216270814,174.3839999999966,TP,14
2024-01-02 15:30:00+00:00,2024-01-03 05:00:00+00:00,-1,11.0,2064.656331579376,2064.7784600086725,2072.292331579376,2049.384331579376,-2.1134127222612915,TIME,50
2024-01-03 08:45:00+00:00,2024-01-03 09:30:00+00:00,-1,28.000000000000004,2061.6557705658015,2055.1657705658017,2064.9007705658014,2055.1657705658017,179.7599999999939,TP,3
2024-01-03 09:30:00+00:00,2024-01-03 11:30:00+00:00,-1,23.0,2058.83292646667,2050.98292646667,2062.75792646667,2050.98292646667,178.9399999999979,TP,8
2024-01-03 11:30:00+00:00,2024-01-03 12:15:00+00:00,-1,18.0,2052.299399425238,2042.363399425238,2057.2673994252377,2042.363399425238,177.5879999999986,TP,3
2024-01-03 12:15:00+00:00,2024-01-03 14:30:00+00:00,-1,16.0,2045.4496338490646,2034.0576338490648,2051.145633849065,2034.0576338490648,181.1519999999972,TP,9
2024-01-03 14:30:00+00:00,2024-01-03 15:00:00+00:00,-1,13.0,2037.0567135215206,2044.0507135215205,2044.0507135215205,2023.0687135215207,-91.83199999999889,SL,2
2024-01-03 15:00:00+00:00,2024-01-03 20:45:00+00:00,-1,11.0,2035.6736114861324,2041.5140993717293,2044.2006114861324,2018.6196114861325,-65.01536674156684,SIGNAL_REVERSE,23
2024-01-03 20:45:00+00:00,2024-01-04 10:15:00+00:00,1,16.0,2041.5103142817218,2048.249138906161,2035.5853142817218,2053.360314281722,106.70119399102884,TIME,50
2024-01-04 10:15:00+00:00,2024-01-04 12:00:00+00:00,1,21.0,2048.290101662933,2043.771101662933,2043.771101662933,2057.328101662933,-96.36900000000011,SL,7
2024-01-04 13:45:00+00:00,2024-01-04 15:00:00+00:00,-1,20.0,2039.3946397509317,2044.0476397509317,2044.0476397509317,2030.0886397509316,-94.4600000000004,SL,5
2024-01-04 15:00:00+00:00,2024-01-04 15:15:00+00:00,-1,18.0,2039.3800290933818,2044.5430290933818,2044.5430290933818,2029.0540290933818,-94.1940000000002,SL,1
2024-01-04 15:15:00+00:00,2024-01-05 04:45:00+00:00,-1,17.0,2045.1523645033733,2045.3384268818038,2050.4883645033733,2034.4803645033733,-4.353060433318606,TIME,50
2024-01-05 08:15:00+00:00,2024-01-05 13:30:00+00:00,-1,31.0,2042.7885089840079,2036.706508984008,2045.8295089840078,2036.706508984008,186.3719999999963,TP,21
2024-01-05 13:30:00+00:00,2024-01-05 14:00:00+00:00,-1,20.0,2038.8900230287052,2043.5880230287053,2043.5880230287053,2029.4940230287052,-95.36000000000186,SL,2
2024-01-05 15:30:00+00:00,2024-01-05 16:45:00+00:00,1,9.0,2059.8159321821267,2049.6259321821267,2049.6259321821267,2080.1959321821264,-92.34000000000049,SL,5
2024-01-05 16:45:00+00:00,2024-01-05 20:30:00+00:00,1,7.000000000000001,2050.3657304127473,2044.1931434230437,2038.3927304127476,2074.311730412747,-43.69810892792543,SIGNAL_REVERSE,15
2024-01-05 20:30:00+00:00,2024-01-08 05:30:00+00:00,-1,14.000000000000002,2044.1930911485342,2031.5210911485344,2050.529091148534,2031.5210911485344,176.4279999999972,TP,32
2024-01-08 08:15:00+00:00,2024-01-08 11:15:00+00:00,-1,19.0,2028.8789169924303,2019.0389169924304,2033.7989169924303,2019.0389169924304,185.62999999999843,TP,12
2024-01-08 11:15:00+00:00,2024-01-08 15:30:00+00:00,-1,18.0,2025.6232218553596,2030.6942218553597,2030.6942218553597,2015.4812218553595,-92.53800000000253,SL,17
2024-01-08 15:45:00+00:00,2024-01-08 20:30:00+00:00,1,13.0,2032.4838171942329,2027.2529023933937,2025.249817194233,2046.9518171942327,-68.91189241090925,SIGNAL_REVERSE,19
2024-01-08 20:30:00+00:00,2024-01-09 00:00:00+00:00,-1,24.0,2027.2540886855456,2031.1610886855456,2031.1610886855456,2019.4400886855458,-95.44799999999822,SL,10
2024-01-09 10:30:00+00:00,2024-01-09 13:15:00+00:00,1,19.0,2037.7637574601638,2032.9017574601637,2032.9017574601637,2047.4877574601637,-93.70800000000152,SL,11
2024-01-09 14:15:00+00:00,2024-01-09 14:45:00+00:00,1,18.0,2039.3479532757608,2034.177953275761,2034.177953275761,2049.6879532757607,-94.31999999999722,SL,2
2024-01-09 16:15:00+00:00,2024-01-10 05:45:00+00:00,-1,15.0,2027.3107457737015,2028.0445902638403,2033.2817457737015,2015.3687457737014,-12.057667352082536,TIME,50
2024-01-10 08:45:00+00:00,2024-01-10 14:00:00+00:00,1,22.0,2033.1344436921916,2028.9464436921915,2028.9464436921915,2041.5104436921915,-93.67600000000225,SL,21
2024-01-10 14:00:00+00:00,2024-01-10 17:45:00+00:00,-1,24.0,2030.2278508311072,2022.567850831107,2034.057850831107,2022.567850831107,182.16000000000196,TP,15
2024-01-10 17:45:00+00:00,2024-01-11 02:00:00+00:00,-1,17.0,2025.3343106104826,2030.5083106104826,2030.5083106104826,2014.9863106104826,-89.14799999999963,SL,29
2024-01-11 08:15:00+00:00,2024-01-11 11:00:00+00:00,1,31.0,2032.9709334012543,2032.0151092206495,2029.9689334012544,2038.9749334012542,-31.80054959875035,SIGNAL_REVERSE,11
2024-01-11 11:00:00+00:00,2024-01-11 13:15:00+00:00,-1,30.0,2032.0155308377157,2035.0875308377156,2035.0875308377156,2025.8715308377157,-94.25999999999667,SL,9
2024-01-11 16:15:00+00:00,2024-01-11 21:00:00+00:00,-1,10.0,2025.5139399750747,2026.748959673031,2034.4989399750746,2007.5439399750746,-13.050196979564316,SIGNAL_REVERSE,19
2024-01-11 21:00:00+00:00,2024-01-12 10:15:00+00:00,1,13.0,2026.748155367459,2040.1581553674591,2020.0431553674591,2040.1581553674591,173.42000000000107,TP,49
2024-01-12 10:15:00+00:00,2024-01-12 11:00:00+00:00,1,24.0,2039.2262972810693,2046.6342972810692,2035.5222972810693,2046.6342972810692,176.11199999999764,TP,3
2024-01-12 11:00:00+00:00,2024-01-12 13:30:00+00:00,1,22.0,2046.0019479831126,2054.3079479831126,2041.8489479831126,2054.3079479831126,181.1920000000009,TP,10
2024-01-12 13:30:00+00:00,2024-01-12 14:30:00+00:00,1,17.0,2048.5277384836436,2059.5777384836438,2043.0027384836435,2059.5777384836438,186.6600000000031,TP,4
2024-01-12 14:30:00+00:00,2024-01-12 15:45:00+00:00,1,14.000000000000002,2057.838448658031,2051.0104486580312,2051.0104486580312,2071.494448658031,-96.57199999999966,SL,5
2024-01-12 16:00:00+00:00,2024-01-12 17:00:00+00:00,1,12.0,2053.6759035887667,2045.6699035887666,2045.6699035887666,2069.687903588767,-96.91200000000103,SL,4
2024-01-12 17:45:00+00:00,2024-01-15 02:15:00+00:00,-1,11.0,2042.840020324412,2051.394020324412,2051.394020324412,2025.7320203244121,-94.86399999999846,SL,30
2024-01-15 09:00:00+00:00,2024-01-15 09:45:00+00:00,1,28.999999999999996,2056.6265816786367,2053.3295816786367,2053.3295816786367,2063.220581678637,-97.64300000000073,SL,3
2024-01-15 11:15:00+00:00,2024-01-15 17:30:00+00:00,-1,25.0,2052.430679095764,2056.115679095764,2056.115679095764,2045.060679095764,-93.87499999999864,SL,25
2024-01-15 17:45:00+00:00,2024-01-16 00:15:00+00:00,1,32.0,2055.826433422221,2052.907433422221,2052.907433422221,2061.664433422221,-95.6479999999958,SL,16
2024-01-16 08:30:00+00:00,2024-01-16 09:00:00+00:00,-1,27.0,2047.5554615011004,2040.8674615011005,2050.8994615011,2040.8674615011005,178.68599999999662,TP,2
2024-01-16 09:00:00+00:00,2024-01-16 13:00:00+00:00,-1,24.0,2043.113550174668,2035.591550174668,2046.874550174668,2035.591550174668,178.84799999999842,TP,16
2024-01-16 13:00:00+00:00,2024-01-16 13:30:00+00:00,-1,16.0,2038.4297811284614,2044.0147811284614,2044.0147811284614,2027.2597811284613,-90.48000000000059,SL,2
2024-01-16 13:30:00+00:00,2024-01-16 13:45:00+00:00,-1,15.0,2032.2530302017467,2038.5630302017466,2038.5630302017466,2019.6330302017466,-95.69999999999918,SL,1
2024-01-16 17:15:00+00:00,2024-01-17 06:45:00+00:00,-1,10.0,2026.5842363819652,2018.7370230861886,2035.5422363819653,2008.6682363819652,77.77213295776555,TIME,50
2024-01-17 09:00:00+00:00,2024-01-17 10:15:00+00:00,-1,21.0,2021.424452258926,2025.841452258926,2025.841452258926,2012.590452258926,-94.22699999999824,SL,5
2024-01-17 10:45:00+00:00,2024-01-17 13:30:00+00:00,1,20.0,2025.8663939738312,2021.2493939738313,2021.2493939738313,2035.1003939738312,-93.73999999999924,SL,11
2024-01-17 13:30:00+00:00,2024-01-17 14:00:00+00:00,1,18.0,2024.7499348415777,2019.6729348415777,2019.6729348415777,2034.9039348415777,-92.64599999999997,SL,2
2024-01-17 15:00:00+00:00,2024-01-18 04:30:00+00:00,-1,13.0,2012.0184818447892,2008.6158733981508,2019.0534818447893,1997.9484818447893,43.323909806299156,TIME,50
2024-01-18 08:15:00+00:00,2024-01-18 13:30:00+00:00,1,26.0,2010.7394101862392,2007.146410186239,2007.146410186239,2017.9254101862393,-95.23800000000193,SL,21
2024-01-18 17:45:00+00:00,2024-01-19 07:15:00+00:00,1,17.0,2015.3908124702284,2025.9408124702286,2010.1158124702283,2025.9408124702286,178.1600000000031,TP,50
2024-01-19 08:15:00+00:00,2024-01-19 12:00:00+00:00,1,35.0,2027.6373422567622,2032.967342256762,2024.9723422567622,2032.967342256762,184.09999999999746,TP,15
2024-01-19 12:00:00+00:00,2024-01-19 13:30:00+00:00,1,27.0,2031.6087207841151,2038.4747207841149,2028.1757207841151,2038.4747207841149,183.49199999999348,TP,6
2024-01-19 13:30:00+00:00,2024-01-19 14:15:00+00:00,1,23.0,2036.5857183486974,2032.5947183486974,2032.5947183486974,2044.5677183486973,-93.40299999999966,SL,3
2024-01-19 14:15:00+00:00,2024-01-19 14:30:00+00:00,1,23.0,2033.4772013108025,2029.3952013108023,2029.3952013108023,2041.6412013108024,-95.49600000000247,SL,1
2024-01-19 14:30:00+00:00,2024-01-19 14:45:00+00:00,1,22.0,2031.9396675292594,2027.5836675292594,2027.5836675292594,2040.6516675292594,-97.37199999999989,SL,1
2024-01-19 15:30:00+00:00,2024-01-22 01:00:00+00:00,-1,17.0,2025.9950955782106,2031.5290955782107,2031.5290955782107,2014.9270955782106,-95.26800000000179,SL,34
2024-01-22 08:15:00+00:00,2024-01-22 12:15:00+00:00,-1,21.0,2023.1450373493706,2027.4980373493706,2027.4980373493706,2014.4390373493704,-92.88300000000137,SL,16
2024-01-22 12:15:00+00:00,2024-01-22 13:45:00+00:00,1,21.0,2026.2347962168114,2021.8847962168113,2021.8847962168113,2034.9347962168115,-92.82000000000286,SL,6
2024-01-22 18:30:00+00:00,2024-01-23 03:45:00+00:00,-1,17.0,2020.860769136137,2026.163769136137,2026.163769136137,2010.254769136137,-91.34100000000188,SL,33
2024-01-23 08:15:00+00:00,2024-01-23 10:00:00+00:00,1,19.0,2030.9558068037843,2026.2018068037842,2026.2018068037842,2040.4638068037843,-91.65600000000252,SL,7
2024-01-23 11:00:00+00:00,2024-01-23 13:15:00+00:00,-1,17.0,2025.0817642656273,2030.2727642656273,2030.2727642656273,2014.6997642656272,-89.43700000000052,SL,9
2024-01-23 13:15:00+00:00,2024-01-23 19:30:00+00:00,-1,21.0,2026.1726228562463,2030.4546228562463,2030.4546228562463,2017.6086228562463,-91.39199999999843,SL,25
2024-01-23 19:45:00+00:00,2024-01-24 02:00:00+00:00,1,21.0,2030.0651412657492,2025.9401412657492,2025.9401412657492,2038.3151412657492,-88.095,SL,21
2024-01-24 08:15:00+00:00,2024-01-24 13:30:00+00:00,1,25.0,2029.455952336103,2036.4099523361033,2025.978952336103,2036.4099523361033,172.10000000000446,TP,21
2024-01-24 13:30:00+00:00,2024-01-24 14:30:00+00:00,1,19.0,2035.7095319193506,2031.1665319193505,2031.1665319193505,2044.7955319193507,-87.64700000000228,SL,4
2024-01-24 14:30:00+00:00,2024-01-24 14:45:00+00:00,1,17.0,2032.9883966246382,2027.8503966246383,2027.8503966246383,2043.2643966246383,-88.53599999999864,SL,1
2024-01-24 15:15:00+00:00,2024-01-25 04:45:00+00:00,-1,13.0,2023.6231964627837,2015.1721609997069,2030.0231964627837,2010.8231964627837,108.95346101999812,TIME,50
2024-01-25 09:15:00+00:00,2024-01-25 09:30:00+00:00,-1,30.0,2013.451428844041,2016.364428844041,2016.364428844041,2007.6254288440412,-89.49000000000032,SL,1
2024-01-25 09:30:00+00:00,2024-01-25 09:45:00+00:00,-1,28.999999999999996,2014.4664813214424,2017.5124813214422,2017.5124813214422,2008.3744813214425,-90.36399999999482,SL,1
2024-01-25 10:30:00+00:00,2024-01-25 12:15:00+00:00,1,26.0,2018.1174097716028,2014.8274097716028,2014.8274097716028,2024.6974097716027,-87.35999999999905,SL,7
2024-01-25 12:15:00+00:00,2024-01-25 13:30:00+00:00,1,25.0,2016.060383934901,2012.595383934901,2012.595383934901,2022.9903839349008,-88.37499999999795,SL,5
2024-01-25 14:30:00+00:00,2024-01-25 16:15:00+00:00,1,14.000000000000002,2022.2068413921716,2016.2808413921716,2016.2808413921716,2034.0588413921716,-83.94399999999905,SL,7
2024-01-25 16:15:00+00:00,2024-01-25 17:00:00+00:00,1,12.0,2019.8499530061638,2012.6809530061637,2012.6809530061637,2034.1879530061638,-86.86800000000116,SL,3
2024-01-25 18:00:00+00:00,2024-01-26 01:00:00+00:00,-1,11.0,2014.9134753349101,2022.1284753349103,2022.1284753349103,2000.48347533491,-80.1350000000016,SL,24
2024-01-26 09:15:00+00:00,2024-01-26 09:45:00+00:00,-1,30.0,2018.4733842137562,2021.2373842137563,2021.2373842137563,2012.9453842137561,-85.0200000000037,SL,2
2024-01-26 09:45:00+00:00,2024-01-26 10:45:00+00:00,-1,28.999999999999996,2020.7288777662295,2023.6218777662295,2023.6218777662295,2014.9428777662295,-85.92700000000083,SL,4
2024-01-26 11:45:00+00:00,2024-01-26 13:30:00+00:00,1,25.0,2022.707637860422,2019.443637860422,2019.443637860422,2029.2356378604218,-83.34999999999741,SL,7
2024-01-26 15:30:00+00:00,2024-01-28 23:00:00+00:00,-1,16.0,2017.9032763277344,2022.9972763277342,2022.9972763277342,2007.7152763277345,-82.62399999999718,SL,26
2024-01-29 08:15:00+00:00,2024-01-29 09:30:00+00:00,1,26.0,2032.0342976825013,2028.9532976825014,2028.9532976825014,2038.1962976825014,-81.92599999999749,SL,5
2024-01-29 09:30:00+00:00,2024-01-29 10:30:00+00:00,1,24.0,2030.1454300325076,2026.7894300325077,2026.7894300325077,2036.8574300325076,-82.22399999999988,SL,4
2024-01-29 11:30:00+00:00,2024-01-29 12:15:00+00:00,-1,23.0,2026.479348518873,2029.922348518873,2029.922348518873,2019.593348518873,-80.79899999999962,SL,3
2024-01-29 13:15:00+00:00,2024-01-29 13:30:00+00:00,-1,25.0,2028.5395173615816,2031.7765173615817,2031.7765173615817,2022.0655173615817,-82.675000000002,SL,1
2024-01-29 14:00:00+00:00,2024-01-29 14:15:00+00:00,1,22.0,2036.867506088744,2033.288506088744,2033.288506088744,2044.025506088744,-80.27799999999893,SL,1
2024-01-29 14:15:00+00:00,2024-01-29 14:30:00+00:00,1,21.0,2035.5495277174512,2031.734527717451,2031.734527717451,2043.179527717451,-81.58500000000114,SL,1
2024-01-29 14:30:00+00:00,2024-01-29 14:45:00+00:00,1,17.0,2032.845877377831,2028.282877377831,2028.282877377831,2041.9718773778309,-78.76099999999786,SL,1
2024-01-30 08:15:00+00:00,2024-01-30 11:15:00+00:00,1,26.0,2037.9422127014593,2035.0322127014592,2035.0322127014592,2043.7622127014595,-77.48000000000212,SL,12
2024-01-30 12:00:00+00:00,2024-01-30 13:45:00+00:00,-1,23.0,2034.2827830285162,2037.6687830285161,2037.6687830285161,2027.510783028516,-79.48799999999925,SL,7
2024-01-30 14:30:00+00:00,2024-01-30 15:00:00+00:00,1,16.0,2047.6369338535983,2042.9509338535981,2042.9509338535981,2057.008933853598,-76.09600000000239,SL,2
2024-01-30 15:00:00+00:00,2024-01-30 15:15:00+00:00,1,13.0,2046.5381487847828,2040.7311487847828,2040.7311487847828,2058.152148784783,-76.40100000000021,SL,1
2024-01-30 18:00:00+00:00,2024-01-31 07:30:00+00:00,-1,12.0,2033.9759763007974,2037.432964666483,2040.1239763007973,2021.6799763007973,-42.3238603882281,TIME,50
2024-01-31 08:15:00+00:00,2024-01-31 13:30:00+00:00,1,33.0,2037.4944689229114,2042.0384689229115,2035.2224689229115,2042.0384689229115,147.64200000000318,TP,21
2024-02-07 20:00:00+00:00,2024-02-08 09:30:00+00:00,-1,19.0,2035.5084803765396,2030.3916292151102,2039.5324803765398,2027.4604803765396,95.8901720671585,TIME,50
2024-02-08 09:30:00+00:00,2024-02-08 09:45:00+00:00,-1,26.0,2030.3501996900056,2033.2771996900055,2033.2771996900055,2024.4961996900056,-77.92199999999758,SL,1
2024-02-08 10:45:00+00:00,2024-02-08 11:00:00+00:00,1,22.0,2036.8240518632338,2033.3820518632338,2033.3820518632338,2043.7080518632338,-77.26400000000017,SL,1
2024-02-08 11:00:00+00:00,2024-02-08 11:15:00+00:00,1,20.0,2036.1001087714928,2032.4001087714928,2032.4001087714928,2043.5001087714927,-75.40000000000092,SL,1
2024-02-08 12:15:00+00:00,2024-02-08 14:30:00+00:00,-1,17.0,2027.981449399292,2032.3104493992919,2032.3104493992919,2019.323449399292,-74.78299999999916,SL,9
2024-02-08 14:30:00+00:00,2024-02-08 17:15:00+00:00,-1,13.0,2028.8585962499008,2031.1604613949341,2034.5405962499008,2017.4945962499007,-30.83424688543406,SIGNAL_REVERSE,11
2024-02-08 17:15:00+00:00,2024-02-09 06:45:00+00:00,1,13.0,2031.1562401981532,2033.6210727458608,2025.4852401981532,2042.4982401981533,31.132823120198818,TIME,50
2024-02-09 09:30:00+00:00,2024-02-09 13:00:00+00:00,-1,31.0,2032.381866745889,2027.651866745889,2034.746866745889,2027.651866745889,144.46000000000058,TP,14
2024-02-09 13:00:00+00:00,2024-02-09 13:30:00+00:00,-1,26.0,2028.7465316622497,2031.5445316622497,2031.5445316622497,2023.1505316622497,-74.56800000000004,SL,2
2024-02-09 13:30:00+00:00,2024-02-12 03:00:00+00:00,-1,20.0,2026.94121157443,2022.4032155523266,2030.6992115744301,2019.42521157443,89.35992044206941,TIME,50
2024-02-12 08:15:00+00:00,2024-02-12 09:00:00+00:00,1,38.0,2025.289423895939,2023.3154238959391,2023.3154238959391,2029.2374238959392,-77.67199999999744,SL,3
2024-02-12 10:00:00+00:00,2024-02-12 13:00:00+00:00,-1,30.0,2020.7574649943654,2023.2094649943654,2023.2094649943654,2015.8534649943654,-75.65999999999994,SL,12
2024-02-12 13:00:00+00:00,2024-02-12 13:15:00+00:00,-1,26.0,2021.4336471807148,2024.2816471807148,2024.2816471807148,2015.737647180715,-75.86799999999886,SL,1
2024-02-12 14:15:00+00:00,2024-02-12 19:15:00+00:00,-1,19.0,2018.7557534978032,2020.7298055989081,2022.6107534978032,2011.0457534978032,-38.83698992099342,SIGNAL_REVERSE,20
2024-02-12 19:15:00+00:00,2024-02-13 08:45:00+00:00,1,17.0,2020.7275979824565,2025.2125851039364,2016.4195979824565,2029.3435979824565,75.05478106515812,TIME,50
2024-02-13 08:45:00+00:00,2024-02-13 11:30:00+00:00,1,37.0,2025.247650772886,2029.237650772886,2023.2526507728858,2029.237650772886,145.04000000000033,TP,11
2024-02-13 11:30:00+00:00,2024-02-13 13:30:00+00:00,1,32.0,2028.888667241729,2026.5596672417291,2026.5596672417291,2033.5466672417292,-76.76799999999842,SL,8
2024-02-13 13:30:00+00:00,2024-02-13 13:45:00+00:00,1,16.0,2029.2321751953268,2024.7351751953267,2024.7351751953267,2038.2261751953267,-73.07200000000114,SL,1
2024-02-13 18:45:00+00:00,2024-02-14 08:15:00+00:00,-1,12.0,1994.1555039695709,1988.2616903743015,2000.308503969571,1981.8495039695708,69.88576314323305,TIME,50
2024-02-14 08:15:00+00:00,2024-02-14 09:30:00+00:00,-1,31.0,1988.2195283372905,1990.5745283372905,1990.5745283372905,1983.5095283372907,-75.17500000000057,SL,5
2024-02-14 09:30:00+00:00,2024-02-14 10:45:00+00:00,-1,25.0,1989.9205140219199,1992.9115140219199,1992.9115140219199,1983.93851402192,-76.52499999999964,SL,5
2024-02-14 15:15:00+00:00,2024-02-14 16:00:00+00:00,-1,14.000000000000002,1986.0967180553293,1991.0707180553293,1991.0707180553293,1976.1487180553293,-70.61599999999908,SL,3
2024-02-14 16:00:00+00:00,2024-02-14 16:30:00+00:00,-1,13.0,1987.8765034279754,1993.1865034279754,1993.1865034279754,1977.2565034279753,-69.93999999999929,SL,2
2024-02-14 18:00:00+00:00,2024-02-15 07:30:00+00:00,1,12.0,1994.4279303767446,1993.9654657975134,1988.4209303767445,2006.4419303767447,-6.389574950774513,TIME,50
2024-02-22 18:30:00+00:00,2024-02-22 23:15:00+00:00,-1,15.0,2020.921048846368,2025.785048846368,2025.785048846368,2011.1930488463681,-74.01000000000049,SL,15
2024-02-23 08:15:00+00:00,2024-02-23 10:45:00+00:00,-1,27.0,2020.636999219308,2023.2789992193082,2023.2789992193082,2015.352999219308,-73.22400000000142,SL,10
2024-02-23 10:45:00+00:00,2024-02-23 12:00:00+00:00,-1,20.0,2021.115331801219,2024.5813318012192,2024.5813318012192,2014.183331801219,-70.72000000000244,SL,5
2024-02-23 12:00:00+00:00,2024-02-23 15:45:00+00:00,1,23.0,2023.8620365810086,2030.0920365810086,2020.7470365810086,2030.0920365810086,141.6800000000004,TP,15
2024-02-23 15:45:00+00:00,2024-02-23 16:30:00+00:00,1,16.0,2027.0866155072645,2035.9366155072646,2022.6616155072645,2035.9366155072646,140.48000000000218,TP,3
2024-02-23 16:30:00+00:00,2024-02-26 06:00:00+00:00,1,14.000000000000002,2033.4408613695518,2033.043812228769,2028.3738613695518,2043.5748613695519,-6.538687970960365,TIME,50
2024-02-26 08:15:00+00:00,2024-02-26 09:45:00+00:00,1,32.0,2034.7928914203987,2032.5558914203987,2032.5558914203987,2039.2668914203987,-73.82400000000256,SL,6
2024-02-26 10:30:00+00:00,2024-02-26 11:00:00+00:00,1,22.0,2034.8578131517388,2031.6388131517388,2031.6388131517388,2041.2958131517387,-72.35800000000113,SL,2
2024-02-26 12:00:00+00:00,2024-02-26 12:45:00+00:00,-1,23.0,2030.9480478517694,2034.0920478517694,2034.0920478517694,2024.6600478517696,-73.92200000000012,SL,3
2024-02-26 14:30:00+00:00,2024-02-26 20:00:00+00:00,-1,19.0,2027.9058991032587,2031.6748991032587,2031.6748991032587,2020.3678991032589,-72.9410000000001,SL,22
2024-02-26 20:30:00+00:00,2024-02-27 08:45:00+00:00,1,22.0,2032.9868100985068,2039.2248100985066,2029.8678100985069,2039.2248100985066,135.69599999999625,TP,45
2024-02-27 08:45:00+00:00,2024-02-27 09:15:00+00:00,1,34.0,2038.6689285783862,2036.616928578386,2036.616928578386,2042.7729285783862,-72.14800000000457,SL,2
2024-02-27 09:15:00+00:00,2024-02-27 10:15:00+00:00,1,33.0,2037.281471187881,2035.1444711878808,2035.1444711878808,2041.555471187881,-72.83100000000564,SL,4
2024-02-27 10:15:00+00:00,2024-02-27 15:15:00+00:00,1,28.999999999999996,2035.3791965859282,2034.2032518105837,2032.959196585928,2040.2191965859283,-36.13239848499145,SIGNAL_REVERSE,20
2024-02-27 15:15:00+00:00,2024-02-28 04:45:00+00:00,-1,20.0,2034.2047092838582,2030.849065981437,2037.7487092838583,2027.1167092838582,65.7128660484237,TIME,50
2024-02-28 08:15:00+00:00,2024-02-28 09:30:00+00:00,-1,40.0,2028.808507909734,2025.272507909734,2030.5765079097341,2025.272507909734,138.64000000000232,TP,5
2024-02-28 09:30:00+00:00,2024-02-28 11:00:00+00:00,-1,35.0,2025.7192601579184,2027.7302601579183,2027.7302601579183,2021.6972601579184,-72.83499999999886,SL,6
2024-02-28 11:00:00+00:00,2024-02-28 12:30:00+00:00,-1,30.0,2027.2234375876023,2029.5764375876024,2029.5764375876024,2022.5174375876024,-72.69000000000196,SL,6
2024-02-28 13:00:00+00:00,2024-02-28 13:30:00+00:00,1,27.0,2029.5495069344388,2034.8375069344388,2026.9055069344388,2034.8375069344388,140.8860000000003,TP,2
2024-02-28 13:30:00+00:00,2024-02-29 03:00:00+00:00,1,23.0,2033.3386947104618,2036.552257975977,2030.2466947104617,2039.5226947104618,72.30195510684906,TIME,50
2024-02-29 10:30:00+00:00,2024-02-29 13:30:00+00:00,-1,31.0,2032.5777072875612,2034.900707287561,2034.900707287561,2027.9317072875613,-74.18299999999583,SL,12
2024-02-29 13:30:00+00:00,2024-02-29 13:45:00+00:00,-1,18.0,2031.8119034796996,2035.7759034796995,2035.7759034796995,2023.8839034796995,-72.61199999999896,SL,1
2024-02-29 14:00:00+00:00,2024-02-29 21:15:00+00:00,1,15.0,2047.6604014195236,2043.985767764647,2043.1124014195236,2056.7564014195236,-56.16950482314773,SIGNAL_REVERSE,29
2024-02-29 21:15:00+00:00,2024-03-01 03:45:00+00:00,-1,27.0,2043.9896072401773,2046.5696072401772,2046.5696072401772,2038.8296072401774,-71.54999999999804,SL,22
2024-03-01 08:45:00+00:00,2024-03-01 09:00:00+00:00,-1,25.0,2040.4888297708983,2043.2888297708982,2043.2888297708982,2034.8888297708982,-71.74999999999886,SL,1
2024-03-01 09:00:00+00:00,2024-03-01 09:15:00+00:00,-1,22.0,2039.7342675401383,2042.8802675401382,2042.8802675401382,2033.4422675401381,-70.75199999999909,SL,1
2024-03-01 09:15:00+00:00,2024-03-01 09:30:00+00:00,-1,21.0,2043.4932186585625,2046.8362186585625,2046.8362186585625,2036.8072186585623,-71.67300000000157,SL,1
2024-03-01 09:30:00+00:00,2024-03-01 10:00:00+00:00,-1,18.0,2044.633990488007,2048.320990488007,2048.320990488007,2037.259990488007,-67.62599999999817,SL,2
2024-03-01 10:45:00+00:00,2024-03-01 14:45:00+00:00,1,15.0,2053.3726481294834,2048.8236481294834,2048.8236481294834,2062.4706481294834,-69.28499999999967,SL,16
2024-03-01 14:45:00+00:00,2024-03-01 15:15:00+00:00,1,13.0,2051.2433592108086,2061.4353592108087,2046.1473592108086,2061.4353592108087,131.5860000000001,TP,2
2024-03-01 15:45:00+00:00,2024-03-01 16:30:00+00:00,1,10.0,2065.386864552932,2078.648864552932,2058.7558645529316,2078.648864552932,131.92000000000172,TP,3
2024-03-01 16:30:00+00:00,2024-03-04 06:00:00+00:00,1,9.0,2074.217192717509,2081.501767927105,2066.721192717509,2089.2091927175093,64.93117688636323,TIME,50
2024-03-04 08:15:00+00:00,2024-03-04 08:30:00+00:00,1,27.0,2086.700910776169,2084.148910776169,2084.148910776169,2091.804910776169,-70.79400000000363,SL,1
2024-03-04 08:30:00+00:00,2024-03-04 10:30:00+00:00,1,27.0,2085.221217961938,2082.6242179619376,2082.6242179619376,2090.4152179619377,-72.0090000000056,SL,8
2024-03-04 10:30:00+00:00,2024-03-04 12:15:00+00:00,1,21.0,2083.5618675395854,2082.3259480724378,2080.3018675395856,2090.0818675395853,-27.424308810099518,SIGNAL_REVERSE,7
2024-03-04 12:15:00+00:00,2024-03-04 13:30:00+00:00,-1,22.0,2082.332049598595,2085.420049598595,2085.420049598595,2076.156049598595,-69.47600000000425,SL,5
2024-03-04 14:15:00+00:00,2024-03-04 14:45:00+00:00,1,15.0,2092.221587589892,2101.127587589892,2087.768587589892,2101.127587589892,132.53999999999922,TP,2
2024-03-04 14:45:00+00:00,2024-03-04 15:45:00+00:00,1,13.0,2098.2805972284577,2108.408597228458,2093.2165972284574,2108.408597228458,130.75400000000204,TP,4
2024-03-04 15:45:00+00:00,2024-03-04 16:00:00+00:00,1,11.0,2102.408058372404,2114.782058372404,2096.2210583724036,2114.782058372404,135.34400000000275,TP,1
2024-03-04 16:45:00+00:00,2024-03-05 06:15:00+00:00,1,8.0,2117.334074151866,2117.2140451658806,2109.256074151866,2133.490074151866,-1.5202318878824008,TIME,50
2024-03-05 08:30:00+00:00,2024-03-05 13:15:00+00:00,1,16.0,2120.872120010268,2129.382120010268,2116.617120010268,2129.382120010268,135.0399999999962,TP,19
2024-03-05 13:15:00+00:00,2024-03-05 13:30:00+00:00,1,12.0,2127.34227873713,2138.4542787371297,2121.78627873713,2138.4542787371297,132.5039999999955,TP,1
2024-03-05 13:30:00+00:00,2024-03-05 13:45:00+00:00,1,10.0,2131.844153265277,2124.925153265277,2124.925153265277,2145.6821532652766,-69.8899999999987,SL,1
2024-03-05 14:15:00+00:00,2024-03-06 03:45:00+00:00,1,9.0,2130.4301858059234,2124.581783776618,2122.4511858059236,2146.3881858059235,-53.26561826374826,TIME,50
2024-03-06 08:15:00+00:00,2024-03-06 08:30:00+00:00,1,23.0,2128.4832774066986,2125.4002774066985,2125.4002774066985,2134.6492774066983,-72.51900000000192,SL,1
2024-03-06 08:30:00+00:00,2024-03-06 12:45:00+00:00,1,22.0,2127.3227081028185,2133.8407081028186,2124.0637081028185,2133.8407081028186,141.85600000000065,TP,17
2024-03-06 12:45:00+00:00,2024-03-06 14:30:00+00:00,1,16.0,2132.470003156144,2141.372003156144,2128.0190031561438,2141.372003156144,141.3120000000007,TP,7
2024-03-06 14:30:00+00:00,2024-03-06 15:00:00+00:00,1,11.0,2139.3226785737565,2133.120678573757,2133.120678573757,2151.7266785737565,-68.99199999999747,SL,2
2024-03-06 15:00:00+00:00,2024-03-07 04:00:00+00:00,1,9.0,2144.6176787560207,2159.7196787560206,2137.066678756021,2159.7196787560206,135.28799999999876,TP,48
2024-03-07 08:15:00+00:00,2024-03-07 14:30:00+00:00,1,13.0,2156.290895063304,2150.661895063304,2150.661895063304,2167.548895063304,-74.08699999999877,SL,25
2024-03-07 20:00:00+00:00,2024-03-08 03:00:00+00:00,1,13.0,2159.983651834548,2154.367651834548,2154.367651834548,2171.2156518345478,-73.91799999999981,SL,24
2024-03-08 08:15:00+00:00,2024-03-08 09:45:00+00:00,1,20.0,2163.698179845046,2170.822179845046,2160.136179845046,2170.822179845046,141.07999999999592,TP,6
2024-03-08 09:45:00+00:00,2024-03-08 13:30:00+00:00,1,16.0,2166.6098354998244,2162.2418354998244,2162.2418354998244,2175.3458354998247,-71.00799999999902,SL,15
2024-03-11 11:30:00+00:00,2024-03-11 13:30:00+00:00,-1,17.0,2177.4854895514586,2181.8364895514587,2181.8364895514587,2168.783489551459,-75.15700000000191,SL,8
2024-03-11 15:00:00+00:00,2024-03-12 03:30:00+00:00,1,12.0,2182.00298211842,2177.986129609797,2175.9559821184203,2194.0969821184194,-49.042230103474,TIME,50
2024-03-12 08:15:00+00:00,2024-03-12 11:15:00+00:00,-1,24.0,2177.2911475293913,2171.2731475293913,2180.3001475293913,2171.2731475293913,142.7520000000007,TP,12
2024-03-12 11:30:00+00:00,2024-03-12 12:30:00+00:00,-1,20.0,2172.805034947404,2176.3740349474037,2176.3740349474037,2165.667034947404,-72.7799999999992,SL,4
2024-03-12 12:30:00+00:00,2024-03-12 12:45:00+00:00,-1,12.0,2169.8634743439534,2175.6264743439533,2175.6264743439533,2158.3374743439535,-69.99599999999904,SL,1
2024-03-12 18:00:00+00:00,2024-03-13 06:30:00+00:00,-1,8.0,2154.9698122941677,2159.089792733823,2163.9478122941678,2137.0138122941676,-33.5198435172411,TIME,50
2024-03-13 11:00:00+00:00,2024-03-13 13:30:00+00:00,1,22.0,2163.3629843219082,2169.944984321908,2160.071984321908,2169.944984321908,143.26399999999737,TP,10
2024-03-13 13:30:00+00:00,2024-03-13 15:15:00+00:00,1,16.0,2164.624086177725,2173.736086177725,2160.068086177725,2173.736086177725,144.67200000000128,TP,7
2024-03-13 15:15:00+00:00,2024-03-14 03:45:00+00:00,1,12.0,2170.972311393769,2171.3887318376387,2164.992311393769,2182.932311393769,4.1570453264377285,TIME,50
2024-03-14 08:15:00+00:00,2024-03-14 09:30:00+00:00,-1,28.000000000000004,2168.3907257080914,2171.0727257080916,2171.0727257080916,2163.0267257080914,-77.05600000000683,SL,5
2024-03-14 09:30:00+00:00,2024-03-14 12:30:00+00:00,-1,25.0,2169.139896740829,2163.2298967408287,2172.094896740829,2163.2298967408287,146.00000000000773,TP,12
2024-03-14 13:15:00+00:00,2024-03-14 15:30:00+00:00,-1,14.000000000000002,2163.629906996868,2152.9839069968684,2168.952906996868,2152.9839069968684,148.06399999999627,TP,9
2024-03-14 15:30:00+00:00,2024-03-14 17:15:00+00:00,-1,10.0,2157.414796315263,2164.907796315263,2164.907796315263,2142.4287963152633,-75.62999999999938,SL,7
2024-03-14 17:15:00+00:00,2024-03-14 20:15:00+00:00,-1,9.0,2162.279969541952,2163.553559708002,2170.504969541952,2145.829969541952,-12.092311494448841,SIGNAL_REVERSE,12
2024-03-14 20:15:00+00:00,2024-03-15 08:45:00+00:00,1,18.0,2163.5520927401117,2167.747042913779,2159.3320927401114,2171.9920927401117,74.24910312600899,TIME,50
2024-03-15 08:45:00+00:00,2024-03-15 12:00:00+00:00,1,21.0,2167.7889048498973,2164.162904849897,2164.162904849897,2175.0409048498973,-77.61600000000428,SL,13
2024-03-15 12:30:00+00:00,2024-03-17 22:00:00+00:00,-1,14.000000000000002,2163.309710267631,2152.787710267631,2168.570710267631,2152.787710267631,146.32799999999912,TP,38
2024-03-18 08:15:00+00:00,2024-03-18 11:00:00+00:00,1,23.0,2152.64533483569,2159.17533483569,2149.38033483569,2159.17533483569,148.5800000000046,TP,11
2024-03-18 11:00:00+00:00,2024-03-18 23:30:00+00:00,1,21.0,2158.2188299794216,2160.930255839551,2154.536829979422,2165.5828299794216,55.46994306272089,TIME,50
2024-03-19 08:15:00+00:00,2024-03-19 11:45:00+00:00,-1,18.0,2152.4424479110044,2156.6034479110044,2156.6034479110044,2144.1204479110047,-76.15800000000105,SL,14
2024-03-19 13:00:00+00:00,2024-03-19 13:45:00+00:00,1,14.000000000000002,2156.8853124097895,2151.3733124097894,2151.3733124097894,2167.9093124097894,-78.14800000000241,SL,3
2024-03-19 18:15:00+00:00,2024-03-20 06:45:00+00:00,1,16.0,2156.4219040810876,2156.880649122492,2151.8039040810877,2165.6579040810875,6.219920662467193,TIME,50
2024-03-20 08:30:00+00:00,2024-03-20 12:30:00+00:00,-1,27.0,2156.280843218069,2150.594843218069,2159.123843218069,2150.594843218069,151.63200000000404,TP,16
2024-03-20 12:30:00+00:00,2024-03-20 13:45:00+00:00,-1,21.0,2154.23250013246,2157.9145001324596,2157.9145001324596,2146.8685001324598,-78.79199999999557,SL,5
2024-03-20 14:30:00+00:00,2024-03-20 15:30:00+00:00,1,13.0,2160.9803783039897,2155.1543783039897,2155.1543783039897,2172.6323783039898,-76.64800000000028,SL,4
2024-03-20 15:30:00+00:00,2024-03-20 18:00:00+00:00,1,12.0,2156.4493802678126,2168.6153802678127,2150.3663802678125,2168.6153802678127,145.152000000002,TP,10
2024-03-20 18:30:00+00:00,2024-03-20 19:15:00+00:00,1,9.0,2168.9797398447304,2185.90373984473,2160.5177398447304,2185.90373984473,151.68599999999572,TP,3
2024-03-20 19:15:00+00:00,2024-03-20 22:15:00+00:00,1,8.0,2181.330808713484,2200.478808713484,2171.7568087134846,2200.478808713484,152.62399999999747,TP,12
2024-03-21 08:15:00+00:00,2024-03-21 08:30:00+00:00,1,18.0,2204.6750632464723,2200.1910632464724,2200.1910632464724,2213.643063246472,-81.97199999999863,SL,1
2024-03-21 14:00:00+00:00,2024-03-21 14:30:00+00:00,-1,10.0,2191.4559230409645,2175.9599230409644,2199.2039230409646,2175.9599230409644,154.26000000000096,TP,2
2024-03-21 14:30:00+00:00,2024-03-21 21:15:00+00:00,-1,9.0,2176.7942891260304,2180.9595092474733,2185.5552891260304,2159.2722891260305,-38.116981092985846,SIGNAL_REVERSE,27
2024-03-21 21:15:00+00:00,2024-03-22 01:45:00+00:00,1,22.0,2180.957073728752,2177.2590737287524,2177.2590737287524,2188.353073728752,-82.89599999999704,SL,18
2024-03-22 08:15:00+00:00,2024-03-22 12:15:00+00:00,-1,15.0,2166.7397621763066,2171.8617621763065,2171.8617621763065,2156.4957621763065,-77.87999999999765,SL,16
2024-03-22 12:45:00+00:00,2024-03-22 15:00:00+00:00,1,15.0,2175.497802301088,2170.436802301088,2170.436802301088,2185.6198023010884,-76.96500000000223,SL,9
2024-03-22 15:00:00+00:00,2024-03-22 15:15:00+00:00,1,12.0,2173.863600064981,2167.602600064981,2167.602600064981,2186.385600064981,-75.97199999999961,SL,1
2024-03-22 15:15:00+00:00,2024-03-22 16:45:00+00:00,1,12.0,2169.45896359834,2163.0079635983398,2163.0079635983398,2182.36096359834,-78.25200000000027,SL,6
2024-03-22 16:45:00+00:00,2024-03-25 01:15:00+00:00,-1,11.0,2164.298612444443,2171.001612444443,2171.001612444443,2150.892612444443,-74.50299999999972,SL,34
2024-03-25 08:15:00+00:00,2024-03-25 11:30:00+00:00,-1,17.0,2167.8525112027187,2171.4651940615045,2172.337511202719,2158.882511202719,-62.60560859935816,SIGNAL_REVERSE,13
2024-03-25 11:30:00+00:00,2024-03-25 13:30:00+00:00,1,16.0,2171.469041545356,2181.1670415453564,2166.620041545356,2181.1670415453564,154.04800000000512,TP,8
2024-03-25 13:30:00+00:00,2024-03-25 19:00:00+00:00,1,14.000000000000002,2173.160364864895,2173.240404528488,2167.919364864895,2183.642364864895,0.1405552902983983,SIGNAL_REVERSE,22
2024-03-25 19:00:00+00:00,2024-03-26 07:30:00+00:00,-1,21.0,2173.235379856362,2171.702068391738,2176.890379856362,2165.9253798563623,30.729540757107117,TIME,50
2024-03-26 08:15:00+00:00,2024-03-26 09:00:00+00:00,1,22.0,2173.644956698006,2180.532956698006,2170.200956698006,2180.532956698006,149.99599999999825,TP,3
2024-03-26 09:00:00+00:00,2024-03-26 09:30:00+00:00,1,19.0,2178.267950600903,2186.3139506009034,2174.244950600903,2186.3139506009034,151.54400000000524,TP,2
2024-03-26 09:30:00+00:00,2024-03-26 10:45:00+00:00,1,15.0,2185.172890532796,2195.496890532796,2180.0108905327957,2195.496890532796,153.81000000000103,TP,5
2024-03-26 10:45:00+00:00,2024-03-26 12:45:00+00:00,1,13.0,2193.1705555846756,2187.0835555846757,2187.0835555846757,2205.3445555846756,-80.04099999999985,SL,8
2024-03-26 12:45:00+00:00,2024-03-26 13:30:00+00:00,1,11.0,2190.2211176035444,2182.9631176035446,2182.9631176035446,2204.7371176035444,-80.60799999999792,SL,3
2024-03-26 13:30:00+00:00,2024-03-26 14:30:00+00:00,1,9.0,2188.834858532004,2180.1418585320043,2180.1418585320043,2206.220858532004,-78.8669999999978,SL,4
2024-03-26 14:45:00+00:00,2024-03-27 03:15:00+00:00,-1,9.0,2183.3684601280024,2180.243988168923,2191.9154601280025,2166.2744601280024,27.490247631715757,TIME,50
2024-03-27 08:15:00+00:00,2024-03-27 08:30:00+00:00,1,22.0,2181.3422575023474,2177.7842575023474,2177.7842575023474,2188.4582575023474,-79.81599999999985,SL,1
2024-03-27 08:30:00+00:00,2024-03-27 09:30:00+00:00,1,21.0,2179.536273861217,2186.8582738612167,2175.875273861217,2186.8582738612167,152.2919999999929,TP,4
2024-03-27 09:30:00+00:00,2024-03-27 09:45:00+00:00,1,14.000000000000002,2179.961994237103,2190.7479942371033,2174.568994237103,2190.7479942371033,150.02400000000085,TP,1
2024-03-27 10:00:00+00:00,2024-03-27 22:30:00+00:00,1,14.000000000000002,2189.1798431558864,2193.0058120200706,2183.3178431558863,2200.903843155886,52.583564098579274,TIME,50
2024-03-28 10:45:00+00:00,2024-03-28 13:45:00+00:00,1,13.0,2210.903068344472,2204.7930683444724,2204.7930683444724,2223.123068344472,-80.33999999999574,SL,12
2024-03-28 13:45:00+00:00,2024-03-28 20:45:00+00:00,1,8.0,2208.3160413468763,2227.596041346876,2198.6760413468764,2227.596041346876,153.67999999999796,TP,28
2024-03-28 20:45:00+00:00,2024-03-31 22:00:00+00:00,1,11.0,2223.3463391564364,2237.118339156437,2216.460339156436,2237.118339156437,150.72200000000427,TP,5
2024-04-01 09:15:00+00:00,2024-04-01 10:45:00+00:00,-1,16.0,2257.8243038899823,2247.4383038899823,2263.017303889982,2247.4383038899823,165.05599999999947,TP,6
2024-04-01 10:45:00+00:00,2024-04-01 13:00:00+00:00,-1,14.000000000000002,2249.6400675512527,2255.335067551253,2255.335067551253,2238.250067551253,-80.71000000000231,SL,9
2024-04-01 13:00:00+00:00,2024-04-01 13:45:00+00:00,-1,13.0,2252.574192282408,2239.438192282408,2259.142192282408,2239.438192282408,169.85799999999958,TP,3
2024-04-01 14:00:00+00:00,2024-04-01 20:15:00+00:00,-1,9.0,2246.307763216634,2245.660523585814,2255.465763216634,2227.9917632166344,5.1951566773797095,SIGNAL_REVERSE,25
2024-04-01 20:15:00+00:00,2024-04-01 22:30:00+00:00,1,17.0,2245.6633588501754,2255.751358850175,2240.6193588501756,2255.751358850175,170.30599999999555,TP,9
2024-04-02 08:15:00+00:00,2024-04-02 10:00:00+00:00,1,17.0,2262.0177979578866,2256.9607979578864,2256.9607979578864,2272.1317979578866,-87.15900000000414,SL,7
2024-04-02 10:00:00+00:00,2024-04-02 12:15:00+00:00,1,15.0,2260.6901914078417,2255.173191407842,2255.173191407842,2271.7241914078418,-83.80499999999738,SL,9
2024-04-02 14:30:00+00:00,2024-04-02 14:45:00+00:00,1,8.0,2275.3161747968593,2265.2871747968593,2265.2871747968593,2295.3741747968593,-80.79199999999997,SL,1
2024-04-02 14:45:00+00:00,2024-04-02 15:15:00+00:00,1,8.0,2265.833846100026,2255.209846100026,2255.209846100026,2287.0818461000263,-85.55200000000201,SL,2
2024-04-02 18:30:00+00:00,2024-04-03 07:00:00+00:00,1,7.000000000000001,2271.336750049623,2282.0239763774866,2260.4717500496226,2293.066750049623,74.3205842950463,TIME,50
2024-04-03 08:15:00+00:00,2024-04-03 08:45:00+00:00,-1,14.000000000000002,2269.602949494015,2275.365949494015,2275.365949494015,2258.0769494940146,-81.6619999999989,SL,2
2024-04-03 08:45:00+00:00,2024-04-03 14:00:00+00:00,-1,13.0,2273.5169376851127,2279.7619376851126,2279.7619376851126,2261.0269376851124,-82.09499999999858,SL,21
2024-04-03 14:30:00+00:00,2024-04-03 16:15:00+00:00,1,10.0,2275.856058145277,2292.582058145277,2267.4930581452772,2292.582058145277,166.56000000000114,TP,7
2024-04-03 16:15:00+00:00,2024-04-04 01:00:00+00:00,1,8.0,2284.181144274948,2304.601144274948,2273.971144274948,2304.601144274948,162.80000000000058,TP,35
2024-04-04 08:15:00+00:00,2024-04-04 12:00:00+00:00,-1,20.0,2293.827538186994,2285.391538186994,2298.045538186994,2285.391538186994,167.32000000000298,TP,15
2024-04-04 12:00:00+00:00,2024-04-04 14:15:00+00:00,-1,16.0,2289.367489188395,2294.5354891883953,2294.5354891883953,2279.0314891883954,-83.80800000000193,SL,9
2024-04-04 18:45:00+00:00,2024-04-04 19:00:00+00:00,1,10.0,2301.896900608866,2293.703900608866,2293.703900608866,2318.282900608866,-82.62999999999757,SL,1
2024-04-04 19:00:00+00:00,2024-04-04 19:15:00+00:00,1,9.0,2304.1256162399836,2295.249616239984,2295.249616239984,2321.8776162399836,-80.51399999999774,SL,1
2024-04-04 19:15:00+00:00,2024-04-04 19:30:00+00:00,1,9.0,2298.5594880638378,2289.6464880638378,2289.6464880638378,2316.385488063838,-80.8470000000001,SL,1
2024-04-04 19:30:00+00:00,2024-04-04 19:45:00+00:00,1,8.0,2294.8970248534524,2285.3100248534524,2285.3100248534524,2314.0710248534524,-77.25599999999991,SL,1
2024-04-05 08:15:00+00:00,2024-04-05 12:30:00+00:00,1,13.0,2290.91199270809,2284.70699270809,2284.70699270809,2303.3219927080904,-81.57499999999905,SL,17
2024-04-05 12:30:00+00:00,2024-04-05 12:45:00+00:00,1,10.0,2295.1485669279964,2287.3585669279964,2287.3585669279964,2310.728566927997,-78.59999999999964,SL,1
2024-04-05 12:45:00+00:00,2024-04-05 14:15:00+00:00,1,10.0,2289.34949353941,2305.5234935394105,2281.26249353941,2305.5234935394105,161.04000000000434,TP,6
2024-04-05 14:15:00+00:00,2024-04-05 15:15:00+00:00,1,7.000000000000001,2303.9061348493306,2325.908134849331,2292.9051348493304,2325.908134849331,153.52400000000287,TP,4
2024-04-05 15:15:00+00:00,2024-04-07 22:15:00+00:00,1,6.0,2324.0306755028655,2311.1196755028654,2311.1196755028654,2349.8526755028656,-77.88600000000035,SL,28
2024-04-08 12:45:00+00:00,2024-04-08 13:00:00+00:00,-1,9.0,2326.033144758104,2334.781144758104,2334.781144758104,2308.5371447581038,-79.36200000000042,SL,1
2024-04-08 13:00:00+00:00,2024-04-08 17:30:00+00:00,-1,9.0,2329.0682101433913,2338.2522101433915,2338.2522101433915,2310.7002101433914,-83.28600000000176,SL,18
2024-04-08 18:15:00+00:00,2024-04-09 06:45:00+00:00,1,9.0,2338.4857116882254,2345.9552410540773,2329.2107116882253,2357.0357116882255,66.59576429266747,TIME,50
2024-04-09 08:15:00+00:00,2024-04-09 09:15:00+00:00,1,14.000000000000002,2353.101845269786,2364.8438452697856,2347.2308452697857,2364.8438452697856,163.40799999999632,TP,4
2024-04-09 09:15:00+00:00,2024-04-09 11:15:00+00:00,1,12.0,2359.456817295678,2352.8038172956776,2352.8038172956776,2372.762817295678,-80.67600000000297,SL,8
2024-04-09 11:15:00+00:00,2024-04-09 12:15:00+00:00,1,11.0,2353.885140946454,2346.255140946454,2346.255140946454,2369.1451409464544,-84.7000000000012,SL,4
2024-04-16 16:30:00+00:00,2024-04-17 05:00:00+00:00,1,5.0,2389.168344628922,2381.8634718673597,2374.9953446289223,2417.514344628922,-36.874363807811825,TIME,50
2024-04-17 08:45:00+00:00,2024-04-17 12:15:00+00:00,1,13.0,2390.037184113331,2383.777184113331,2383.777184113331,2402.557184113331,-82.29000000000283,SL,14
2024-04-17 16:30:00+00:00,2024-04-17 20:45:00+00:00,-1,7.000000000000001,2379.9462724974155,2358.2422724974153,2390.798272497416,2358.2422724974153,151.43800000000127,TP,17
2024-04-17 20:45:00+00:00,2024-04-18 08:15:00+00:00,-1,7.000000000000001,2371.4889679534,2379.34676457653,2382.5429679534,2349.3809679534,-55.494576361910504,SIGNAL_REVERSE,46
2024-04-18 08:15:00+00:00,2024-04-18 13:15:00+00:00,1,18.0,2379.3505665940065,2388.6945665940066,2374.6785665940065,2388.6945665940066,166.93200000000093,TP,20
2024-04-18 13:15:00+00:00,2024-04-18 13:30:00+00:00,1,12.0,2382.8775578065342,2376.079557806534,2376.079557806534,2396.4735578065347,-82.41600000000275,SL,1
2024-04-18 13:30:00+00:00,2024-04-18 13:45:00+00:00,1,10.0,2390.8147620086434,2382.4817620086433,2382.4817620086433,2407.4807620086435,-84.03000000000084,SL,1
2024-04-18 20:45:00+00:00,2024-04-19 01:00:00+00:00,-1,13.0,2377.8546724276976,2384.1336724276975,2384.1336724276975,2365.2966724276976,-82.53699999999995,SL,17
2024-04-19 08:15:00+00:00,2024-04-19 14:45:00+00:00,-1,7.000000000000001,2383.4676768157783,2390.542729970262,2393.9586768157783,2362.4856768157783,-50.015372081385294,SIGNAL_REVERSE,26
2024-04-19 14:45:00+00:00,2024-04-19 21:15:00+00:00,1,8.0,2390.5356716276397,2389.8332813063575,2380.35167162764,2410.9036716276396,-6.179122570256878,SIGNAL_REVERSE,26
2024-04-19 21:15:00+00:00,2024-04-22 01:30:00+00:00,-1,13.0,2389.831156933409,2377.177156933409,2396.1581569334094,2377.177156933409,163.59199999999996,TP,17
2024-04-22 08:15:00+00:00,2024-04-22 11:15:00+00:00,-1,10.0,2360.4163184517347,2344.5143184517347,2368.3673184517347,2344.5143184517347,158.32000000000045,TP,12
2024-04-22 11:15:00+00:00,2024-04-22 12:45:00+00:00,-1,10.0,2349.099630000616,2333.1536300006155,2357.072630000616,2333.1536300006155,158.76000000000369,TP,6
2024-04-22 12:45:00+00:00,2024-04-23 01:15:00+00:00,-1,9.0,2342.0184469315,2334.0928301283548,2351.3194469315,2323.4164469314996,70.70055122830684,TIME,50
2024-04-23 09:30:00+00:00,2024-04-23 10:45:00+00:00,-1,9.0,2295.416718772117,2304.697718772117,2304.697718772117,2276.854718772117,-84.15899999999954,SL,5
2024-04-23 10:45:00+00:00,2024-04-23 12:30:00+00:00,-1,9.0,2302.8802371545694,2312.214237154569,2312.214237154569,2284.2122371545697,-84.63599999999849,SL,7
2024-04-23 13:00:00+00:00,2024-04-23 13:45:00+00:00,1,9.0,2311.8600879313876,2329.9200879313876,2302.8300879313874,2329.9200879313876,161.9099999999995,TP,3
2024-04-23 13:45:00+00:00,2024-04-23 21:15:00+00:00,1,7.000000000000001,2317.502180058571,2322.402366576413,2306.5521800585707,2339.402180058571,33.81130562489422,SIGNAL_REVERSE,30
2024-04-23 21:15:00+00:00,2024-04-24 03:45:00+00:00,-1,19.0,2322.3964551026365,2326.9864551026367,2326.9864551026367,2313.2164551026362,-88.54000000000276,SL,26
2024-05-01 10:00:00+00:00,2024-05-01 13:15:00+00:00,1,18.0,2292.0552078682445,2301.509207868244,2287.3282078682446,2301.509207868244,168.91199999999503,TP,13
2024-05-01 13:15:00+00:00,2024-05-01 14:00:00+00:00,1,14.000000000000002,2296.1969577160216,2308.4649577160217,2290.0629577160216,2308.4649577160217,170.77200000000045,TP,3
2024-05-01 14:00:00+00:00,2024-05-01 14:45:00+00:00,1,12.0,2305.00300199943,2298.1600019994303,2298.1600019994303,2318.6890019994303,-82.95599999999817,SL,3
2024-05-01 14:45:00+00:00,2024-05-01 18:30:00+00:00,1,11.0,2300.0384025821186,2316.1024025821184,2292.0064025821184,2316.1024025821184,175.93399999999835,TP,15
2024-05-01 18:45:00+00:00,2024-05-01 19:45:00+00:00,1,7.000000000000001,2324.066498328327,2312.0504983283267,2312.0504983283267,2348.098498328327,-84.60200000000054,SL,4
2024-05-01 19:45:00+00:00,2024-05-02 08:15:00+00:00,1,7.000000000000001,2314.786867547557,2307.529692435981,2301.905867547557,2340.548867547557,-51.29022578103263,TIME,50
2024-05-02 08:15:00+00:00,2024-05-02 10:15:00+00:00,-1,15.0,2307.526538184707,2295.956538184707,2313.311538184707,2295.956538184707,172.50000000000244,TP,8
2024-05-02 10:15:00+00:00,2024-05-02 12:15:00+00:00,-1,13.0,2297.0142934928426,2303.6592934928426,2303.6592934928426,2283.7242934928427,-87.29499999999976,SL,8
2024-05-02 12:15:00+00:00,2024-05-02 13:00:00+00:00,-1,13.0,2301.554695190909,2287.940695190909,2308.361695190909,2287.940695190909,176.07200000000043,TP,3
2024-05-02 13:00:00+00:00,2024-05-02 14:45:00+00:00,-1,10.0,2294.430348318642,2302.7803483186417,2302.7803483186417,2277.730348318642,-84.1999999999991,SL,7
2024-05-02 18:00:00+00:00,2024-05-03 06:30:00+00:00,1,9.0,2308.0945618741507,2301.352209901966,2298.059561874151,2328.164561874151,-61.31116774966211,TIME,50
2024-05-03 08:15:00+00:00,2024-05-03 12:30:00+00:00,-1,19.0,2300.7154082946095,2305.46040829461,2305.46040829461,2291.225408294609,-91.48500000000656,SL,17
2024-05-03 12:30:00+00:00,2024-05-03 12:45:00+00:00,-1,12.0,2295.2561231882346,2302.7251231882346,2302.7251231882346,2280.318123188235,-90.46800000000061,SL,1
2024-05-03 14:00:00+00:00,2024-05-03 19:00:00+00:00,-1,6.0,2300.8621686492365,2299.2731694806425,2314.3961686492366,2273.794168649237,9.113995011564002,SIGNAL_REVERSE,20
2024-05-03 19:00:00+00:00,2024-05-06 07:15:00+00:00,1,10.0,2299.2718586730257,2315.935858673026,2290.939858673026,2315.935858673026,165.94000000000216,TP,49
2024-05-06 08:15:00+00:00,2024-05-06 12:00:00+00:00,1,16.0,2320.6801182238887,2315.2941182238887,2315.2941182238887,2331.4521182238886,-87.29599999999948,SL,15
2024-05-06 13:00:00+00:00,2024-05-07 01:30:00+00:00,1,13.0,2323.2692291614303,2325.596844972441,2316.40822916143,2336.9912291614305,29.349005543138755,TIME,50
2024-05-07 08:15:00+00:00,2024-05-07 13:00:00+00:00,-1,16.0,2314.0670692056733,2319.4020692056733,2319.4020692056733,2303.3970692056737,-86.48000000000059,SL,19
2024-05-07 14:30:00+00:00,2024-05-07 14:45:00+00:00,1,13.0,2319.852569363359,2313.423569363359,2313.423569363359,2332.7105693633594,-84.48700000000113,SL,1
2024-05-07 14:45:00+00:00,2024-05-07 15:45:00+00:00,1,12.0,2320.4949825595118,2313.3719825595117,2313.3719825595117,2334.740982559512,-86.31600000000057,SL,4
2024-05-07 19:45:00+00:00,2024-05-08 03:00:00+00:00,-1,16.0,2312.4702148753904,2317.6362148753906,2317.6362148753906,2302.13821487539,-83.77600000000268,SL,29
2024-05-08 08:15:00+00:00,2024-05-08 09:30:00+00:00,-1,19.0,2306.5769307702217,2311.021930770222,2311.021930770222,2297.686930770222,-85.78500000000311,SL,5
2024-05-08 09:30:00+00:00,2024-05-08 10:00:00+00:00,-1,17.0,2308.2963752163305,2313.2103752163302,2313.2103752163302,2298.4683752163305,-84.72799999999592,SL,2
2024-05-08 10:00:00+00:00,2024-05-08 10:15:00+00:00,-1,17.0,2310.8428839741855,2315.9098839741855,2315.9098839741855,2300.7088839741855,-87.32900000000012,SL,1
2024-05-08 10:15:00+00:00,2024-05-08 11:00:00+00:00,-1,16.0,2312.6545793355795,2317.9865793355793,2317.9865793355793,2301.9905793355797,-86.43199999999808,SL,3
2024-05-08 12:00:00+00:00,2024-05-08 13:15:00+00:00,1,14.000000000000002,2314.7190474840218,2308.908047484022,2308.908047484022,2326.3410474840216,-82.33399999999574,SL,5
2024-05-08 13:15:00+00:00,2024-05-08 19:30:00+00:00,1,13.0,2312.8035673668446,2309.872108967188,2306.432567366845,2325.5455673668444,-39.01895919553513,SIGNAL_REVERSE,25
2024-05-08 19:30:00+00:00,2024-05-09 04:45:00+00:00,-1,17.0,2309.8679998984594,2314.7469998984593,2314.7469998984593,2300.109999898459,-84.13299999999839,SL,37
2024-05-09 09:15:00+00:00,2024-05-09 11:45:00+00:00,-1,16.0,2310.6049265186093,2315.614926518609,2315.614926518609,2300.5849265186093,-81.27999999999622,SL,10
2024-05-09 12:30:00+00:00,2024-05-09 14:00:00+00:00,1,13.0,2318.198553644323,2330.5245536443226,2312.035553644323,2330.5245536443226,159.32799999999438,TP,6
2024-05-09 14:30:00+00:00,2024-05-10 01:15:00+00:00,1,8.0,2334.9911551669475,2355.4811551669472,2324.7461551669476,2355.4811551669472,163.35999999999825,TP,43
2024-05-10 08:15:00+00:00,2024-05-10 12:45:00+00:00,1,14.000000000000002,2367.5162975719004,2361.8402975719005,2361.8402975719005,2378.8682975719003,-80.44399999999905,SL,18
2024-05-10 14:00:00+00:00,2024-05-13 02:30:00+00:00,-1,9.0,2367.046033930879,2358.596562739771,2375.933033930879,2349.272033930879,75.4152407199714,TIME,50
2024-05-13 08:15:00+00:00,2024-05-13 11:00:00+00:00,-1,16.0,2348.5659020645503,2338.4919020645502,2353.60290206455,2338.4919020645502,160.0640000000011,TP,11
2024-05-13 11:00:00+00:00,2024-05-13 12:15:00+00:00,-1,14.000000000000002,2343.3428361069136,2349.2828361069137,2349.2828361069137,2331.4628361069135,-84.14000000000078,SL,5
2024-05-13 15:45:00+00:00,2024-05-14 02:00:00+00:00,-1,9.0,2333.5450572132613,2342.3730572132613,2342.3730572132613,2315.8890572132614,-80.08199999999977,SL,41
2024-05-14 08:15:00+00:00,2024-05-14 08:45:00+00:00,-1,19.0,2339.2389525128674,2343.4809525128676,2343.4809525128676,2330.7549525128675,-81.92800000000359,SL,2
2024-05-14 08:45:00+00:00,2024-05-14 09:00:00+00:00,-1,17.0,2341.0541565510557,2345.7751565510557,2345.7751565510557,2331.6121565510557,-81.44700000000006,SL,1
2024-05-14 10:15:00+00:00,2024-05-14 12:30:00+00:00,1,15.0,2347.0156527723448,2341.6506527723445,2341.6506527723445,2357.745652772345,-81.52500000000354,SL,9
2024-05-14 12:30:00+00:00,2024-05-14 14:00:00+00:00,1,13.0,2343.6557492169622,2355.8077492169623,2337.579749216962,2355.8077492169623,157.06600000000057,TP,6
2024-05-14 14:15:00+00:00,2024-05-15 02:45:00+00:00,1,10.0,2350.480898927473,2357.376904207977,2342.224898927473,2366.992898927473,68.26005280504141,TIME,50
2024-05-15 08:15:00+00:00,2024-05-15 08:45:00+00:00,1,19.0,2364.1890296274178,2372.7510296274177,2359.908029627418,2372.7510296274177,161.34799999999805,TP,2
2024-05-15 08:45:00+00:00,2024-05-15 10:30:00+00:00,1,18.0,2372.379448357593,2367.736448357593,2367.736448357593,2381.665448357593,-84.83400000000053,SL,7
2024-05-15 10:30:00+00:00,2024-05-15 11:00:00+00:00,1,16.0,2369.8708928770366,2364.8288928770367,2364.8288928770367,2379.954892877037,-81.79199999999867,SL,2
2024-05-15 11:00:00+00:00,2024-05-15 12:00:00+00:00,1,16.0,2365.9103304060477,2360.7293304060477,2360.7293304060477,2376.272330406048,-84.01600000000064,SL,4
2024-05-22 17:30:00+00:00,2024-05-23 01:30:00+00:00,-1,7.000000000000001,2389.3181193826695,2366.9901193826695,2400.482119382669,2366.9901193826695,155.80599999999984,TP,32
2024-05-23 08:15:00+00:00,2024-05-23 09:15:00+00:00,-1,11.0,2355.8902821427982,2363.284282142798,2363.284282142798,2341.1022821427982,-82.10399999999755,SL,4
2024-05-23 09:15:00+00:00,2024-05-23 11:30:00+00:00,-1,10.0,2361.467861393149,2368.7749731074255,2369.594861393149,2345.2138613931493,-73.77111714276289,SIGNAL_REVERSE,9
2024-05-23 11:30:00+00:00,2024-05-23 12:30:00+00:00,1,13.0,2368.7685029784225,2362.7155029784226,2362.7155029784226,2380.8745029784222,-79.59899999999848,SL,4
2024-05-23 12:30:00+00:00,2024-05-23 12:45:00+00:00,1,13.0,2367.4651221546287,2361.4351221546285,2361.4351221546285,2379.5251221546287,-79.3000000000026,SL,1
2024-05-23 12:45:00+00:00,2024-05-23 13:45:00+00:00,1,13.0,2363.136256250455,2357.139256250455,2357.139256250455,2375.130256250455,-78.87099999999796,SL,4
2024-05-23 14:30:00+00:00,2024-05-23 20:30:00+00:00,-1,7.000000000000001,2349.88946485815,2329.12946485815,2360.26946485815,2329.12946485815,144.82999999999836,TP,24
2024-05-23 20:30:00+00:00,2024-05-24 05:30:00+00:00,-1,11.0,2330.741557422129,2337.621557422129,2337.621557422129,2316.9815574221293,-76.4500000000012,SL,36
2024-05-24 08:15:00+00:00,2024-05-24 15:15:00+00:00,1,16.0,2338.674399825937,2333.656399825937,2333.656399825937,2348.710399825937,-81.40800000000047,SL,28
2024-05-24 15:45:00+00:00,2024-05-27 02:45:00+00:00,-1,10.0,2334.518725539099,2342.576725539099,2342.576725539099,2318.402725539099,-81.27999999999993,SL,44
2024-05-27 10:45:00+00:00,2024-05-27 13:45:00+00:00,1,19.0,2345.5202035518596,2353.8882035518595,2341.3362035518594,2353.8882035518595,157.6619999999988,TP,12
2024-05-27 13:45:00+00:00,2024-05-28 04:45:00+00:00,1,15.0,2352.1329803950125,2351.3424141012897,2346.9499803950125,2362.4989803950125,-12.908494405842067,TIME,50
2024-05-28 08:15:00+00:00,2024-05-28 10:15:00+00:00,-1,17.0,2340.7968026145973,2345.4398026145973,2345.4398026145973,2331.510802614597,-80.12100000000049,SL,8
2024-05-28 10:15:00+00:00,2024-05-28 12:00:00+00:00,-1,16.0,2344.9449693889514,2350.012969388951,2350.012969388951,2334.8089693889515,-82.2079999999961,SL,7
2024-05-28 12:15:00+00:00,2024-05-28 13:15:00+00:00,1,16.0,2350.5311967736216,2360.1851967736216,2345.704196773622,2360.1851967736216,153.34399999999994,TP,4
2024-05-28 13:15:00+00:00,2024-05-28 14:00:00+00:00,1,14.000000000000002,2356.75434757151,2351.03734757151,2351.03734757151,2368.18834757151,-81.0180000000014,SL,3
2024-05-28 14:00:00+00:00,2024-05-28 14:15:00+00:00,1,12.0,2354.91287859952,2348.24587859952,2348.24587859952,2368.2468785995197,-80.843999999999,SL,1
2024-05-28 14:15:00+00:00,2024-05-29 02:45:00+00:00,1,11.0,2350.6435363419214,2358.5010304530483,2343.5965363419214,2364.7375363419214,85.66243522239618,TIME,50
2024-05-29 08:15:00+00:00,2024-05-29 09:00:00+00:00,-1,16.0,2351.2367576105394,2341.4647576105394,2356.1227576105393,2341.4647576105394,155.23199999999895,TP,3
2024-05-29 09:00:00+00:00,2024-05-29 12:45:00+00:00,-1,14.000000000000002,2345.45949168335,2334.4434916833497,2350.9674916833496,2334.4434916833497,153.2440000000011,TP,15
2024-05-29 12:45:00+00:00,2024-05-30 01:15:00+00:00,-1,12.0,2342.438814597635,2338.995589153393,2349.269814597635,2328.776814597635,40.478705330901136,TIME,50
2024-05-30 09:30:00+00:00,2024-05-30 14:15:00+00:00,1,12.0,2336.9770155169717,2350.891015516972,2330.020015516972,2350.891015516972,166.12800000000257,TP,19
2024-05-30 14:15:00+00:00,2024-05-30 19:45:00+00:00,1,10.0,2347.940509644155,2341.264411989422,2339.7635096441554,2364.294509644155,-67.46097654732985,SIGNAL_REVERSE,22
2024-05-30 19:45:00+00:00,2024-05-30 23:15:00+00:00,-1,17.0,2341.2575855319346,2346.2065855319347,2346.2065855319347,2331.3595855319345,-85.32300000000117,SL,14
2024-05-31 13:00:00+00:00,2024-05-31 13:45:00+00:00,1,16.0,2354.603400570085,2349.3684005700848,2349.3684005700848,2365.073400570085,-84.88000000000204,SL,3
2024-05-31 13:45:00+00:00,2024-05-31 14:00:00+00:00,1,12.0,2352.964203623613,2346.0512036236128,2346.0512036236128,2366.790203623613,-83.79600000000013,SL,1
2024-05-31 14:00:00+00:00,2024-05-31 14:15:00+00:00,1,10.0,2348.2360176845914,2340.407017684591,2340.407017684591,2363.8940176845913,-78.99000000000179,SL,1
2024-05-31 15:15:00+00:00,2024-06-03 03:45:00+00:00,-1,8.0,2331.85560279752,2323.005676200076,2341.71460279752,2312.1376027975202,70.23941277955367,TIME,50
2024-06-03 08:45:00+00:00,2024-06-03 14:00:00+00:00,1,12.0,2325.869740562159,2339.411740562159,2319.098740562159,2339.411740562159,161.663999999999,TP,21
2024-06-03 14:00:00+00:00,2024-06-03 16:30:00+00:00,1,11.0,2333.5034025102063,2347.7254025102065,2326.3924025102065,2347.7254025102065,155.67200000000227,TP,10
2024-06-03 16:30:00+00:00,2024-06-04 05:00:00+00:00,1,9.0,2343.6857031113855,2349.31481768927,2334.8037031113854,2361.4497031113856,50.032031200961335,TIME,50
2024-06-04 08:15:00+00:00,2024-06-04 13:45:00+00:00,-1,17.0,2335.154750522813,2325.290750522813,2340.086750522813,2325.290750522813,166.49800000000056,TP,22
2024-06-04 14:00:00+00:00,2024-06-05 02:15:00+00:00,-1,10.0,2323.989887297606,2332.409887297606,2332.409887297606,2307.149887297606,-84.90000000000073,SL,49
2024-06-05 09:15:00+00:00,2024-06-05 12:30:00+00:00,-1,15.0,2332.346884032554,2338.0078840325536,2338.0078840325536,2321.0248840325544,-85.96499999999405,SL,13
2024-06-05 12:45:00+00:00,2024-06-05 14:00:00+00:00,1,14.000000000000002,2338.526274266711,2332.692274266711,2332.692274266711,2350.194274266711,-82.65599999999768,SL,5
2024-06-05 14:00:00+00:00,2024-06-05 14:15:00+00:00,1,10.0,2345.4262461025405,2337.3992461025405,2337.3992461025405,2361.4802461025406,-80.97000000000044,SL,1
2024-06-05 14:30:00+00:00,2024-06-06 01:15:00+00:00,1,9.0,2346.0706854685504,2364.8486854685502,2336.6816854685503,2364.8486854685502,168.37199999999814,TP,43
2024-06-06 08:15:00+00:00,2024-06-06 13:00:00+00:00,-1,19.0,2362.402657043992,2353.694657043992,2366.7566570439917,2353.694657043992,164.12200000000158,TP,19
2024-06-06 13:00:00+00:00,2024-06-06 13:30:00+00:00,-1,14.000000000000002,2357.5976978626486,2363.3676978626486,2363.3676978626486,2346.0576978626486,-81.75999999999976,SL,2
2024-06-06 15:30:00+00:00,2024-06-07 04:00:00+00:00,1,9.0,2374.8544963538816,2380.0873396659345,2365.7124963538818,2393.1384963538812,46.46558980847578,TIME,50
2024-06-07 08:30:00+00:00,2024-06-07 10:45:00+00:00,-1,8.0,2352.476228246336,2332.286228246336,2362.571228246336,2332.286228246336,160.96000000000043,TP,9
2024-06-07 10:45:00+00:00,2024-06-07 12:30:00+00:00,-1,7.000000000000001,2335.659804139424,2313.8958041394244,2346.541804139424,2313.8958041394244,151.8579999999977,TP,7
2024-06-07 12:30:00+00:00,2024-06-07 13:45:00+00:00,-1,6.0,2333.036676806958,2306.456676806958,2346.326676806958,2306.456676806958,159.05999999999958,TP,5
2024-06-07 13:45:00+00:00,2024-06-07 19:45:00+00:00,-1,6.0,2316.8631709681604,2290.3551709681606,2330.1171709681603,2290.3551709681606,158.62799999999888,TP,24
2024-06-07 19:45:00+00:00,2024-06-10 08:15:00+00:00,-1,10.0,2293.7643165210966,2297.0715595311012,2302.4313165210965,2276.4303165210963,-33.77243010004641,TIME,50
2024-06-10 11:00:00+00:00,2024-06-10 16:15:00+00:00,1,14.000000000000002,2298.615519525037,2310.9375195250373,2292.454519525037,2310.9375195250373,171.52800000000167,TP,21
2024-06-10 16:15:00+00:00,2024-06-11 01:45:00+00:00,1,12.0,2309.673924814191,2302.159924814191,2302.159924814191,2324.701924814191,-91.00800000000149,SL,38
2024-06-11 08:30:00+00:00,2024-06-11 09:15:00+00:00,1,21.0,2306.921915541471,2302.6209155414713,2302.6209155414713,2315.523915541471,-91.79099999999855,SL,3
2024-06-11 09:15:00+00:00,2024-06-11 12:15:00+00:00,1,19.0,2305.024522007254,2314.458522007254,2300.3075220072537,2314.458522007254,177.91600000000372,TP,12
2024-06-11 12:15:00+00:00,2024-06-11 16:30:00+00:00,1,17.0,2311.298138866563,2306.089138866563,2306.089138866563,2321.716138866563,-89.74299999999715,SL,17
2024-06-11 17:30:00+00:00,2024-06-11 20:15:00+00:00,-1,12.0,2309.4001384169082,2316.504138416908,2316.504138416908,2295.192138416908,-86.08799999999778,SL,11
2024-06-11 20:15:00+00:00,2024-06-12 01:00:00+00:00,1,21.0,2315.7124169036506,2311.4094169036507,2311.4094169036507,2324.318416903651,-91.83299999999755,SL,19
2024-06-12 13:00:00+00:00,2024-06-12 13:30:00+00:00,1,14.000000000000002,2335.9574277898546,2329.5894277898547,2329.5894277898547,2348.6934277898545,-90.13199999999915,SL,2
2024-06-12 13:30:00+00:00,2024-06-12 13:45:00+00:00,1,11.0,2340.4504184882007,2332.5544184882006,2332.5544184882006,2356.2424184882007,-87.62600000000204,SL,1
2024-06-12 14:00:00+00:00,2024-06-12 18:45:00+00:00,1,10.0,2329.81159467275,2320.9515946727497,2320.9515946727497,2347.5315946727496,-89.30000000000128,SL,19
2024-06-12 19:30:00+00:00,2024-06-13 08:00:00+00:00,-1,9.0,2316.6152119134554,2317.1124470329423,2326.2242119134553,2297.3972119134555,-5.10511607538263,TIME,50
2024-06-13 08:15:00+00:00,2024-06-13 11:15:00+00:00,1,19.0,2315.9861813085026,2311.384181308503,2311.384181308503,2325.190181308503,-88.76799999999737,SL,12
2024-06-28 08:15:00+00:00,2024-06-28 10:30:00+00:00,1,22.0,2328.4797533345136,2336.143753334514,2324.6477533345133,2336.143753334514,167.06800000000473,TP,9
2024-06-28 10:30:00+00:00,2024-06-28 13:30:00+00:00,1,18.0,2334.7008877078297,2330.0458877078295,2330.0458877078295,2344.01088770783,-85.0500000000036,SL,12
2024-06-28 13:30:00+00:00,2024-06-28 14:30:00+00:00,1,14.000000000000002,2331.5364662314287,2325.4274662314288,2325.4274662314288,2343.7544662314285,-86.50599999999895,SL,4
2024-06-28 15:00:00+00:00,2024-07-01 03:30:00+00:00,-1,11.0,2326.5406803394303,2327.607840058163,2334.2596803394304,2311.10268033943,-12.508756906062008,TIME,50
2024-07-01 09:30:00+00:00,2024-07-01 11:45:00+00:00,1,16.0,2327.5961882754223,2338.066188275422,2322.361188275422,2338.066188275422,166.3999999999968,TP,9
2024-07-01 11:45:00+00:00,2024-07-01 12:30:00+00:00,1,17.0,2336.7501204193345,2331.7531204193347,2331.7531204193347,2346.7441204193346,-86.13899999999734,SL,3
2024-07-01 12:30:00+00:00,2024-07-01 12:45:00+00:00,1,16.0,2334.52665633081,2329.13265633081,2329.13265633081,2345.31465633081,-87.42400000000373,SL,1
2024-07-01 12:45:00+00:00,2024-07-01 14:15:00+00:00,1,16.0,2330.310905374086,2324.9099053740856,2324.9099053740856,2341.112905374086,-87.53600000000472,SL,6
2024-07-01 14:45:00+00:00,2024-07-01 16:15:00+00:00,-1,10.0,2322.553303030678,2330.583303030678,2330.583303030678,2306.4933030306775,-81.000000000002,SL,6
2024-07-01 16:15:00+00:00,2024-07-01 20:15:00+00:00,-1,10.0,2328.847764050764,2332.05695241623,2337.4027640507643,2311.737764050764,-32.79188365466162,SIGNAL_REVERSE,16
2024-07-01 20:15:00+00:00,2024-07-02 03:30:00+00:00,1,21.0,2332.0639628510075,2328.001962851007,2328.001962851007,2340.187962851008,-86.77200000000741,SL,29
2024-07-02 10:15:00+00:00,2024-07-02 13:00:00+00:00,-1,16.0,2323.7147379064345,2328.8907379064344,2328.8907379064344,2313.362737906434,-83.9359999999989,SL,11
2024-07-02 13:00:00+00:00,2024-07-02 13:30:00+00:00,-1,15.0,2327.3797800261295,2333.0587800261296,2333.0587800261296,2316.0217800261294,-86.2350000000013,SL,2
2024-07-02 14:00:00+00:00,2024-07-02 14:15:00+00:00,1,11.0,2334.458201047659,2327.0962010476587,2327.0962010476587,2349.182201047659,-81.75200000000088,SL,1
2024-07-02 19:45:00+00:00,2024-07-03 06:45:00+00:00,1,17.0,2329.5772507652578,2339.0272507652576,2324.852250765258,2339.0272507652576,159.4599999999969,TP,44
2024-07-03 08:15:00+00:00,2024-07-03 09:30:00+00:00,1,17.0,2347.089716027792,2342.187716027792,2342.187716027792,2356.893716027792,-84.52400000000074,SL,5
2024-07-03 09:30:00+00:00,2024-07-03 12:30:00+00:00,1,16.0,2343.253420195363,2353.7214201953634,2338.019420195363,2353.7214201953634,166.36800000000483,TP,12
2024-07-03 12:30:00+00:00,2024-07-03 14:00:00+00:00,1,13.0,2348.664152772055,2361.194152772055,2342.3991527720545,2361.194152772055,161.9800000000026,TP,6
2024-07-03 14:00:00+00:00,2024-07-03 19:45:00+00:00,1,10.0,2355.348032486181,2354.273457563779,2347.368032486181,2371.308032486181,-11.445749224020073,SIGNAL_REVERSE,23
2024-07-03 19:45:00+00:00,2024-07-03 23:30:00+00:00,-1,17.0,2354.2677985955243,2359.240798595524,2359.240798595524,2344.3217985955243,-85.73099999999926,SL,15
2024-07-04 12:00:00+00:00,2024-07-04 18:00:00+00:00,1,23.0,2358.5008199872545,2356.2429898385135,2354.8708199872544,2365.7608199872543,-53.54009342104415,SIGNAL_REVERSE,24
2024-07-04 18:00:00+00:00,2024-07-05 01:00:00+00:00,-1,25.0,2356.2373970421195,2359.6113970421193,2359.6113970421193,2349.4893970421194,-86.0999999999949,SL,18
2024-07-05 08:15:00+00:00,2024-07-05 09:45:00+00:00,1,21.0,2367.4401893043523,2363.5841893043525,2363.5841893043525,2375.1521893043523,-82.44599999999511,SL,6
2024-07-05 09:45:00+00:00,2024-07-05 12:30:00+00:00,1,20.0,2365.191533951995,2361.149533951995,2361.149533951995,2373.275533951995,-82.23999999999833,SL,11
2024-07-05 13:00:00+00:00,2024-07-05 15:30:00+00:00,1,10.0,2372.1485933903396,2388.0025933903394,2364.22159339034,2388.0025933903394,157.83999999999816,TP,10
2024-07-05 15:30:00+00:00,2024-07-08 04:00:00+00:00,1,7.000000000000001,2384.699390975613,2382.933196579016,2372.8943909756126,2408.309390975613,-12.853360776177617,TIME,50
2024-07-08 08:15:00+00:00,2024-07-08 09:45:00+00:00,-1,19.0,2378.317434841324,2369.621434841324,2382.665434841324,2369.621434841324,163.89399999999833,TP,6
2024-07-08 09:45:00+00:00,2024-07-08 12:15:00+00:00,-1,16.0,2371.1334298867587,2376.2274298867587,2376.2274298867587,2360.9454298867586,-82.62400000000082,SL,10
2024-07-08 12:15:00+00:00,2024-07-08 15:30:00+00:00,-1,17.0,2374.9472169740525,2365.1852169740523,2379.8282169740523,2365.1852169740523,164.7640000000029,TP,13
2024-07-08 16:15:00+00:00,2024-07-09 00:00:00+00:00,-1,10.0,2354.9370199214513,2363.394019921451,2363.394019921451,2338.0230199214516,-85.2699999999988,SL,31
2024-07-09 08:15:00+00:00,2024-07-09 09:15:00+00:00,-1,22.0,2360.5675339903596,2364.4245339903596,2364.4245339903596,2352.8535339903597,-86.39399999999937,SL,4
2024-07-09 09:15:00+00:00,2024-07-09 13:45:00+00:00,-1,21.0,2363.2748057721196,2367.2488057721193,2367.2488057721193,2355.3268057721198,-84.92399999999381,SL,18
2024-07-09 15:15:00+00:00,2024-07-09 15:45:00+00:00,-1,9.0,2352.512268667874,2361.2582686678743,2361.2582686678743,2335.0202686678745,-79.34400000000085,SL,2
2024-07-09 15:45:00+00:00,2024-07-09 19:15:00+00:00,-1,8.0,2357.410316622572,2365.000955443787,2366.8223166225716,2338.586316622572,-61.28511056972144,SIGNAL_REVERSE,14
2024-07-09 19:15:00+00:00,2024-07-10 07:45:00+00:00,1,12.0,2365.0041922209934,2373.251243940279,2358.4701922209933,2378.0721922209937,98.12462063142644,TIME,50
2024-07-10 08:15:00+00:00,2024-07-10 12:15:00+00:00,1,23.0,2373.3737502331874,2380.5857502331874,2369.767750233187,2380.5857502331874,164.26599999999974,TP,16
2024-07-10 12:15:00+00:00,2024-07-10 13:45:00+00:00,1,22.0,2377.7766342928817,2385.1446342928816,2374.092634292882,2385.1446342928816,160.55599999999865,TP,6
2024-07-10 13:45:00+00:00,2024-07-10 14:30:00+00:00,1,17.0,2381.058712804875,2376.232712804875,2376.232712804875,2390.710712804875,-83.23200000000037,SL,3
2024-07-10 14:30:00+00:00,2024-07-10 17:15:00+00:00,1,14.000000000000002,2379.135522820108,2373.3115228201077,2373.3115228201077,2390.7835228201075,-82.51600000000099,SL,11
2024-07-10 17:45:00+00:00,2024-07-11 03:00:00+00:00,-1,12.0,2371.58757510709,2378.47657510709,2378.47657510709,2357.8095751070896,-83.50800000000149,SL,37
2024-07-11 09:30:00+00:00,2024-07-11 12:15:00+00:00,1,18.0,2382.946506527574,2378.392506527574,2378.392506527574,2392.054506527574,-83.23200000000158,SL,11
2024-07-11 17:45:00+00:00,2024-07-12 06:15:00+00:00,1,7.000000000000001,2413.7575702001564,2405.837247667478,2402.015570200156,2437.2415702001563,-55.9322577287478,TIME,50
2024-07-12 08:15:00+00:00,2024-07-12 12:30:00+00:00,-1,18.0,2404.5896528328262,2395.7796528328263,2408.994652832826,2395.7796528328263,157.31999999999903,TP,17
2024-07-29 08:15:00+00:00,2024-07-29 13:00:00+00:00,-1,15.0,2390.124860272806,2395.621860272806,2395.621860272806,2379.130860272806,-83.50499999999765,SL,19
2024-07-29 15:00:00+00:00,2024-07-29 21:15:00+00:00,-1,10.0,2381.1849776479526,2381.4601066063174,2389.3079776479526,2364.9389776479525,-3.4512895836480313,SIGNAL_REVERSE,25
2024-07-29 21:15:00+00:00,2024-07-30 09:45:00+00:00,1,15.0,2381.458049555137,2389.22319688554,2376.135049555137,2392.1040495551374,115.42720995604004,TIME,50
2024-07-30 09:45:00+00:00,2024-07-30 12:30:00+00:00,1,20.0,2389.261135939377,2386.922715635283,2385.163135939377,2397.4571359393767,-48.16840608187376,SIGNAL_REVERSE,11
2024-07-30 12:30:00+00:00,2024-07-30 13:15:00+00:00,-1,20.0,2386.919077928503,2391.081077928503,2391.081077928503,2378.595077928503,-84.63999999999615,SL,3
2024-07-30 13:45:00+00:00,2024-07-30 14:00:00+00:00,1,16.0,2393.4087926595057,2388.219792659506,2388.219792659506,2403.7867926595054,-84.14399999999762,SL,1
2024-07-30 14:00:00+00:00,2024-07-30 15:15:00+00:00,1,14.000000000000002,2393.8068674621763,2388.1488674621764,2388.1488674621764,2405.122867462176,-80.19199999999864,SL,5
2024-07-30 17:15:00+00:00,2024-07-31 05:45:00+00:00,1,8.0,2402.4563810473787,2418.462631393969,2392.3313810473787,2422.7063810473787,127.4900027727212,TIME,50
2024-07-31 08:15:00+00:00,2024-07-31 18:30:00+00:00,1,13.0,2417.75529832108,2429.73329832108,2411.76629832108,2429.73329832108,154.80400000000085,TP,41
2024-07-31 19:00:00+00:00,2024-07-31 19:30:00+00:00,1,11.0,2433.48808126962,2448.18008126962,2426.14208126962,2448.18008126962,160.84200000000007,TP,2
2024-07-31 19:30:00+00:00,2024-08-01 08:00:00+00:00,1,10.0,2441.984019546902,2440.196686378741,2433.5250195469016,2458.902019546902,-18.57333168160785,TIME,50
2024-08-01 08:15:00+00:00,2024-08-01 12:15:00+00:00,-1,15.0,2440.441279962433,2445.846279962433,2445.846279962433,2429.631279962433,-82.125000000003,SL,16
2024-08-01 12:45:00+00:00,2024-08-01 14:15:00+00:00,1,11.0,2453.130758336186,2445.9157583361857,2445.9157583361857,2467.5607583361857,-80.1350000000016,SL,6
2024-08-01 14:15:00+00:00,2024-08-01 17:00:00+00:00,1,8.0,2450.83067360559,2441.1596736055903,2441.1596736055903,2470.1726736055903,-77.92799999999858,SL,11
2024-08-01 17:45:00+00:00,2024-08-02 00:15:00+00:00,-1,7.000000000000001,2436.176712624608,2447.7217126246082,2447.7217126246082,2413.086712624608,-81.30500000000052,SL,26
2024-08-02 08:15:00+00:00,2024-08-02 12:15:00+00:00,1,12.0,2462.897362901015,2456.025362901015,2456.025362901015,2476.6413629010153,-83.30400000000358,SL,16
2024-08-02 12:15:00+00:00,2024-08-02 12:30:00+00:00,-1,14.000000000000002,2457.4620361251123,2463.2020361251125,2463.2020361251125,2445.982036125112,-81.34000000000333,SL,1
2024-08-02 12:30:00+00:00,2024-08-02 12:45:00+00:00,-1,10.0,2455.531982145663,2463.181982145663,2463.181982145663,2440.2319821456626,-77.20000000000091,SL,1
2024-08-02 13:00:00+00:00,2024-08-02 13:15:00+00:00,1,8.0,2472.9054086998976,2463.8394086998974,2463.8394086998974,2491.037408699898,-73.08800000000207,SL,1
2024-08-02 14:15:00+00:00,2024-08-02 14:30:00+00:00,1,6.0,2471.9281468786326,2459.6951468786324,2459.6951468786324,2496.394146878633,-73.81800000000105,SL,1
2024-08-02 21:00:00+00:00,2024-08-05 00:00:00+00:00,1,9.0,2442.063779137766,2433.3157791377657,2433.3157791377657,2459.559779137766,-79.36200000000042,SL,12
2024-08-05 08:15:00+00:00,2024-08-05 11:00:00+00:00,-1,5.0,2430.885880123524,2403.885880123524,2444.385880123524,2403.885880123524,134.65,TP,11
2024-08-05 11:00:00+00:00,2024-08-05 12:15:00+00:00,-1,5.0,2408.473903646542,2381.689903646542,2421.865903646542,2381.689903646542,133.57000000000053,TP,5
2024-08-05 12:15:00+00:00,2024-08-05 15:00:00+00:00,-1,5.0,2386.500419414584,2401.763419414584,2401.763419414584,2355.974419414584,-76.6649999999996,SL,11
2024-08-05 15:00:00+00:00,2024-08-05 16:45:00+00:00,-1,4.0,2396.521186510984,2404.059893591966,2416.518186510984,2356.527186510984,-30.434828323928087,SIGNAL_REVERSE,7
2024-08-05 16:45:00+00:00,2024-08-06 05:15:00+00:00,1,4.0,2404.0605471952404,2409.9947974124,2386.3265471952404,2439.5285471952407,23.45700086863937,TIME,50
2024-08-06 09:30:00+00:00,2024-08-06 12:15:00+00:00,1,8.0,2412.763422422479,2403.156422422479,2403.156422422479,2431.977422422479,-77.41599999999977,SL,11
2024-08-06 13:00:00+00:00,2024-08-06 14:00:00+00:00,-1,9.0,2392.945263359268,2401.6822633592683,2401.6822633592683,2375.4712633592685,-79.26300000000072,SL,4
2024-08-06 14:00:00+00:00,2024-08-07 02:30:00+00:00,-1,7.000000000000001,2395.56846595188,2386.361604522385,2405.69946595188,2375.30646595188,63.958030006467446,TIME,50
2024-08-07 08:15:00+00:00,2024-08-07 12:15:00+00:00,1,12.0,2391.190279798578,2404.004279798578,2384.783279798578,2404.004279798578,152.9279999999982,TP,16
2024-08-07 12:15:00+00:00,2024-08-07 15:30:00+00:00,1,12.0,2402.2983427341173,2395.9903427341173,2395.9903427341173,2414.9143427341173,-76.53599999999992,SL,13
2024-08-07 17:30:00+00:00,2024-08-08 06:00:00+00:00,-1,10.0,2392.0035102217585,2395.270840633427,2399.8835102217586,2376.2435102217582,-33.37330411668354,TIME,50
2024-08-08 08:15:00+00:00,2024-08-08 11:00:00+00:00,1,13.0,2396.7954494140354,2409.1554494140355,2390.6154494140355,2409.1554494140355,159.77000000000166,TP,11
2024-08-08 11:00:00+00:00,2024-08-08 14:00:00+00:00,1,11.0,2405.2232450256765,2419.0872450256766,2398.2912450256763,2419.0872450256766,151.73400000000035,TP,12
2024-08-08 14:00:00+00:00,2024-08-09 02:30:00+00:00,1,8.0,2414.2392091169945,2425.2808524577586,2404.4952091169944,2433.7272091169943,87.77314672611232,TIME,50
2024-08-09 09:15:00+00:00,2024-08-09 14:30:00+00:00,1,15.0,2424.1182717085844,2435.050271708584,2418.6522717085845,2435.050271708584,162.92999999999682,TP,21
2024-08-09 14:30:00+00:00,2024-08-12 01:45:00+00:00,1,11.0,2432.1446935388867,2424.6866935388866,2424.6866935388866,2447.060693538887,-82.80800000000092,SL,45
2024-08-12 08:15:00+00:00,2024-08-12 13:30:00+00:00,1,18.0,2441.3567491695276,2450.628749169527,2436.7207491695276,2450.628749169527,165.63599999999064,TP,21
2024-08-12 13:30:00+00:00,2024-08-12 13:45:00+00:00,1,15.0,2446.086513078215,2456.6905130782147,2440.784513078215,2456.6905130782147,158.0099999999972,TP,1
2024-08-12 13:45:00+00:00,2024-08-12 14:15:00+00:00,1,15.0,2452.016655315015,2446.458655315015,2446.458655315015,2463.132655315015,-84.41999999999989,SL,2
2024-08-12 14:15:00+00:00,2024-08-12 16:00:00+00:00,1,14.000000000000002,2448.8315852748283,2460.9235852748284,2442.7855852748285,2460.9235852748284,168.3080000000014,TP,7
2024-08-12 16:00:00+00:00,2024-08-13 00:00:00+00:00,1,10.0,2459.8549189531873,2476.6909189531875,2451.436918953187,2476.6909189531875,167.6600000000024,TP,32
2024-08-13 12:15:00+00:00,2024-08-13 13:15:00+00:00,1,19.0,2465.9273547517037,2461.2933547517036,2461.2933547517036,2475.1953547517037,-89.37600000000027,SL,4
2024-08-13 13:15:00+00:00,2024-08-13 19:30:00+00:00,1,13.0,2469.4540561739705,2462.7930561739704,2462.7930561739704,2482.7760561739706,-87.50300000000075,SL,25
2024-08-13 19:45:00+00:00,2024-08-14 01:15:00+00:00,-1,16.0,2463.642213834408,2468.9582138344076,2468.9582138344076,2453.010213834408,-86.17599999999686,SL,22
2024-08-14 08:15:00+00:00,2024-08-14 08:30:00+00:00,1,19.0,2469.001478999201,2478.025478999201,2464.4894789992013,2478.025478999201,170.12599999999784,TP,1
2024-08-14 08:30:00+00:00,2024-08-14 12:30:00+00:00,1,16.0,2470.2754049895193,2465.0704049895194,2465.0704049895194,2480.685404989519,-84.39999999999884,SL,16
2024-08-14 12:30:00+00:00,2024-08-14 12:45:00+00:00,1,12.0,2472.1299565397458,2465.1499565397457,2465.1499565397457,2486.089956539746,-84.60000000000022,SL,1
2024-08-14 13:30:00+00:00,2024-08-14 13:45:00+00:00,-1,9.0,2450.9184543003375,2460.4024543003375,2460.4024543003375,2431.9504543003372,-85.98599999999931,SL,1
2024-08-14 13:45:00+00:00,2024-08-14 16:30:00+00:00,-1,8.0,2457.939636802228,2438.347636802228,2467.7356368022283,2438.347636802228,156.17600000000078,TP,11
2024-08-14 16:30:00+00:00,2024-08-15 00:30:00+00:00,-1,6.0,2441.0126216461517,2453.615621646152,2453.615621646152,2415.8066216461516,-76.0380000000004,SL,32
2024-08-15 08:15:00+00:00,2024-08-15 12:00:00+00:00,1,19.0,2455.5632849694825,2464.3892849694826,2451.1502849694825,2464.3892849694826,166.3640000000004,TP,15
2024-08-15 12:00:00+00:00,2024-08-15 12:30:00+00:00,1,21.0,2463.474701365112,2459.3617013651124,2459.3617013651124,2471.700701365112,-87.84299999999641,SL,2
2024-08-15 12:30:00+00:00,2024-08-15 12:45:00+00:00,1,14.000000000000002,2467.059591960957,2461.053591960957,2461.053591960957,2479.0715919609565,-85.06399999999803,SL,1
2024-08-15 13:15:00+00:00,2024-08-15 13:30:00+00:00,-1,9.0,2437.718640807348,2447.070640807348,2447.070640807348,2419.0146408073483,-84.79799999999875,SL,1
2024-08-15 13:30:00+00:00,2024-08-15 18:45:00+00:00,-1,8.0,2450.8470958673165,2457.1074148906064,2460.7810958673163,2430.9790958673166,-50.64255218631894,SIGNAL_REVERSE,21
2024-08-15 18:45:00+00:00,2024-08-16 07:15:00+00:00,1,12.0,2457.113644503819,2453.752197990947,2449.965644503819,2471.4096445038194,-41.17735815446562,TIME,50
2024-08-16 08:15:00+00:00,2024-08-16 11:15:00+00:00,1,17.0,2460.022758308035,2469.680758308035,2455.193758308035,2469.680758308035,162.99599999999833,TP,12
2024-08-16 11:15:00+00:00,2024-08-16 12:45:00+00:00,1,14.000000000000002,2468.776120992324,2480.7401209923246,2462.794120992324,2480.7401209923246,166.5160000000056,TP,6
2024-08-16 12:45:00+00:00,2024-08-16 13:00:00+00:00,1,11.0,2475.287883867034,2490.6238838670342,2467.619883867034,2490.6238838670342,167.92600000000263,TP,1
2024-08-16 13:00:00+00:00,2024-08-16 14:15:00+00:00,1,10.0,2491.5003361993395,2483.4283361993394,2483.4283361993394,2507.6443361993397,-81.42000000000117,SL,5
2024-08-16 14:15:00+00:00,2024-08-19 02:45:00+00:00,1,7.000000000000001,2489.790249220957,2500.5264956881556,2478.1552492209566,2513.0602492209573,74.6637252703911,TIME,50
2024-08-19 08:30:00+00:00,2024-08-19 09:30:00+00:00,1,15.0,2505.974961272576,2500.197961272576,2500.197961272576,2517.5289612725755,-87.70500000000065,SL,4
2024-08-19 10:30:00+00:00,2024-08-19 14:30:00+00:00,-1,14.000000000000002,2495.6239278915414,2501.8049278915414,2501.8049278915414,2483.2619278915413,-87.51400000000058,SL,16
2024-08-27 13:30:00+00:00,2024-08-27 13:45:00+00:00,-1,13.0,2506.4422861186717,2512.9082861186716,2512.9082861186716,2493.5102861186715,-84.96799999999863,SL,1
2024-08-27 14:45:00+00:00,2024-08-28 03:15:00+00:00,1,11.0,2516.268575982102,2513.550210815922,2508.815575982102,2531.1745759821024,-30.672016827978513,TIME,50
2024-08-28 08:15:00+00:00,2024-08-28 12:15:00+00:00,-1,15.0,2507.6200609025686,2496.612060902569,2513.1240609025685,2496.612060902569,164.06999999999715,TP,16
2024-08-28 12:15:00+00:00,2024-08-28 13:00:00+00:00,-1,15.0,2499.1564380493683,2504.6834380493683,2504.6834380493683,2488.1024380493686,-83.95500000000065,SL,3
2024-08-28 13:00:00+00:00,2024-08-28 13:15:00+00:00,-1,14.000000000000002,2500.617294406972,2506.721294406972,2506.721294406972,2488.4092944069725,-86.43599999999742,SL,1
2024-08-28 13:15:00+00:00,2024-08-28 19:45:00+00:00,-1,13.0,2506.0648114842097,2507.9595502176057,2512.7018114842094,2492.79081148421,-25.541603534148326,SIGNAL_REVERSE,26
2024-08-28 19:45:00+00:00,2024-08-29 05:45:00+00:00,1,14.000000000000002,2507.961180738382,2519.777180738382,2502.0531807383823,2519.777180738382,164.4439999999973,TP,40
2024-08-29 08:15:00+00:00,2024-08-29 12:30:00+00:00,1,16.0,2518.109603955871,2512.825603955871,2512.825603955871,2528.6776039558713,-85.66400000000169,SL,17
2024-08-29 13:00:00+00:00,2024-08-29 13:45:00+00:00,-1,11.0,2509.12369354744,2516.56269354744,2516.56269354744,2494.2456935474397,-82.59900000000336,SL,3
2024-08-29 13:45:00+00:00,2024-08-29 15:00:00+00:00,-1,10.0,2514.4610252591633,2522.409025259163,2522.409025259163,2498.565025259163,-80.17999999999866,SL,5
2024-08-29 16:45:00+00:00,2024-08-30 03:30:00+00:00,1,8.0,2523.239116556951,2513.6531165569513,2513.6531165569513,2542.411116556951,-77.24799999999829,SL,43
2024-08-30 08:15:00+00:00,2024-08-30 10:30:00+00:00,1,15.0,2523.5468771592246,2518.0518771592247,2518.0518771592247,2534.5368771592243,-83.47499999999836,SL,9
2024-08-30 10:30:00+00:00,2024-08-30 13:15:00+00:00,1,13.0,2519.6825630711446,2513.1605630711447,2513.1605630711447,2532.7265630711445,-85.69599999999915,SL,11
2024-08-30 13:30:00+00:00,2024-08-30 16:30:00+00:00,-1,11.0,2514.9617859931986,2499.767785993199,2522.5587859931984,2499.767785993199,166.36399999999455,TP,12
2024-08-30 16:30:00+00:00,2024-09-02 05:00:00+00:00,-1,7.000000000000001,2501.8791101270945,2496.9201573018095,2512.5911101270945,2480.455110127095,34.22266977699498,TIME,50
2024-09-02 08:15:00+00:00,2024-09-02 23:15:00+00:00,1,16.0,2500.8337742707918,2498.2937798506814,2495.6657742707916,2511.169774270792,-41.75991072176577,TIME,50
2024-09-10 10:30:00+00:00,2024-09-10 14:00:00+00:00,1,17.0,2507.8461426300823,2502.985142630082,2502.985142630082,2517.5681426300825,-83.82700000000563,SL,14
2024-09-10 14:00:00+00:00,2024-09-10 14:30:00+00:00,1,14.000000000000002,2506.7780031966913,2500.875003196691,2500.875003196691,2518.5840031966914,-83.62200000000348,SL,2
2024-09-10 15:15:00+00:00,2024-09-11 03:45:00+00:00,1,11.0,2509.8293121496813,2519.1620145775123,2502.6193121496813,2524.2493121496814,101.8897267061411,TIME,50
2024-09-11 08:15:00+00:00,2024-09-11 12:15:00+00:00,1,18.0,2523.1426318708236,2518.4466318708237,2518.4466318708237,2532.534631870824,-85.78799999999843,SL,16
2024-09-11 12:30:00+00:00,2024-09-11 12:45:00+00:00,-1,12.0,2518.712547341569,2504.972547341569,2525.582547341569,2504.972547341569,164.03999999999738,TP,1
2024-09-11 13:00:00+00:00,2024-09-11 16:00:00+00:00,-1,11.0,2508.1141522525727,2515.7981522525724,2515.7981522525724,2492.7461522525728,-85.29399999999715,SL,12
2024-09-11 16:00:00+00:00,2024-09-12 04:30:00+00:00,-1,8.0,2514.690862001901,2516.5927337928815,2525.328862001901,2493.4148620019014,-15.774974327842356,TIME,50
2024-09-12 08:15:00+00:00,2024-09-12 10:45:00+00:00,1,23.0,2517.4035056194357,2513.7895056194357,2513.7895056194357,2524.6315056194358,-84.73200000000075,SL,10
2024-09-12 13:00:00+00:00,2024-09-12 13:30:00+00:00,1,10.0,2528.5823334484835,2545.286333448483,2520.2303334484836,2545.286333448483,166.33999999999725,TP,2
2024-09-12 13:30:00+00:00,2024-09-12 20:15:00+00:00,1,8.0,2539.5105788667847,2559.2625788667847,2529.634578866785,2559.2625788667847,157.45599999999962,TP,27
2024-09-12 20:15:00+00:00,2024-09-13 07:45:00+00:00,1,13.0,2557.8422419170174,2570.614241917018,2551.4562419170175,2570.614241917018,165.12600000000506,TP,46
2024-09-13 08:15:00+00:00,2024-09-13 11:30:00+00:00,1,15.0,2570.0118138953526,2564.4098138953527,2564.4098138953527,2581.2158138953528,-85.07999999999792,SL,13
2024-09-13 13:15:00+00:00,2024-09-16 01:45:00+00:00,1,13.0,2576.557343666325,2581.6394924110778,2570.1683436663247,2589.3353436663247,65.15793368178751,TIME,50
2024-09-16 10:45:00+00:00,2024-09-16 13:00:00+00:00,-1,14.000000000000002,2579.267293906674,2585.268293906674,2585.268293906674,2567.265293906674,-84.99400000000287,SL,9
2024-09-17 08:15:00+00:00,2024-09-17 08:45:00+00:00,1,17.0,2582.628171206619,2577.7611712066187,2577.7611712066187,2592.3621712066188,-83.92900000000321,SL,2
2024-09-17 10:00:00+00:00,2024-09-17 11:30:00+00:00,-1,14.000000000000002,2573.328460268533,2579.189460268533,2579.189460268533,2561.606460268533,-83.03399999999829,SL,6
2024-09-24 16:30:00+00:00,2024-09-25 02:45:00+00:00,1,8.0,2647.149814804275,2667.385814804275,2637.031814804275,2667.385814804275,161.327999999999,TP,41
2024-09-25 08:15:00+00:00,2024-09-25 13:00:00+00:00,-1,15.0,2656.0199684114905,2661.7379684114903,2661.7379684114903,2644.583968411491,-86.8199999999977,SL,19
2024-09-25 13:15:00+00:00,2024-09-25 14:45:00+00:00,1,14.000000000000002,2663.185900550378,2657.232900550378,2657.232900550378,2675.091900550378,-84.32199999999966,SL,6
2024-09-25 14:45:00+00:00,2024-09-25 16:15:00+00:00,1,11.0,2661.711662171653,2654.188662171653,2654.188662171653,2676.7576621716535,-83.52300000000152,SL,6
2024-09-25 17:00:00+00:00,2024-09-25 17:30:00+00:00,-1,10.0,2653.5463431296466,2662.0033431296465,2662.0033431296465,2636.632343129647,-85.2699999999988,SL,2
2024-09-26 08:15:00+00:00,2024-09-26 11:00:00+00:00,1,17.0,2666.18641431288,2675.9664143128803,2661.29641431288,2675.9664143128803,165.0700000000034,TP,11
2024-09-26 11:00:00+00:00,2024-09-26 11:30:00+00:00,1,14.000000000000002,2672.608661056622,2684.542661056622,2666.641661056622,2684.542661056622,166.09599999999642,TP,2
2024-09-26 11:30:00+00:00,2024-09-26 12:30:00+00:00,1,12.0,2678.0654866745485,2671.4924866745487,2671.4924866745487,2691.2114866745483,-79.71599999999839,SL,4
2024-09-26 12:30:00+00:00,2024-09-26 13:00:00+00:00,1,10.0,2678.22529631886,2669.6712963188597,2669.6712963188597,2695.3332963188595,-86.24000000000088,SL,2
2024-09-26 13:00:00+00:00,2024-09-26 13:15:00+00:00,1,8.0,2677.6948965849665,2667.4928965849667,2667.4928965849667,2698.0988965849665,-82.17599999999817,SL,1
2024-09-26 14:45:00+00:00,2024-09-26 18:45:00+00:00,-1,6.0,2665.430065284917,2676.1485551901865,2678.9870652849168,2638.3160652849174,-64.73093943161705,SIGNAL_REVERSE,16
2024-09-26 18:45:00+00:00,2024-09-27 01:30:00+00:00,1,10.0,2676.147748770766,2668.015748770766,2668.015748770766,2692.411748770766,-82.02000000000062,SL,27
2024-09-27 08:15:00+00:00,2024-09-27 12:30:00+00:00,-1,14.000000000000002,2663.8351998735507,2669.6651998735506,2669.6651998735506,2652.175199873551,-82.599999999999,SL,17
2024-09-27 13:00:00+00:00,2024-09-27 14:00:00+00:00,1,13.0,2670.0275225078553,2663.7405225078555,2663.7405225078555,2682.6015225078554,-82.64099999999749,SL,4
2024-09-27 15:15:00+00:00,2024-09-27 20:45:00+00:00,-1,8.0,2647.757742916043,2657.2647429160425,2657.2647429160425,2628.743742916043,-76.61599999999686,SL,22
2024-09-27 21:15:00+00:00,2024-09-30 09:30:00+00:00,1,12.0,2653.247837580958,2650.2342951049463,2646.446837580958,2666.8498375809577,-37.002509712137766,SIGNAL_REVERSE,49
2024-09-30 09:30:00+00:00,2024-09-30 10:45:00+00:00,-1,13.0,2650.228167233855,2637.910167233855,2656.387167233855,2637.910167233855,159.22399999999683,TP,5
2024-09-30 10:45:00+00:00,2024-09-30 18:15:00+00:00,-1,11.0,2639.514983691524,2625.298983691524,2646.6229836915236,2625.298983691524,155.60599999999883,TP,30
2024-09-30 18:30:00+00:00,2024-09-30 20:45:00+00:00,-1,10.0,2626.758242514885,2634.756242514885,2634.756242514885,2610.7622425148847,-80.68000000000048,SL,9
2024-09-30 20:45:00+00:00,2024-10-01 04:30:00+00:00,-1,13.0,2633.6924962340104,2639.9264962340103,2639.9264962340103,2621.2244962340105,-81.951999999999,SL,31
2024-10-01 08:15:00+00:00,2024-10-01 12:00:00+00:00,1,18.0,2644.3324610423206,2653.044461042321,2639.9764610423204,2653.044461042321,155.556000000008,TP,15
2024-10-01 12:00:00+00:00,2024-10-01 13:30:00+00:00,1,16.0,2650.3126975016735,2660.5526975016737,2645.1926975016736,2660.5526975016737,162.72000000000378,TP,6
2024-10-01 13:30:00+00:00,2024-10-01 13:45:00+00:00,1,11.0,2653.8822410723883,2668.0342410723883,2646.8062410723883,2668.0342410723883,154.90200000000047,TP,1
2024-10-01 14:00:00+00:00,2024-10-01 14:15:00+00:00,1,10.0,2667.545244834415,2659.1262448344146,2659.1262448344146,2684.383244834415,-84.89000000000324,SL,1
2024-10-01 14:15:00+00:00,2024-10-01 15:00:00+00:00,1,9.0,2665.8520373661963,2656.752037366196,2656.752037366196,2684.0520373661966,-82.53000000000327,SL,3
2024-10-01 15:00:00+00:00,2024-10-01 20:30:00+00:00,1,8.0,2659.1649014561403,2659.742573746315,2648.9479014561402,2679.5989014561405,4.06137832139706,SIGNAL_REVERSE,22
2024-10-01 20:30:00+00:00,2024-10-02 09:00:00+00:00,-1,9.0,2659.742257614278,2652.4131352654954,2668.3372576142783,2642.5522576142776,65.33210113904408,TIME,50
2024-10-02 14:15:00+00:00,2024-10-02 14:45:00+00:00,1,10.0,2660.0166039680503,2651.52660396805,2651.52660396805,2676.9966039680503,-85.60000000000237,SL,2
2024-10-02 19:30:00+00:00,2024-10-03 06:00:00+00:00,1,13.0,2657.841605836755,2651.5256058367554,2651.5256058367554,2670.4736058367553,-83.01799999999744,SL,42
2024-10-03 08:15:00+00:00,2024-10-03 12:00:00+00:00,-1,14.000000000000002,2643.847449736225,2649.4624497362247,2649.4624497362247,2632.617449736225,-79.58999999999696,SL,15
2024-10-03 15:30:00+00:00,2024-10-04 04:00:00+00:00,1,8.0,2651.355371606618,2661.029462379058,2641.2633716066184,2671.539371606618,76.83272617951792,TIME,50
2024-10-04 08:45:00+00:00,2024-10-04 12:30:00+00:00,-1,19.0,2660.6092412274147,2651.929241227415,2664.949241227415,2651.929241227415,163.58999999999688,TP,15
2024-10-04 12:30:00+00:00,2024-10-04 12:45:00+00:00,-1,13.0,2656.911965571026,2644.753965571026,2662.990965571026,2644.753965571026,157.14399999999873,TP,1
2024-10-04 12:45:00+00:00,2024-10-04 13:00:00+00:00,-1,11.0,2640.956236553306,2648.260236553306,2648.260236553306,2626.3482365533064,-81.11400000000096,SL,1
2024-10-04 13:00:00+00:00,2024-10-04 13:15:00+00:00,-1,10.0,2638.763372502807,2647.055372502807,2647.055372502807,2622.1793725028074,-83.61999999999917,SL,1
2024-10-04 13:15:00+00:00,2024-10-04 14:45:00+00:00,-1,9.0,2648.761358052905,2657.592358052905,2657.592358052905,2631.0993580529052,-80.10900000000117,SL,6
2024-10-04 14:45:00+00:00,2024-10-04 15:00:00+00:00,-1,7.000000000000001,2655.6465133131287,2666.9445133131285,2666.9445133131285,2633.0505133131287,-79.57599999999843,SL,1
2024-10-04 18:30:00+00:00,2024-10-07 07:00:00+00:00,-1,7.000000000000001,2646.573093572434,2643.2832137413634,2658.070093572434,2623.579093572434,22.53915881749505,TIME,50
2024-10-07 08:15:00+00:00,2024-10-07 12:30:00+00:00,1,15.0,2653.4957906917734,2648.1827906917733,2648.1827906917733,2664.121790691773,-80.74500000000153,SL,17
2024-10-07 12:30:00+00:00,2024-10-07 12:45:00+00:00,1,12.0,2649.5798922906715,2643.0908922906715,2643.0908922906715,2662.5578922906716,-78.7080000000004,SL,1
2024-10-07 13:45:00+00:00,2024-10-08 02:15:00+00:00,-1,10.0,2645.3342466933755,2641.071779035851,2653.635246693376,2628.732246693375,41.924676575246664,TIME,50
2024-10-08 08:15:00+00:00,2024-10-08 08:30:00+00:00,-1,11.0,2632.4470939851094,2639.4960939851094,2639.4960939851094,2618.3490939851094,-78.30899999999976,SL,1
2024-10-08 08:30:00+00:00,2024-10-08 10:30:00+00:00,-1,11.0,2635.526501414518,2642.691501414518,2642.691501414518,2621.196501414518,-79.5849999999996,SL,8
2024-10-08 11:15:00+00:00,2024-10-08 13:15:00+00:00,1,10.0,2646.4648126225075,2638.7538126225077,2638.7538126225077,2661.8868126225075,-77.80999999999786,SL,8
2024-10-08 13:15:00+00:00,2024-10-08 14:00:00+00:00,1,10.0,2642.9117201572226,2634.9667201572224,2634.9667201572224,2658.8017201572225,-80.15000000000164,SL,3
2024-10-08 14:30:00+00:00,2024-10-08 15:30:00+00:00,-1,8.0,2627.6573093808615,2607.961309380861,2637.5053093808615,2607.961309380861,157.00800000000294,TP,4
2024-10-08 15:30:00+00:00,2024-10-08 19:45:00+00:00,-1,6.0,2609.569942417217,2621.243942417217,2621.243942417217,2586.221942417217,-70.46399999999987,SL,17
2024-10-08 19:45:00+00:00,2024-10-08 20:45:00+00:00,-1,9.0,2618.365872630988,2620.1614375838217,2627.3488726309884,2600.3998726309883,-16.790084575501513,SIGNAL_REVERSE,4
2024-10-08 20:45:00+00:00,2024-10-09 06:30:00+00:00,1,11.0,2620.163835514062,2613.1398355140623,2613.1398355140623,2634.211835514062,-78.03399999999876,SL,39
2024-10-09 08:15:00+00:00,2024-10-09 10:30:00+00:00,-1,12.0,2613.6226454798298,2619.8746454798297,2619.8746454798297,2601.1186454798294,-75.86399999999944,SL,9
2024-10-09 11:15:00+00:00,2024-10-09 13:15:00+00:00,1,13.0,2620.919967377807,2614.7889673778072,2614.7889673778072,2633.1819673778073,-80.61299999999815,SL,8
2024-10-09 13:45:00+00:00,2024-10-09 15:15:00+00:00,-1,11.0,2609.4577018107893,2616.3777018107894,2616.3777018107894,2595.617701810789,-76.8900000000008,SL,6
2024-10-09 15:15:00+00:00,2024-10-10 03:45:00+00:00,-1,9.0,2615.7929727824544,2612.0271133979327,2624.1289727824546,2599.1209727824544,33.26273446069546,TIME,50
2024-10-10 08:15:00+00:00,2024-10-10 12:30:00+00:00,1,16.0,2616.0547804274042,2611.257780427404,2611.257780427404,2625.6487804274043,-77.87200000000041,SL,17
2024-10-10 13:00:00+00:00,2024-10-10 13:15:00+00:00,1,10.0,2625.1593461036073,2617.6663461036073,2617.6663461036073,2640.145346103607,-75.62999999999938,SL,1
2024-10-10 13:15:00+00:00,2024-10-10 23:30:00+00:00,1,10.0,2620.176818154529,2635.400818154529,2612.564818154529,2635.400818154529,151.5400000000016,TP,41
2024-10-11 09:15:00+00:00,2024-10-11 12:00:00+00:00,-1,15.0,2640.3216853611802,2645.47068536118,2645.47068536118,2630.0236853611805,-78.2849999999983,SL,11
2024-10-11 13:30:00+00:00,2024-10-11 16:15:00+00:00,1,12.0,2647.0789737614823,2660.102973761482,2640.5669737614826,2660.102973761482,155.44799999999864,TP,11
2024-10-11 16:15:00+00:00,2024-10-13 22:00:00+00:00,1,10.0,2658.5812308525747,2650.9452308525747,2650.9452308525747,2673.8532308525746,-77.05999999999968,SL,23
2024-10-14 08:15:00+00:00,2024-10-14 11:15:00+00:00,1,14.000000000000002,2659.6942301465906,2654.3752301465906,2654.3752301465906,2670.3322301465905,-75.44599999999946,SL,12
2024-10-14 11:15:00+00:00,2024-10-14 14:45:00+00:00,-1,13.0,2656.7751340992413,2645.2191340992417,2662.553134099241,2645.2191340992417,149.3179999999946,TP,14
2024-10-14 14:45:00+00:00,2024-10-14 20:15:00+00:00,-1,9.0,2649.3884830124107,2652.931999223608,2657.6054830124103,2632.954483012411,-32.52164590077417,SIGNAL_REVERSE,22
2024-10-14 20:15:00+00:00,2024-10-14 20:30:00+00:00,1,20.0,2652.928218291697,2649.1132182916967,2649.1132182916967,2660.558218291697,-77.7000000000011,SL,1
2024-10-14 20:30:00+00:00,2024-10-14 20:45:00+00:00,1,20.0,2652.4735715859542,2648.5165715859544,2648.5165715859544,2660.3875715859544,-80.5399999999976,SL,1
2024-10-15 08:15:00+00:00,2024-10-15 11:45:00+00:00,1,13.0,2654.4971779833522,2648.7921779833523,2648.7921779833523,2665.907177983352,-75.07499999999905,SL,14
2024-10-15 14:45:00+00:00,2024-10-16 03:15:00+00:00,1,8.0,2660.136063806493,2667.2952674400995,2651.456063806493,2677.4960638064927,56.71362906885173,TIME,50
2024-10-16 08:15:00+00:00,2024-10-16 14:45:00+00:00,1,15.0,2676.0736413867685,2670.9506413867684,2670.9506413867684,2686.319641386768,-77.8950000000007,SL,26
2024-10-16 15:15:00+00:00,2024-10-17 01:30:00+00:00,-1,8.0,2671.1419635486545,2679.9019635486547,2679.9019635486547,2653.6219635486545,-70.64000000000175,SL,41
2024-10-17 08:15:00+00:00,2024-10-17 09:15:00+00:00,1,13.0,2682.9517517071636,2677.2467517071636,2677.2467517071636,2694.3617517071634,-75.07499999999905,SL,4
2024-10-17 10:45:00+00:00,2024-10-17 12:00:00+00:00,1,12.0,2686.849670183574,2680.664670183574,2680.664670183574,2699.219670183574,-75.05999999999935,SL,5
2024-10-17 14:15:00+00:00,2024-10-18 01:45:00+00:00,1,9.0,2689.888231282061,2706.4562312820613,2681.604231282061,2706.4562312820613,148.4820000000019,TP,46
2024-10-18 08:15:00+00:00,2024-10-18 09:00:00+00:00,-1,13.0,2703.0321322578925,2708.8911322578924,2708.8911322578924,2691.3141322578927,-77.076999999999,SL,3
2024-10-18 09:00:00+00:00,2024-10-18 09:15:00+00:00,-1,12.0,2706.273639725548,2712.310639725548,2712.310639725548,2694.199639725548,-73.28399999999769,SL,1
2024-10-18 10:45:00+00:00,2024-10-20 22:45:00+00:00,1,11.0,2710.8104931808225,2723.642493180823,2704.3944931808223,2723.642493180823,140.38200000000367,TP,48
2024-10-21 08:45:00+00:00,2024-10-21 14:30:00+00:00,1,16.0,2732.309465966901,2727.4964659669013,2727.4964659669013,2741.9354659669007,-78.12799999999436,SL,23
2024-10-21 15:15:00+00:00,2024-10-22 01:30:00+00:00,-1,8.0,2720.5898781357973,2729.3328781357973,2729.3328781357973,2703.1038781357975,-70.50399999999951,SL,41
2024-10-22 08:15:00+00:00,2024-10-22 15:00:00+00:00,1,15.0,2734.0171535716745,2744.1451535716747,2728.953153571674,2744.1451535716747,150.87000000000234,TP,27
2024-10-22 15:00:00+00:00,2024-10-23 03:30:00+00:00,1,10.0,2741.8343861067074,2740.008614088037,2734.5303861067073,2756.4423861067075,-18.9577201867025,TIME,50
2024-10-23 08:15:00+00:00,2024-10-23 09:30:00+00:00,1,15.0,2755.6239960065736,2750.6059960065736,2750.6059960065736,2765.6599960065737,-76.32000000000043,SL,5
2024-10-23 09:30:00+00:00,2024-10-23 12:00:00+00:00,1,15.0,2752.69609271166,2747.8530927116603,2747.8530927116603,2762.38209271166,-73.6949999999977,SL,10
2024-10-23 12:00:00+00:00,2024-10-23 13:00:00+00:00,-1,15.0,2749.968771490341,2740.2307714903413,2754.8377714903413,2740.2307714903413,145.01999999999742,TP,4
2024-10-30 17:30:00+00:00,2024-10-31 06:00:00+00:00,1,8.0,2789.1034946181862,2785.0616907922017,2780.039494618186,2807.231494618187,-32.89443060787613,TIME,50
2024-10-31 08:15:00+00:00,2024-10-31 13:00:00+00:00,-1,15.0,2779.4430485683088,2769.363048568309,2784.4830485683087,2769.363048568309,150.1499999999989,TP,19
2024-10-31 13:00:00+00:00,2024-10-31 13:45:00+00:00,-1,12.0,2773.662349786942,2761.106349786942,2779.9403497869416,2761.106349786942,149.83200000000048,TP,3
2024-10-31 13:45:00+00:00,2024-10-31 14:30:00+00:00,-1,10.0,2761.9322706627327,2746.4122706627327,2769.692270662733,2746.4122706627327,154.49999999999983,TP,3
2024-10-31 14:30:00+00:00,2024-10-31 20:30:00+00:00,-1,7.000000000000001,2749.830528010351,2747.518259636028,2759.728528010351,2730.0345280103506,15.695878620261977,SIGNAL_REVERSE,24
2024-10-31 20:30:00+00:00,2024-11-01 09:00:00+00:00,1,12.0,2747.517712740727,2753.458514877016,2741.304712740727,2759.943712740727,70.44962563547065,TIME,50
2024-11-01 10:45:00+00:00,2024-11-01 11:15:00+00:00,-1,12.0,2747.0144696762836,2753.475469676284,2753.475469676284,2734.0924696762836,-78.37200000000288,SL,2
2024-11-01 14:00:00+00:00,2024-11-01 14:30:00+00:00,1,8.0,2756.0984036377813,2747.0504036377815,2747.0504036377815,2774.1944036377813,-72.9439999999982,SL,2
2024-11-01 18:15:00+00:00,2024-11-04 07:00:00+00:00,-1,8.0,2734.5981024803405,2744.4121024803408,2744.4121024803408,2714.9701024803403,-79.07200000000245,SL,47
2024-11-04 08:15:00+00:00,2024-11-04 09:15:00+00:00,-1,14.000000000000002,2735.673241502507,2741.036241502507,2741.036241502507,2724.947241502507,-76.06199999999762,SL,4
2024-11-04 09:15:00+00:00,2024-11-04 09:30:00+00:00,-1,11.0,2733.862790721378,2740.576790721378,2740.576790721378,2720.4347907213782,-74.62399999999936,SL,1
2024-11-04 13:15:00+00:00,2024-11-04 16:00:00+00:00,1,11.0,2744.067006666254,2737.3760066662544,2737.3760066662544,2757.4490066662543,-74.37099999999784,SL,11
2024-11-04 17:00:00+00:00,2024-11-05 05:30:00+00:00,-1,9.0,2734.564990738933,2735.689737677518,2742.329990738933,2719.0349907389327,-10.752722447267734,TIME,50
2024-11-05 08:45:00+00:00,2024-11-05 15:30:00+00:00,1,13.0,2738.865389587894,2733.2733895878937,2733.2733895878937,2750.0493895878935,-73.60600000000127,SL,27
2024-11-06 18:45:00+00:00,2024-11-07 07:15:00+00:00,-1,6.0,2667.0722706018823,2660.334948034246,2679.459270601882,2642.2982706018825,40.003935405819064,TIME,50
2024-11-07 08:15:00+00:00,2024-11-07 08:45:00+00:00,1,10.0,2665.574183962114,2658.3381839621143,2658.3381839621143,2680.046183962114,-73.05999999999877,SL,2
2024-11-07 08:45:00+00:00,2024-11-07 13:00:00+00:00,1,10.0,2661.2671507580812,2675.775150758081,2654.0131507580813,2675.775150758081,144.37999999999812,TP,17
2024-11-07 13:00:00+00:00,2024-11-07 14:15:00+00:00,1,9.0,2673.888100024319,2689.620100024319,2666.022100024319,2689.620100024319,140.95799999999974,TP,5
2024-11-07 14:15:00+00:00,2024-11-07 17:45:00+00:00,1,9.0,2683.4696370458223,2700.3456370458225,2675.031637045822,2700.3456370458225,151.25400000000184,TP,14
2024-11-07 17:45:00+00:00,2024-11-07 19:00:00+00:00,1,7.000000000000001,2699.3934441354663,2689.3754441354663,2689.3754441354663,2719.4294441354664,-70.61600000000021,SL,5
2024-11-07 19:00:00+00:00,2024-11-08 06:30:00+00:00,1,8.0,2695.133026459414,2685.826026459414,2685.826026459414,2713.747026459414,-75.01599999999831,SL,46
2024-11-08 08:15:00+00:00,2024-11-08 08:30:00+00:00,-1,11.0,2685.0237375856345,2691.6117375856343,2691.6117375856343,2671.847737585635,-73.23799999999711,SL,1
2024-11-08 08:30:00+00:00,2024-11-08 11:45:00+00:00,-1,11.0,2687.903755511517,2694.856755511517,2694.856755511517,2673.9977555115174,-77.25299999999972,SL,13
2024-11-08 13:45:00+00:00,2024-11-08 15:00:00+00:00,1,10.0,2694.679167322539,2686.998167322539,2686.998167322539,2710.041167322539,-77.5100000000004,SL,5
2024-11-08 15:00:00+00:00,2024-11-08 17:15:00+00:00,1,8.0,2691.643700953896,2686.726179150009,2682.060700953896,2710.8097009538956,-39.90017443109406,SIGNAL_REVERSE,9
2024-11-08 17:15:00+00:00,2024-11-11 05:45:00+00:00,-1,7.000000000000001,2686.7339263415033,2670.1207429728793,2697.0309263415033,2666.1399263415033,115.80228358036837,TIME,50
2024-11-11 09:45:00+00:00,2024-11-11 10:15:00+00:00,-1,12.0,2666.883443248029,2673.291443248029,2673.291443248029,2654.067443248029,-77.73599999999882,SL,2
2024-11-11 11:15:00+00:00,2024-11-11 13:30:00+00:00,-1,10.0,2663.5481387069003,2649.180138706901,2670.7321387069,2649.180138706901,142.97999999999485,TP,9
2024-11-11 13:30:00+00:00,2024-11-11 14:00:00+00:00,-1,7.000000000000001,2650.9658356675204,2631.1278356675207,2660.8848356675203,2631.1278356675207,138.37599999999819,TP,2
2024-11-11 14:00:00+00:00,2024-11-11 15:45:00+00:00,-1,7.000000000000001,2635.580452307075,2613.812452307075,2646.464452307075,2613.812452307075,151.88600000000022,TP,7
2024-11-11 15:45:00+00:00,2024-11-11 21:00:00+00:00,-1,6.0,2617.714169172253,2621.9307925419585,2629.981169172253,2593.180169172253,-25.71974021823182,SIGNAL_REVERSE,21
2024-11-11 21:00:00+00:00,2024-11-12 04:00:00+00:00,1,13.0,2621.929085166701,2616.160085166701,2616.160085166701,2633.467085166701,-75.90700000000302,SL,28
2024-11-12 08:15:00+00:00,2024-11-12 13:15:00+00:00,-1,8.0,2604.276891012477,2613.970891012477,2613.970891012477,2584.8888910124765,-78.11199999999968,SL,20
2024-11-12 13:30:00+00:00,2024-11-12 15:15:00+00:00,1,7.000000000000001,2614.3184034446394,2603.3334034446393,2603.3334034446393,2636.2884034446392,-77.3850000000009,SL,7
2024-11-12 15:15:00+00:00,2024-11-12 15:30:00+00:00,1,6.0,2609.1237489720047,2597.5897489720046,2597.5897489720046,2632.191748972005,-69.62400000000063,SL,1
2024-11-12 15:30:00+00:00,2024-11-12 17:30:00+00:00,1,6.0,2603.457737004076,2594.003424823641,2591.526737004076,2627.319737004076,-57.145873082609725,SIGNAL_REVERSE,8
2024-11-12 17:30:00+00:00,2024-11-13 01:15:00+00:00,-1,6.0,2594.001935196227,2605.316935196227,2605.316935196227,2571.371935196227,-68.31000000000033,SL,31
2024-11-13 08:30:00+00:00,2024-11-13 09:30:00+00:00,-1,12.0,2604.4746508420817,2610.7216508420815,2610.7216508420815,2591.9806508420816,-75.80399999999813,SL,4
2024-11-13 11:15:00+00:00,2024-11-13 14:45:00+00:00,1,12.0,2609.6878124596687,2603.444812459669,2603.444812459669,2622.173812459669,-75.75599999999926,SL,14
2024-11-13 15:30:00+00:00,2024-11-13 15:45:00+00:00,-1,8.0,2597.1883988236614,2606.4823988236612,2606.4823988236612,2578.600398823661,-74.91199999999895,SL,1
2024-11-13 15:45:00+00:00,2024-11-13 17:00:00+00:00,-1,7.000000000000001,2600.9035771702147,2581.5235771702146,2610.5935771702148,2581.5235771702146,135.17000000000078,TP,5
2024-11-13 17:00:00+00:00,2024-11-14 01:45:00+00:00,-1,6.0,2585.7538863502723,2561.9818863502724,2597.6398863502723,2561.9818863502724,142.21199999999962,TP,35
2024-11-14 08:15:00+00:00,2024-11-14 09:30:00+00:00,-1,10.0,2557.0336761470876,2543.0216761470874,2564.0396761470874,2543.0216761470874,139.42000000000172,TP,5
2024-11-14 09:30:00+00:00,2024-11-14 14:00:00+00:00,-1,8.0,2552.1142244832577,2557.0437463541184,2560.680224483258,2534.9822244832576,-39.99617496688603,SIGNAL_REVERSE,18
2024-11-14 14:00:00+00:00,2024-11-14 16:15:00+00:00,1,8.0,2557.044441151155,2576.3264411511545,2547.4034411511548,2576.3264411511545,153.69599999999758,TP,9
2024-11-14 16:15:00+00:00,2024-11-15 04:45:00+00:00,1,7.000000000000001,2571.6254656115175,2569.127399282185,2561.2154656115176,2592.4454656115176,-17.97646430532881,TIME,50
2024-11-15 08:15:00+00:00,2024-11-15 10:45:00+00:00,-1,13.0,2565.347628482533,2569.004969094246,2570.993628482533,2554.055628482533,-48.45542795227098,SIGNAL_REVERSE,10
2024-11-15 10:45:00+00:00,2024-11-15 13:30:00+00:00,1,11.0,2568.998478706617,2561.8724787066167,2561.8724787066167,2583.250478706617,-79.15600000000224,SL,11
2024-11-15 13:30:00+00:00,2024-11-15 16:30:00+00:00,1,9.0,2570.797855089917,2562.739855089917,2562.739855089917,2586.913855089917,-73.15199999999993,SL,12
2024-11-15 17:15:00+00:00,2024-11-17 23:15:00+00:00,-1,6.0,2563.180469178792,2574.350469178792,2574.350469178792,2540.840469178792,-67.44000000000044,SL,24
2024-11-18 08:15:00+00:00,2024-11-18 09:15:00+00:00,-1,13.0,2585.8964342482286,2591.7444342482286,2591.7444342482286,2574.2004342482287,-76.93399999999943,SL,4
2024-11-18 10:00:00+00:00,2024-11-18 14:30:00+00:00,1,10.0,2595.742285936425,2609.9662859364253,2588.630285936425,2609.9662859364253,141.5400000000016,TP,18
2024-11-18 14:30:00+00:00,2024-11-19 02:30:00+00:00,1,9.0,2604.3297162381396,2620.7377162381395,2596.12571623814,2620.7377162381395,147.04199999999912,TP,48
2024-11-19 09:45:00+00:00,2024-11-19 14:15:00+00:00,1,11.0,2631.047445628433,2624.346445628433,2624.346445628433,2644.449445628433,-74.48100000000024,SL,18
2024-11-19 15:45:00+00:00,2024-11-19 20:30:00+00:00,-1,7.000000000000001,2626.5377298425874,2631.9435452686803,2636.6077298425876,2606.3977298425875,-38.33070798265021,SIGNAL_REVERSE,19
2024-11-19 20:30:00+00:00,2024-11-20 07:15:00+00:00,1,13.0,2631.9389995123106,2626.2019995123105,2626.2019995123105,2643.4129995123108,-75.49100000000104,SL,43
2024-11-20 08:15:00+00:00,2024-11-20 12:00:00+00:00,-1,13.0,2622.998314145542,2628.8593141455417,2628.8593141455417,2611.2763141455416,-77.10299999999839,SL,15
2024-11-20 13:00:00+00:00,2024-11-20 14:30:00+00:00,1,12.0,2631.8990021202117,2643.9330021202118,2625.8820021202114,2643.9330021202118,143.56800000000126,TP,6
2024-11-20 14:30:00+00:00,2024-11-20 17:00:00+00:00,1,9.0,2639.239784934381,2654.9317849343815,2631.393784934381,2654.9317849343815,140.59800000000416,TP,10
2024-11-20 17:00:00+00:00,2024-11-21 05:30:00+00:00,1,8.0,2650.6502491037995,2656.3472427418596,2641.4122491037997,2669.1262491037996,45.01594910448097,TIME,50
2024-11-21 08:15:00+00:00,2024-11-21 11:15:00+00:00,1,16.0,2663.394775059841,2672.7327750598406,2658.725775059841,2672.7327750598406,148.2879999999958,TP,12
2024-12-06 08:15:00+00:00,2024-12-06 10:45:00+00:00,1,13.0,2640.489443661626,2634.368443661626,2634.368443661626,2652.7314436616257,-80.48300000000123,SL,10
2024-12-06 13:45:00+00:00,2024-12-08 23:00:00+00:00,-1,10.0,2635.8315768499374,2643.417576849937,2643.417576849937,2620.6595768499374,-76.55999999999786,SL,37
2024-12-09 08:15:00+00:00,2024-12-09 13:30:00+00:00,1,13.0,2649.6687359100647,2661.636735910065,2643.684735910065,2661.636735910065,154.67400000000393,TP,21
2024-12-09 13:30:00+00:00,2024-12-09 14:30:00+00:00,1,12.0,2656.4663388906934,2669.5343388906936,2649.9323388906932,2669.5343388906936,155.97600000000253,TP,4
2024-12-09 14:30:00+00:00,2024-12-09 19:00:00+00:00,1,10.0,2668.367969387378,2661.0149693873777,2661.0149693873777,2683.073969387378,-74.23000000000066,SL,18
2024-12-09 19:30:00+00:00,2024-12-10 01:45:00+00:00,-1,12.0,2661.2341355258673,2667.5591355258675,2667.5591355258675,2648.584135525867,-76.74000000000328,SL,25
2024-12-10 08:15:00+00:00,2024-12-10 10:15:00+00:00,-1,13.0,2662.0907210573687,2667.8757210573685,2667.8757210573685,2650.5207210573685,-76.1149999999981,SL,8
2024-12-10 10:15:00+00:00,2024-12-10 10:30:00+00:00,-1,13.0,2665.813326427307,2671.9173264273068,2671.9173264273068,2653.605326427307,-80.26199999999758,SL,1
2024-12-10 11:15:00+00:00,2024-12-10 14:30:00+00:00,1,11.0,2672.77846406746,2685.93846406746,2666.19846406746,2685.93846406746,143.9899999999984,TP,13
2024-12-10 14:30:00+00:00,2024-12-11 00:45:00+00:00,1,9.0,2685.212935777494,2701.486935777494,2677.0759357774937,2701.486935777494,145.83600000000308,TP,41
2024-12-11 10:30:00+00:00,2024-12-11 16:30:00+00:00,1,8.0,2699.0574592765056,2718.2694592765056,2689.4514592765054,2718.2694592765056,153.1359999999999,TP,24
2024-12-11 16:30:00+00:00,2024-12-12 01:30:00+00:00,1,8.0,2716.0811189462133,2706.8041189462133,2706.8041189462133,2734.6351189462134,-74.77600000000035,SL,36
2024-12-12 08:15:00+00:00,2024-12-12 10:00:00+00:00,1,15.0,2715.6440118141923,2710.2940118141923,2710.2940118141923,2726.3440118141925,-81.29999999999863,SL,7
2024-12-12 11:30:00+00:00,2024-12-12 14:00:00+00:00,-1,11.0,2709.4493307081298,2695.80933070813,2716.2693307081295,2695.80933070813,149.2699999999986,TP,10
2024-12-12 14:00:00+00:00,2024-12-12 15:30:00+00:00,-1,8.0,2697.3330620738725,2679.0010620738726,2706.4990620738727,2679.0010620738726,146.09599999999904,TP,6
2024-12-12 15:30:00+00:00,2024-12-13 04:00:00+00:00,-1,7.000000000000001,2685.91155233806,2688.2009036920717,2697.57855233806,2662.57755233806,-16.515459478081304,TIME,50
2024-12-13 08:15:00+00:00,2024-12-13 09:00:00+00:00,-1,14.000000000000002,2683.889933888602,2672.657933888602,2689.505933888602,2672.657933888602,156.26799999999963,TP,3
2024-12-13 09:00:00+00:00,2024-12-13 13:45:00+00:00,-1,12.0,2674.7435138016376,2661.4935138016376,2681.3685138016376,2661.4935138016376,158.16,TP,19
2024-12-13 13:45:00+00:00,2024-12-13 20:45:00+00:00,-1,10.0,2662.890532036553,2647.3625320365527,2670.654532036553,2647.3625320365527,154.58000000000249,TP,28
2024-12-13 20:45:00+00:00,2024-12-16 01:15:00+00:00,-1,14.000000000000002,2649.629569333051,2655.563569333051,2655.563569333051,2637.7615693330513,-84.0559999999964,SL,18
2024-12-16 08:30:00+00:00,2024-12-16 15:00:00+00:00,1,17.0,2658.4976733271446,2653.5696733271443,2653.5696733271443,2668.353673327145,-84.96600000000575,SL,26
2024-12-16 15:15:00+00:00,2024-12-17 03:45:00+00:00,-1,12.0,2653.0988755448466,2654.415701600995,2660.1668755448463,2638.9628755448466,-16.641912673779952,TIME,50
2024-12-17 08:30:00+00:00,2024-12-17 13:45:00+00:00,-1,14.000000000000002,2647.9016339296645,2635.8396339296646,2653.9326339296645,2635.8396339296646,167.8879999999986,TP,21
2024-12-17 14:15:00+00:00,2024-12-17 15:15:00+00:00,-1,11.0,2634.766957231672,2642.363957231672,2642.363957231672,2619.5729572316723,-84.33699999999727,SL,4
2024-12-17 18:15:00+00:00,2024-12-18 06:45:00+00:00,1,10.0,2646.147592848009,2646.5689482315,2637.912592848009,2662.6175928480093,3.513553834911181,TIME,50
2024-12-18 08:15:00+00:00,2024-12-18 08:30:00+00:00,-1,19.0,2642.840899702863,2647.341899702863,2647.341899702863,2633.8388997028637,-86.84899999999523,SL,1
2024-12-18 08:30:00+00:00,2024-12-18 08:45:00+00:00,-1,18.0,2644.381835398576,2649.082835398576,2649.082835398576,2634.9798353985766,-85.8780000000004,SL,1
2024-12-18 11:00:00+00:00,2024-12-18 12:45:00+00:00,1,18.0,2648.624161316879,2643.9871613168793,2643.9871613168793,2657.898161316879,-84.7259999999949,SL,7
2024-12-18 14:00:00+00:00,2024-12-18 15:00:00+00:00,-1,17.0,2643.951567382819,2634.205567382819,2648.824567382819,2634.205567382819,164.4920000000016,TP,4
2024-12-18 15:00:00+00:00,2024-12-18 19:00:00+00:00,-1,16.0,2637.562633240985,2627.284633240985,2642.7016332409853,2627.284633240985,163.32800000000395,TP,16
2024-12-18 19:00:00+00:00,2024-12-18 19:15:00+00:00,-1,11.0,2636.0959069868436,2621.4359069868433,2643.4259069868435,2621.4359069868433,160.4900000000034,TP,1
2024-12-18 19:30:00+00:00,2024-12-18 20:15:00+00:00,-1,10.0,2619.8575405564407,2602.6695405564406,2628.4515405564407,2602.6695405564406,171.18000000000103,TP,3
2024-12-18 20:15:00+00:00,2024-12-18 21:45:00+00:00,-1,8.0,2606.878182002863,2585.228182002863,2617.7031820028633,2585.228182002863,172.64000000000073,TP,6
2024-12-19 08:15:00+00:00,2024-12-19 12:30:00+00:00,1,12.0,2615.4654953494205,2608.3024953494205,2608.3024953494205,2629.79149534942,-86.79600000000013,SL,17
2024-12-19 13:00:00+00:00,2024-12-19 15:00:00+00:00,-1,11.0,2606.1836879503926,2591.105687950393,2613.7226879503924,2591.105687950393,165.0879999999947,TP,8
2024-12-19 15:00:00+00:00,2024-12-19 20:30:00+00:00,-1,9.0,2592.5986166003618,2598.3170943283653,2601.965616600362,2573.864616600362,-52.09629955203207,SIGNAL_REVERSE,22
2024-12-19 20:30:00+00:00,2024-12-20 00:45:00+00:00,1,13.0,2598.317256379856,2591.546256379856,2591.546256379856,2611.859256379856,-88.93300000000241,SL,17
2024-12-20 08:15:00+00:00,2024-12-20 11:15:00+00:00,1,16.0,2606.6527913851533,2601.250791385153,2601.250791385153,2617.456791385153,-87.5520000000007,SL,12
2024-12-20 14:15:00+00:00,2024-12-20 15:30:00+00:00,1,13.0,2613.967859249488,2627.199859249488,2607.351859249488,2627.199859249488,171.10599999999963,TP,5
2024-12-20 15:30:00+00:00,2024-12-23 04:00:00+00:00,1,11.0,2624.5657158730214,2624.124635680527,2616.5137158730213,2640.6697158730217,-5.621882117440709,TIME,50
2024-12-23 08:15:00+00:00,2024-12-23 10:15:00+00:00,1,18.0,2629.0894317798725,2624.1414317798726,2624.1414317798726,2638.9854317798727,-90.32399999999758,SL,8
2024-12-23 10:45:00+00:00,2024-12-23 15:15:00+00:00,-1,15.0,2621.018828714223,2609.7408287142234,2626.6578287142233,2609.7408287142234,168.11999999999688,TP,18
2024-12-23 15:15:00+00:00,2024-12-24 02:00:00+00:00,-1,13.0,2612.1263111476665,2618.7283111476663,2618.7283111476663,2598.9223111476667,-86.7359999999982,SL,43
2024-12-24 09:30:00+00:00,2024-12-24 17:45:00+00:00,-1,21.0,2615.15389195605,2617.8369667282627,2619.39089195605,2606.6798919560497,-57.8145702164704,SIGNAL_REVERSE,33
2024-12-24 17:45:00+00:00,2024-12-26 03:00:00+00:00,1,17.0,2617.840298006109,2628.2202980061093,2612.650298006109,2628.2202980061093,175.27000000000186,TP,24
2024-12-26 11:15:00+00:00,2024-12-26 12:15:00+00:00,1,21.0,2628.9586410836223,2624.823641083622,2624.823641083622,2637.2286410836223,-88.30500000000458,SL,4
2024-12-26 14:00:00+00:00,2024-12-26 14:45:00+00:00,-1,20.0,2622.9501746254873,2627.3901746254874,2627.3901746254874,2614.070174625487,-90.2000000000011,SL,3
2024-12-26 15:30:00+00:00,2024-12-26 17:15:00+00:00,1,16.0,2635.3042412464897,2629.92324124649,2629.92324124649,2646.0662412464894,-87.21599999999773,SL,7
2024-12-26 17:15:00+00:00,2024-12-27 05:45:00+00:00,1,15.0,2630.5004489165385,2632.660848793894,2624.6214489165386,2642.2584489165383,31.355998160329545,TIME,50
2024-12-27 09:00:00+00:00,2024-12-27 12:15:00+00:00,-1,18.0,2626.095105600933,2630.791105600933,2630.791105600933,2616.703105600933,-85.78799999999843,SL,13
2024-12-27 12:15:00+00:00,2024-12-27 13:15:00+00:00,-1,17.0,2630.4443478433013,2620.1883478433015,2635.572347843301,2620.1883478433015,173.1619999999976,TP,4
2024-12-27 13:15:00+00:00,2024-12-27 14:00:00+00:00,-1,16.0,2625.8056788655163,2614.8636788655167,2631.2766788655163,2614.8636788655167,173.95199999999284,TP,3
2024-12-27 14:00:00+00:00,2024-12-29 23:15:00+00:00,-1,14.000000000000002,2618.5299833815798,2624.64398338158,2624.64398338158,2606.30198338158,-86.57600000000048,SL,37
2024-12-30 08:15:00+00:00,2024-12-30 12:30:00+00:00,-1,20.0,2615.5099624366226,2619.8619624366224,2619.8619624366224,2606.805962436623,-88.43999999999724,SL,17
2024-12-30 13:15:00+00:00,2024-12-30 13:30:00+00:00,1,13.0,2619.174219643342,2612.562219643342,2612.562219643342,2632.398219643342,-86.86600000000104,SL,1
2024-12-30 13:30:00+00:00,2024-12-30 13:45:00+00:00,1,12.0,2621.7100732397957,2614.374073239796,2614.374073239796,2636.382073239796,-88.87199999999743,SL,1
2024-12-30 15:30:00+00:00,2024-12-30 20:45:00+00:00,-1,9.0,2602.6606159290945,2608.747724885921,2612.3796159290946,2583.2226159290944,-55.413980611437076,SIGNAL_REVERSE,21
2024-12-30 20:45:00+00:00,2024-12-31 05:45:00+00:00,1,16.0,2608.751588167668,2603.4215881676682,2603.4215881676682,2619.411588167668,-86.39999999999884,SL,36
2024-12-31 08:15:00+00:00,2024-12-31 11:15:00+00:00,1,20.0,2614.15069645091,2609.83469645091,2609.83469645091,2622.78269645091,-87.71999999999608,SL,12
2024-12-31 11:15:00+00:00,2024-12-31 13:15:00+00:00,1,17.0,2612.4871434543693,2607.426143454369,2607.426143454369,2622.609143454369,-87.22700000000253,SL,8
2024-12-31 15:30:00+00:00,2025-01-02 01:15:00+00:00,1,11.0,2618.2720941291504,2632.67609412915,2611.0700941291507,2632.67609412915,157.67399999999495,TP,31
2025-01-02 08:15:00+00:00,2025-01-02 10:15:00+00:00,1,20.0,2635.161440868573,2643.493440868573,2630.9954408685735,2643.493440868573,165.2399999999976,TP,8
2025-01-02 10:15:00+00:00,2025-01-02 14:45:00+00:00,1,14.000000000000002,2638.628973338842,2650.762973338842,2632.561973338842,2650.762973338842,168.89600000000024,TP,18
2025-01-02 14:45:00+00:00,2025-01-03 03:15:00+00:00,1,10.0,2649.185044009219,2663.1605341884983,2640.726044009219,2666.1030440092186,139.05490179279406,TIME,50
2025-01-03 08:15:00+00:00,2025-01-03 11:15:00+00:00,-1,18.0,2653.9249394188287,2658.860939418829,2658.860939418829,2644.0529394188284,-90.10800000000269,SL,12
2025-01-03 13:45:00+00:00,2025-01-03 14:30:00+00:00,-1,13.0,2645.664250015107,2652.103250015107,2652.103250015107,2632.786250015107,-84.61699999999806,SL,3
2025-01-03 14:30:00+00:00,2025-01-06 03:00:00+00:00,-1,13.0,2649.1906939009755,2644.4258191988415,2656.1006939009753,2635.3706939009753,61.03337112774156,TIME,50
2025-01-06 08:15:00+00:00,2025-01-06 09:00:00+00:00,-1,16.0,2628.0422433456624,2633.5602433456625,2633.5602433456625,2617.0062433456624,-89.40800000000047,SL,3
2025-01-06 09:00:00+00:00,2025-01-06 11:15:00+00:00,-1,15.0,2631.4284450863142,2637.3174450863144,2637.3174450863144,2619.6504450863144,-89.38500000000185,SL,9
2025-01-06 11:30:00+00:00,2025-01-06 13:30:00+00:00,1,13.0,2644.798086153426,2638.043086153426,2638.043086153426,2658.3080861534263,-88.72500000000142,SL,8
2025-01-06 13:30:00+00:00,2025-01-06 13:45:00+00:00,1,9.0,2642.2449764859407,2632.749976485941,2632.749976485941,2661.234976485941,-86.08499999999901,SL,1
2025-01-06 14:45:00+00:00,2025-01-06 15:15:00+00:00,-1,7.000000000000001,2624.225836979661,2636.529836979661,2636.529836979661,2599.617836979661,-86.61800000000062,SL,2
2025-01-06 15:15:00+00:00,2025-01-07 03:45:00+00:00,-1,6.0,2631.6691469009543,2639.224669471386,2645.0961469009544,2604.8151469009545,-45.753135422589295,TIME,50
2025-01-07 08:15:00+00:00,2025-01-07 13:00:00+00:00,1,17.0,2642.9036801729444,2652.881680172944,2637.9146801729444,2652.881680172944,168.43599999999338,TP,19
2025-01-07 13:00:00+00:00,2025-01-07 13:45:00+00:00,1,15.0,2651.5381889851883,2662.658188985188,2645.9781889851884,2662.658188985188,165.74999999999835,TP,3
2025-01-07 13:45:00+00:00,2025-01-07 15:00:00+00:00,1,13.0,2661.0824959624597,2654.5804959624597,2654.5804959624597,2674.0864959624596,-85.43599999999938,SL,5
2025-01-07 15:00:00+00:00,2025-01-07 15:30:00+00:00,1,10.0,2653.20636831784,2644.86136831784,2644.86136831784,2669.89636831784,-84.149999999998,SL,2
2025-01-07 15:30:00+00:00,2025-01-07 19:00:00+00:00,1,9.0,2651.2418455142433,2649.0400891817353,2641.9298455142434,2669.8658455142436,-20.445806992572106,SIGNAL_REVERSE,14
2025-01-07 19:00:00+00:00,2025-01-08 07:30:00+00:00,-1,9.0,2649.0448317406076,2652.877742298224,2658.2248317406074,2630.684831740608,-35.12619501854659,TIME,50
2025-01-08 08:15:00+00:00,2025-01-08 11:30:00+00:00,1,22.0,2651.274553822174,2647.436553822174,2647.436553822174,2658.950553822174,-85.97599999999424,SL,13
2025-01-08 12:45:00+00:00,2025-01-08 13:00:00+00:00,-1,17.0,2650.2818416851496,2655.2518416851494,2655.2518416851494,2640.3418416851496,-85.6799999999966,SL,1
2025-01-08 14:00:00+00:00,2025-01-08 17:30:00+00:00,1,13.0,2660.0768145445527,2653.8848145445527,2653.8848145445527,2672.4608145445527,-81.40600000000009,SL,14
2025-01-08 17:30:00+00:00,2025-01-08 17:45:00+00:00,1,8.0,2662.816875314466,2653.132875314466,2653.132875314466,2682.184875314466,-78.03199999999794,SL,1
2025-01-08 19:15:00+00:00,2025-01-09 06:45:00+00:00,-1,8.0,2656.5202078673537,2666.1982078673536,2666.1982078673536,2637.164207867354,-77.98399999999907,SL,46
2025-01-09 08:15:00+00:00,2025-01-09 11:15:00+00:00,1,17.0,2661.9634264924066,2671.5054264924065,2657.1924264924064,2671.5054264924065,161.02399999999858,TP,12
2025-01-09 11:15:00+00:00,2025-01-09 17:30:00+00:00,1,13.0,2667.6925800176514,2665.1206314799247,2661.5245800176513,2680.0285800176516,-34.34533099044725,SIGNAL_REVERSE,25
2025-01-09 17:30:00+00:00,2025-01-10 02:15:00+00:00,-1,10.0,2665.122912731166,2673.208912731166,2673.208912731166,2648.9509127311658,-81.5600000000024,SL,35
2025-01-10 08:15:00+00:00,2025-01-10 13:30:00+00:00,1,19.0,2676.825460649001,2672.451460649001,2672.451460649001,2685.573460649001,-84.43599999999613,SL,21
2025-01-10 14:45:00+00:00,2025-01-13 03:15:00+00:00,1,8.0,2685.919626303195,2687.416852246515,2676.543626303195,2704.671626303195,11.417807546561962,TIME,50
2025-01-13 10:30:00+00:00,2025-01-13 12:30:00+00:00,-1,12.0,2678.287703180064,2665.107703180064,2684.8777031800637,2665.107703180064,157.31999999999803,TP,8
2025-01-13 12:30:00+00:00,2025-01-14 01:00:00+00:00,-1,10.0,2668.970913992324,2670.510947026719,2676.8829139923237,2653.1469139923242,-16.10033034395037,TIME,50
2025-01-14 10:30:00+00:00,2025-01-14 12:15:00+00:00,-1,15.0,2665.920637534791,2671.229637534791,2671.229637534791,2655.302637534791,-80.68500000000294,SL,7
2025-01-14 14:00:00+00:00,2025-01-14 15:00:00+00:00,-1,11.0,2662.969209838902,2670.5152098389017,2670.5152098389017,2647.8772098389018,-83.77599999999804,SL,4
2025-01-14 16:30:00+00:00,2025-01-15 05:00:00+00:00,1,9.0,2671.670175052444,2675.498190333999,2663.101175052444,2688.808175052444,33.82213753399548,TIME,50
2025-01-15 08:15:00+00:00,2025-01-15 13:30:00+00:00,1,20.0,2683.450077088435,2691.5360770884354,2679.407077088435,2691.5360770884354,160.3200000000048,TP,21
2025-01-15 16:00:00+00:00,2025-01-15 16:45:00+00:00,-1,8.0,2678.6255938900185,2688.1785938900184,2688.1785938900184,2659.5195938900188,-76.98399999999907,SL,3
2025-01-15 18:00:00+00:00,2025-01-16 06:30:00+00:00,1,8.0,2692.7892802818155,2691.9148408369697,2682.5222802818157,2713.3232802818156,-7.555515558766784,TIME,50
2025-01-16 08:30:00+00:00,2025-01-16 11:30:00+00:00,1,17.0,2701.347363735354,2711.0093637353543,2696.516363735354,2711.0093637353543,163.06400000000446,TP,12
2025-01-16 11:30:00+00:00,2025-01-16 12:15:00+00:00,1,13.0,2709.200006068581,2703.051006068581,2703.051006068581,2721.498006068581,-80.84699999999853,SL,3
2025-01-16 12:15:00+00:00,2025-01-16 13:45:00+00:00,1,13.0,2705.6404057185187,2718.048405718519,2699.4364057185185,2718.048405718519,160.39400000000464,TP,6
2025-01-16 13:45:00+00:00,2025-01-16 21:00:00+00:00,1,11.0,2714.2205238478928,2715.7278544790174,2706.863523847893,2728.9345238478927,15.810636942371257,SIGNAL_REVERSE,29
2025-01-16 21:00:00+00:00,2025-01-17 09:15:00+00:00,-1,17.0,2715.732253518574,2706.0922535185737,2720.552253518574,2706.0922535185737,162.69000000000557,TP,49
2025-01-17 09:15:00+00:00,2025-01-17 15:00:00+00:00,-1,19.0,2710.1983509632096,2714.5763509632097,2714.5763509632097,2701.4423509632093,-84.51200000000297,SL,23
2025-01-17 15:15:00+00:00,2025-01-17 18:45:00+00:00,1,12.0,2712.462040322731,2705.4500403227307,2705.4500403227307,2726.4860403227312,-84.98400000000206,SL,14
2025-01-17 19:15:00+00:00,2025-01-19 23:15:00+00:00,-1,14.000000000000002,2706.010887192474,2694.1768871924737,2711.927887192474,2694.1768871924737,164.69600000000406,TP,16
2025-01-20 08:15:00+00:00,2025-01-20 23:15:00+00:00,1,17.0,2705.1790216909912,2706.953210752143,2700.1710216909914,2715.1950216909913,28.971214039582318,TIME,50
2025-01-21 08:15:00+00:00,2025-01-21 09:00:00+00:00,1,15.0,2726.7791398737627,2721.0151398737626,2721.0151398737626,2738.307139873763,-87.51000000000185,SL,3
2025-01-21 10:15:00+00:00,2025-01-21 13:00:00+00:00,-1,13.0,2721.7371318370833,2728.2271318370836,2728.2271318370836,2708.7571318370833,-85.28000000000307,SL,11
2025-01-21 13:30:00+00:00,2025-01-21 15:45:00+00:00,1,13.0,2727.6440897300554,2740.0500897300553,2721.4410897300554,2740.0500897300553,160.36799999999934,TP,9
2025-01-21 15:45:00+00:00,2025-01-22 03:30:00+00:00,1,12.0,2737.250936131913,2751.134936131913,2730.308936131913,2751.134936131913,165.76800000000017,TP,47
2025-01-22 09:30:00+00:00,2025-01-22 12:00:00+00:00,1,12.0,2761.797993703434,2754.755993703434,2754.755993703434,2775.8819937034336,-85.343999999999,SL,10
2025-01-22 12:00:00+00:00,2025-01-22 15:30:00+00:00,1,14.000000000000002,2756.4118228971865,2754.197598537913,2750.0898228971864,2769.0558228971868,-31.97914102982803,SIGNAL_REVERSE,14
2025-01-22 15:30:00+00:00,2025-01-23 04:00:00+00:00,-1,11.0,2754.2016778722123,2750.0832654786145,2761.7826778722124,2739.0396778722125,44.5325363295751,TIME,50
2025-01-23 09:45:00+00:00,2025-01-23 10:30:00+00:00,-1,17.0,2743.2942630416787,2748.330263041679,2748.330263041679,2733.2222630416786,-86.80200000000099,SL,3
2025-01-23 10:30:00+00:00,2025-01-23 10:45:00+00:00,-1,17.0,2747.144892462824,2752.278892462824,2752.278892462824,2736.876892462824,-88.46800000000025,SL,1
2025-01-23 10:45:00+00:00,2025-01-23 11:15:00+00:00,-1,16.0,2748.843770292274,2754.2227702922737,2754.2227702922737,2738.0857702922735,-87.18399999999849,SL,2
2025-01-23 11:15:00+00:00,2025-01-23 13:00:00+00:00,-1,15.0,2751.733439916522,2740.7454399165217,2757.227439916522,2740.7454399165217,163.77000000000425,TP,7
2025-01-23 13:00:00+00:00,2025-01-23 16:30:00+00:00,-1,12.0,2745.106210709671,2752.263210709671,2752.263210709671,2730.7922107096706,-86.72400000000184,SL,14
2025-01-23 17:00:00+00:00,2025-01-24 02:30:00+00:00,1,9.0,2753.9592498170223,2773.1872498170223,2744.3452498170222,2773.1872498170223,172.4220000000006,TP,38
2025-01-24 12:30:00+00:00,2025-01-24 16:45:00+00:00,1,15.0,2778.6577493169193,2772.8857493169194,2772.8857493169194,2790.2017493169196,-87.62999999999901,SL,17
2025-01-24 17:15:00+00:00,2025-01-27 02:15:00+00:00,-1,10.0,2771.8107092488403,2754.66670924884,2780.3827092488405,2754.66670924884,170.74000000000234,TP,36
2025-01-27 08:15:00+00:00,2025-01-27 09:00:00+00:00,-1,14.000000000000002,2754.231051591073,2760.239051591073,2760.239051591073,2742.2150515910735,-85.09199999999737,SL,3
2025-01-27 09:30:00+00:00,2025-01-27 13:30:00+00:00,1,12.0,2762.29801461668,2754.99001461668,2754.99001461668,2776.91401461668,-88.53599999999992,SL,16
2025-01-27 14:30:00+00:00,2025-01-27 17:00:00+00:00,-1,9.0,2750.693621004176,2732.801621004176,2759.6396210041758,2732.801621004176,160.39799999999843,TP,10
2025-01-27 17:00:00+00:00,2025-01-28 05:30:00+00:00,-1,8.0,2734.6684408453802,2742.8463660440275,2745.3224408453802,2713.3604408453803,-65.98340158917796,TIME,50
2025-01-28 08:30:00+00:00,2025-01-28 08:45:00+00:00,-1,20.0,2736.637245755473,2740.955245755473,2740.955245755473,2728.0012457554735,-87.75999999999513,SL,1
2025-01-28 08:45:00+00:00,2025-01-28 09:00:00+00:00,-1,19.0,2738.452983119867,2743.0009831198668,2743.0009831198668,2729.356983119867,-87.74199999999571,SL,1
2025-01-28 10:30:00+00:00,2025-01-28 14:30:00+00:00,1,17.0,2744.832313713071,2754.754313713071,2739.8713137130712,2754.754313713071,167.48400000000044,TP,16
2025-01-28 14:30:00+00:00,2025-01-28 18:45:00+00:00,1,18.0,2754.043055861057,2763.4750558610567,2749.327055861057,2763.4750558610567,168.5159999999962,TP,17
2025-01-28 18:45:00+00:00,2025-01-29 07:15:00+00:00,1,17.0,2762.7962532600977,2757.8552532600975,2757.8552532600975,2772.6782532600982,-85.18700000000439,SL,50
2025-01-29 08:15:00+00:00,2025-01-29 08:30:00+00:00,-1,24.0,2761.434132542317,2765.039132542317,2765.039132542317,2754.224132542317,-88.20000000000044,SL,1
2025-01-29 12:15:00+00:00,2025-01-29 15:30:00+00:00,-1,19.0,2757.3555042722937,2748.3015042722936,2761.8825042722938,2748.3015042722936,170.69600000000165,TP,13
2025-01-29 15:45:00+00:00,2025-01-29 21:45:00+00:00,-1,13.0,2753.2703695319324,2759.7193695319324,2759.7193695319324,2740.3723695319322,-84.7470000000009,SL,24
2025-02-06 08:15:00+00:00,2025-02-06 11:15:00+00:00,-1,13.0,2855.4086976450503,2861.77169764505,2861.77169764505,2842.68269764505,-83.62899999999777,SL,12
2025-02-06 12:15:00+00:00,2025-02-06 13:00:00+00:00,1,10.0,2867.7452326044013,2859.5632326044015,2859.5632326044015,2884.1092326044013,-82.51999999999789,SL,3
2025-02-06 13:00:00+00:00,2025-02-06 13:45:00+00:00,1,10.0,2864.4177871018055,2856.1447871018054,2856.1447871018054,2880.9637871018053,-83.43000000000139,SL,3
2025-02-06 15:00:00+00:00,2025-02-06 15:45:00+00:00,-1,8.0,2841.9799460234544,2851.6249460234544,2851.6249460234544,2822.6899460234545,-77.71999999999986,SL,3
2025-02-06 15:45:00+00:00,2025-02-06 21:00:00+00:00,-1,8.0,2848.8561378168665,2856.3877143941754,2859.1501378168664,2828.2681378168663,-60.81261261847118,SIGNAL_REVERSE,21
2025-02-06 21:00:00+00:00,2025-02-07 01:45:00+00:00,1,15.0,2856.3927519131985,2867.3067519131982,2850.9357519131986,2867.3067519131982,162.6599999999964,TP,19
2025-02-07 08:45:00+00:00,2025-02-07 09:00:00+00:00,-1,16.0,2863.9783778707174,2869.1923778707173,2869.1923778707173,2853.550377870717,-84.54399999999907,SL,1
2025-02-07 10:00:00+00:00,2025-02-07 13:00:00+00:00,1,14.000000000000002,2868.986152707678,2863.2101527076775,2863.2101527076775,2880.538152707678,-81.84400000000414,SL,12
2025-02-07 15:00:00+00:00,2025-02-07 16:15:00+00:00,1,8.0,2875.957933751728,2866.1709337517277,2866.1709337517277,2895.531933751728,-78.8560000000021,SL,5
2025-02-07 16:15:00+00:00,2025-02-07 17:00:00+00:00,1,7.000000000000001,2871.467378640364,2859.639378640364,2859.639378640364,2895.123378640364,-83.28599999999983,SL,3
2025-02-07 17:45:00+00:00,2025-02-10 01:00:00+00:00,-1,6.0,2858.930574724124,2872.792574724124,2872.792574724124,2831.2065747241245,-83.59199999999775,SL,29
2025-02-10 08:15:00+00:00,2025-02-10 12:00:00+00:00,1,13.0,2894.3213533424305,2906.5453533424306,2888.2093533424304,2906.5453533424306,158.00200000000208,TP,15
2025-02-10 12:00:00+00:00,2025-02-10 14:00:00+00:00,1,11.0,2904.679334197555,2897.5153341975547,2897.5153341975547,2919.007334197555,-79.57400000000236,SL,8
2025-02-10 14:45:00+00:00,2025-02-10 17:30:00+00:00,1,9.0,2905.6474453657574,2897.1534453657573,2897.1534453657573,2922.6354453657577,-77.07600000000127,SL,11
2025-02-11 08:15:00+00:00,2025-02-11 12:45:00+00:00,-1,9.0,2911.4080412123176,2892.8320412123176,2920.6960412123176,2892.8320412123176,166.5540000000002,TP,18
2025-02-11 12:45:00+00:00,2025-02-11 16:15:00+00:00,-1,8.0,2898.9691552890527,2908.655155289053,2908.655155289053,2879.5971552890524,-78.0480000000012,SL,14
2025-02-11 17:45:00+00:00,2025-02-11 20:15:00+00:00,1,7.000000000000001,2906.040193139074,2895.388193139074,2895.388193139074,2927.344193139074,-75.05400000000031,SL,10
2025-02-11 20:45:00+00:00,2025-02-12 01:30:00+00:00,-1,14.000000000000002,2896.6594558040256,2885.1274558040254,2902.4254558040257,2885.1274558040254,160.46800000000218,TP,19
2025-02-12 11:00:00+00:00,2025-02-12 13:30:00+00:00,-1,10.0,2882.722780993537,2866.1287809935366,2891.019780993537,2866.1287809935366,165.24000000000507,TP,10
2025-02-12 13:30:00+00:00,2025-02-12 14:00:00+00:00,-1,8.0,2877.4181956893894,2887.0111956893898,2887.0111956893898,2858.2321956893893,-77.30400000000242,SL,2
2025-02-12 14:00:00+00:00,2025-02-12 14:30:00+00:00,-1,7.000000000000001,2884.6911249946447,2896.4671249946446,2896.4671249946446,2861.1391249946446,-82.92199999999889,SL,2
2025-02-12 15:45:00+00:00,2025-02-13 04:15:00+00:00,1,6.0,2894.848634678197,2918.4535026579174,2882.161634678197,2920.222634678197,141.20920787832264,TIME,50
2025-02-13 09:15:00+00:00,2025-02-13 12:00:00+00:00,-1,11.0,2912.6890316266545,2920.3300316266545,2920.3300316266545,2897.4070316266543,-84.82100000000084,SL,11
2025-02-13 12:30:00+00:00,2025-02-13 13:15:00+00:00,1,12.0,2917.8710266441053,2911.004026644105,2911.004026644105,2931.6050266441052,-83.24400000000227,SL,3
2025-02-13 19:15:00+00:00,2025-02-14 07:45:00+00:00,1,10.0,2926.3684030064364,2932.8964014994317,2918.6034030064366,2941.898403006436,64.57998492995266,TIME,50
2025-02-14 08:15:00+00:00,2025-02-14 11:45:00+00:00,1,14.000000000000002,2936.163454578987,2930.1464545789872,2930.1464545789872,2948.197454578987,-85.21799999999757,SL,14
2025-02-14 13:00:00+00:00,2025-02-14 13:30:00+00:00,-1,13.0,2930.853909456935,2918.5359094569353,2937.012909456935,2918.5359094569353,159.22399999999683,TP,2
2025-02-14 13:30:00+00:00,2025-02-14 15:15:00+00:00,-1,11.0,2927.278049616122,2912.338049616122,2934.748049616122,2912.338049616122,163.5700000000006,TP,7
2025-02-14 15:15:00+00:00,2025-02-14 16:30:00+00:00,-1,7.000000000000001,2914.411061652438,2891.661061652438,2925.786061652438,2891.661061652438,158.76000000000002,TP,5
2025-02-14 16:30:00+00:00,2025-02-17 05:00:00+00:00,-1,6.0,2893.5150028514895,2899.2872502362966,2907.4530028514896,2865.6390028514893,-35.05348430884253,TIME,50
2025-02-17 14:00:00+00:00,2025-02-17 14:45:00+00:00,-1,13.0,2896.692194757946,2903.2521947579457,2903.2521947579457,2883.572194757946,-86.18999999999929,SL,3
2025-02-18 08:15:00+00:00,2025-02-18 14:15:00+00:00,1,15.0,2911.4594210629457,2922.917421062946,2905.730421062946,2922.917421062946,170.82000000000124,TP,24
2025-02-18 14:15:00+00:00,2025-02-18 16:45:00+00:00,1,13.0,2919.917687151487,2932.741687151487,2913.505687151487,2932.741687151487,165.8020000000009,TP,10
2025-02-18 16:45:00+00:00,2025-02-19 05:15:00+00:00,1,11.0,2931.101919933664,2928.640190918878,2923.4539199336637,2946.397919933664,-27.849019162643362,TIME,50
2025-02-19 08:15:00+00:00,2025-02-19 12:00:00+00:00,1,17.0,2937.3472087883483,2932.2582087883484,2932.2582087883484,2947.525208788348,-87.70299999999901,SL,15
2025-02-19 14:45:00+00:00,2025-02-19 21:15:00+00:00,-1,9.0,2935.889936259305,2936.4838878776636,2945.2809362593052,2917.1079362593055,-5.975564565226141,SIGNAL_REVERSE,26
2025-02-19 21:15:00+00:00,2025-02-20 07:30:00+00:00,1,13.0,2936.4829239564683,2949.8049239564684,2929.8219239564683,2949.8049239564684,172.27600000000152,TP,41
2025-02-20 08:15:00+00:00,2025-02-20 11:45:00+00:00,1,16.0,2954.0499882892445,2948.423988289245,2948.423988289245,2965.3019882892445,-91.13599999999599,SL,14
2025-03-07 08:15:00+00:00,2025-03-07 13:15:00+00:00,1,16.0,2916.8178849260316,2911.269884926032,2911.269884926032,2927.9138849260316,-89.8879999999964,SL,20
2025-03-07 14:15:00+00:00,2025-03-07 14:45:00+00:00,-1,9.0,2913.643201135353,2923.208201135353,2923.208201135353,2894.513201135353,-86.71500000000049,SL,2
2025-03-07 17:30:00+00:00,2025-03-10 05:00:00+00:00,-1,6.0,2908.0862161712284,2911.062101669405,2922.7262161712283,2878.8062161712282,-18.275312989058804,TIME,50
2025-03-10 08:30:00+00:00,2025-03-10 09:15:00+00:00,-1,13.0,2903.6992783669684,2910.4012783669687,2910.4012783669687,2890.2952783669684,-88.03600000000293,SL,3
2025-03-10 09:15:00+00:00,2025-03-10 17:00:00+00:00,-1,10.0,2908.9062056535404,2892.5742056535405,2917.0722056535405,2892.5742056535405,162.6199999999988,TP,31
2025-03-10 17:15:00+00:00,2025-03-11 05:45:00+00:00,-1,8.0,2894.3237830971266,2895.98182489286,2904.5457830971263,2873.8797830971266,-13.824334365867399,TIME,50
2025-03-11 08:15:00+00:00,2025-03-11 11:30:00+00:00,1,16.0,2904.0871671231243,2915.011167123125,2898.6251671231244,2915.011167123125,173.66400000000692,TP,13
2025-03-11 11:30:00+00:00,2025-03-11 13:00:00+00:00,1,15.0,2913.57620577441,2907.84120577441,2907.84120577441,2925.0462057744103,-87.0750000000019,SL,6
2025-03-11 13:00:00+00:00,2025-03-11 13:15:00+00:00,1,14.000000000000002,2913.0896560851,2907.0876560851,2907.0876560851,2925.0936560851,-85.00799999999936,SL,1
2025-03-11 13:15:00+00:00,2025-03-11 13:30:00+00:00,1,14.000000000000002,2907.8988739292977,2920.3608739292977,2901.6678739292975,2920.3608739292977,173.4879999999999,TP,1
2025-03-11 13:30:00+00:00,2025-03-12 02:00:00+00:00,1,12.0,2911.514411736093,2914.8117602045327,2904.573411736093,2925.396411736093,38.728181621278196,TIME,50
2025-03-12 09:15:00+00:00,2025-03-12 10:15:00+00:00,1,13.0,2919.6731490225907,2913.051149022591,2913.051149022591,2932.917149022591,-86.99599999999796,SL,4
2025-03-12 15:15:00+00:00,2025-03-13 02:45:00+00:00,1,10.0,2927.8824882700046,2944.2904882700045,2919.678488270005,2944.2904882700045,163.37999999999903,TP,46
2025-03-13 08:15:00+00:00,2025-03-13 09:15:00+00:00,-1,16.0,2941.3983207612996,2946.9803207613,2946.9803207613,2930.2343207612994,-90.43200000000536,SL,4
2025-03-13 10:00:00+00:00,2025-03-13 13:00:00+00:00,1,13.0,2947.7142040047297,2941.0872040047298,2941.0872040047298,2960.96820400473,-87.06099999999938,SL,12
2025-03-13 14:00:00+00:00,2025-03-13 14:45:00+00:00,1,11.0,2950.539079245944,2966.557079245944,2942.530079245944,2966.557079245944,175.4280000000003,TP,3
2025-03-13 14:45:00+00:00,2025-03-13 16:30:00+00:00,1,9.0,2964.58889671186,2983.4808967118597,2955.14289671186,2983.4808967118597,169.39799999999843,TP,7
2025-03-13 16:30:00+00:00,2025-03-14 05:00:00+00:00,1,7.000000000000001,2979.2166094742356,2985.6522423792453,2967.7416094742357,3002.1666094742354,44.55943033506789,TIME,50
2025-03-14 09:15:00+00:00,2025-03-14 10:30:00+00:00,1,13.0,2995.283797764561,2988.470797764561,2988.470797764561,3008.9097977645606,-89.47899999999541,SL,5
2025-03-14 10:30:00+00:00,2025-03-14 10:45:00+00:00,1,11.0,3002.409743821329,2994.400743821329,2994.400743821329,3018.427743821329,-88.86900000000016,SL,1
2025-03-14 10:45:00+00:00,2025-03-14 14:15:00+00:00,1,10.0,2990.248413533222,2981.896413533222,2981.896413533222,3006.952413533222,-84.21999999999862,SL,14
2025-03-14 14:45:00+00:00,2025-03-17 03:15:00+00:00,-1,7.000000000000001,2985.4228388794495,2987.2298496025023,2997.7768388794498,2960.7148388794494,-13.139075061369788,TIME,50
2025-03-17 09:30:00+00:00,2025-03-17 12:15:00+00:00,1,18.0,2992.8621666537047,2987.8991666537045,2987.8991666537045,3002.7881666537046,-90.59400000000348,SL,11
2025-03-17 12:15:00+00:00,2025-03-18 00:45:00+00:00,1,13.0,2990.7078669202547,3001.607422834792,2984.123866920255,3003.875866920255,140.78422688898567,TIME,50
2025-03-18 08:15:00+00:00,2025-03-18 12:30:00+00:00,1,12.0,3019.741297877747,3034.4652978777467,3012.379297877747,3034.4652978777467,175.84799999999646,TP,17
2025-03-18 12:30:00+00:00,2025-03-19 01:00:00+00:00,1,11.0,3028.5928756256253,3031.3824909037116,3020.908875625625,3043.9608756256252,29.915768058949634,TIME,50
2025-03-19 09:00:00+00:00,2025-03-19 10:15:00+00:00,-1,10.0,3024.8686897185526,3033.2846897185523,3033.2846897185523,3008.0366897185527,-84.85999999999713,SL,5
2025-03-19 10:15:00+00:00,2025-03-19 11:15:00+00:00,-1,10.0,3029.4634626472052,3038.491462647205,3038.491462647205,3011.4074626472056,-90.97999999999793,SL,4
2025-03-19 12:30:00+00:00,2025-03-19 13:30:00+00:00,1,12.0,3037.3086379698216,3029.999637969822,3029.999637969822,3051.9266379698215,-88.5479999999969,SL,4
2025-03-19 15:00:00+00:00,2025-03-19 16:15:00+00:00,-1,10.0,3027.5477563990517,3035.9427563990516,3035.9427563990516,3010.7577563990517,-84.64999999999982,SL,5
2025-03-19 19:00:00+00:00,2025-03-20 07:30:00+00:00,1,9.0,3046.781316683856,3046.6031213927467,3037.663316683856,3065.017316683856,-2.2337576199828435,TIME,50
2025-03-20 08:15:00+00:00,2025-03-20 10:30:00+00:00,-1,12.0,3042.526416573279,3028.286416573279,3049.646416573279,3028.286416573279,170.04000000000283,TP,9
2025-03-20 10:30:00+00:00,2025-03-20 12:15:00+00:00,-1,12.0,3029.8244664901767,3037.1034664901767,3037.1034664901767,3015.2664664901768,-88.18799999999996,SL,7
2025-03-20 12:15:00+00:00,2025-03-20 16:15:00+00:00,-1,11.0,3035.999047843115,3041.8848382050023,3044.161047843115,3019.675047843115,-65.51369398076032,SIGNAL_REVERSE,16
2025-03-20 16:15:00+00:00,2025-03-21 03:00:00+00:00,1,9.0,3041.8803150473186,3032.6573150473187,3032.6573150473187,3060.3263150473185,-83.6369999999996,SL,43
2025-03-21 12:00:00+00:00,2025-03-21 13:30:00+00:00,1,13.0,3034.2830067182,3027.5570067182,3027.5570067182,3047.7350067181997,-88.34800000000146,SL,6
2025-03-21 19:45:00+00:00,2025-03-24 08:15:00+00:00,1,13.0,3020.480951809732,3024.857169116851,3013.733951809732,3033.974951809732,55.98082499254801,TIME,50
2025-03-24 08:15:00+00:00,2025-03-24 13:45:00+00:00,1,15.0,3024.9015559413533,3019.251555941353,3019.251555941353,3036.201555941353,-85.80000000000136,SL,22
2025-03-24 14:15:00+00:00,2025-03-24 15:00:00+00:00,-1,11.0,3023.278088679855,3007.3480886798548,3031.243088679855,3007.3480886798548,174.4600000000032,TP,3
2025-03-24 15:00:00+00:00,2025-03-25 03:30:00+00:00,-1,10.0,3012.0827218884892,3014.3624182091357,3020.8697218884895,2994.508721888489,-23.49696320646508,TIME,50
2025-03-25 09:00:00+00:00,2025-03-25 12:15:00+00:00,1,15.0,3021.2373790988663,3015.310379098866,3015.310379098866,3033.0913790988666,-89.95500000000202,SL,13
2025-03-25 12:15:00+00:00,2025-03-25 14:00:00+00:00,1,14.000000000000002,3018.2448064027512,3030.7588064027514,3011.987806402751,3030.7588064027514,174.21600000000177,TP,7
2025-03-25 14:00:00+00:00,2025-03-25 15:00:00+00:00,1,11.0,3028.8072778719093,3021.405277871909,3021.405277871909,3043.6112778719094,-82.19200000000048,SL,4
2025-03-25 18:45:00+00:00,2025-03-26 02:30:00+00:00,-1,11.0,3018.812633159964,3026.356633159964,3026.356633159964,3003.724633159964,-83.75399999999856,SL,31
2025-03-26 08:15:00+00:00,2025-03-26 08:45:00+00:00,1,17.0,3028.9535867312047,3023.8765867312045,3023.8765867312045,3039.107586731205,-87.49900000000383,SL,2
2025-03-26 08:45:00+00:00,2025-03-26 09:00:00+00:00,1,17.0,3026.5374298586194,3021.534429858619,3021.534429858619,3036.5434298586197,-86.24100000000266,SL,1
2025-03-26 09:00:00+00:00,2025-03-26 09:30:00+00:00,1,17.0,3024.068609027935,3018.968609027935,3018.968609027935,3034.2686090279353,-87.88999999999845,SL,2
2025-03-26 13:00:00+00:00,2025-03-26 13:30:00+00:00,1,13.0,3027.092146401612,3020.882146401612,3020.882146401612,3039.512146401612,-81.64000000000047,SL,2
2025-03-26 14:15:00+00:00,2025-03-27 00:45:00+00:00,-1,11.0,3018.0834125141982,3025.5994125141983,3025.5994125141983,3003.0514125141985,-83.44600000000084,SL,42
2025-03-27 08:15:00+00:00,2025-03-27 10:15:00+00:00,1,12.0,3037.386590717548,3050.7465907175483,3030.7065907175484,3050.7465907175483,159.48000000000152,TP,8
2025-03-27 10:45:00+00:00,2025-03-27 13:15:00+00:00,1,11.0,3052.4198635842326,3044.6498635842327,3044.6498635842327,3067.9598635842326,-86.2399999999998,SL,10
2025-03-27 15:00:00+00:00,2025-03-28 03:30:00+00:00,1,7.000000000000001,3057.6074369675425,3073.852643420444,3046.314436967543,3080.1934369675423,113.22644517031111,TIME,50
2025-03-28 10:15:00+00:00,2025-03-28 12:30:00+00:00,-1,9.0,3072.1049076107856,3080.8619076107857,3080.8619076107857,3054.5909076107855,-79.44300000000055,SL,9
2025-04-04 17:15:00+00:00,2025-04-07 05:45:00+00:00,-1,2.0,3027.391295504088,3039.3381825055462,3056.8142955040876,2968.545295504088,-24.03377400291687,TIME,50
2025-04-07 11:30:00+00:00,2025-04-07 12:30:00+00:00,1,4.0,3040.1653115581084,3022.2243115581086,3022.2243115581086,3076.0473115581085,-72.04399999999922,SL,4
2025-04-07 14:00:00+00:00,2025-04-07 14:15:00+00:00,-1,4.0,3015.2787876682182,3035.8457876682182,3035.8457876682182,2974.144787668218,-82.54800000000003,SL,1
2025-04-07 14:45:00+00:00,2025-04-08 03:15:00+00:00,-1,3.0,3003.1087334481804,2995.3857080047173,3027.31973344818,2954.6867334481803,22.959076330389088,TIME,50
2025-04-08 08:15:00+00:00,2025-04-08 09:15:00+00:00,1,7.000000000000001,3007.458170415629,2996.073170415629,2996.073170415629,3030.228170415629,-80.18499999999835,SL,4
2025-04-08 12:15:00+00:00,2025-04-08 12:45:00+00:00,1,6.0,3017.6737280553198,3005.48472805532,3005.48472805532,3042.0517280553195,-73.5539999999991,SL,2
2025-04-08 13:30:00+00:00,2025-04-08 16:00:00+00:00,1,5.0,3013.740821670682,2999.412821670682,2999.412821670682,3042.396821670682,-71.98999999999987,SL,10
2025-04-08 16:30:00+00:00,2025-04-09 04:45:00+00:00,-1,4.0,2994.59088025276,3011.92588025276,3011.92588025276,2959.92088025276,-69.62000000000015,SL,49
2025-04-09 08:15:00+00:00,2025-04-09 13:30:00+00:00,1,5.0,3043.7996510192847,3076.5996510192845,3027.3996510192846,3076.5996510192845,163.64999999999864,TP,21
2025-04-09 13:30:00+00:00,2025-04-09 17:15:00+00:00,1,4.0,3060.477082799944,3097.753082799944,3041.839082799944,3097.753082799944,148.82399999999936,TP,15
2025-04-09 17:15:00+00:00,2025-04-09 17:30:00+00:00,1,3.0,3089.283118815007,3067.098118815007,3067.098118815007,3133.653118815007,-66.76499999999983,SL,1
2025-04-09 20:30:00+00:00,2025-04-10 09:00:00+00:00,1,3.0,3090.5241400470545,3104.9158933595777,3064.5871400470546,3142.3981400470548,42.965259937569535,TIME,50
2025-04-10 09:00:00+00:00,2025-04-10 10:15:00+00:00,-1,6.0,3104.9227606560835,3118.8287606560834,3118.8287606560834,3077.110760656083,-83.8559999999997,SL,5
2025-04-10 12:15:00+00:00,2025-04-10 14:45:00+00:00,1,6.0,3125.9981074026778,3153.4861074026776,3112.2541074026776,3153.4861074026776,164.507999999999,TP,10
2025-04-10 14:45:00+00:00,2025-04-10 22:45:00+00:00,1,4.0,3151.206606227748,3188.774606227748,3132.4226062277485,3188.774606227748,149.99199999999902,TP,32
2025-04-11 10:00:00+00:00,2025-04-13 22:30:00+00:00,1,3.0,3227.808072011336,3219.0616719462787,3205.4890720113362,3272.446072011336,-26.449200195172544,TIME,50
2025-04-14 08:30:00+00:00,2025-04-14 12:30:00+00:00,-1,7.000000000000001,3224.5386689426296,3201.958668942629,3235.8286689426295,3201.958668942629,157.5700000000027,TP,16
2025-04-14 12:45:00+00:00,2025-04-14 20:15:00+00:00,-1,5.0,3206.8531035361843,3212.0841939692436,3222.1461035361845,3176.2671035361845,-26.50545216529654,SIGNAL_REVERSE,30
2025-04-14 20:15:00+00:00,2025-04-15 04:45:00+00:00,1,9.0,3212.076030994701,3230.446030994701,3202.891030994701,3230.446030994701,164.69999999999902,TP,34
2025-04-15 11:45:00+00:00,2025-04-15 17:30:00+00:00,-1,10.0,3218.79493121989,3227.24893121989,3227.24893121989,3201.88693121989,-85.24000000000179,SL,23
2025-04-15 18:00:00+00:00,2025-04-15 23:30:00+00:00,1,8.0,3227.933549451286,3247.603549451286,3218.098549451286,3247.603549451286,156.80000000000058,TP,22
2025-04-16 08:15:00+00:00,2025-04-16 08:30:00+00:00,1,6.0,3309.8820376980775,3296.6910376980773,3296.6910376980773,3336.2640376980776,-79.56600000000155,SL,1
2025-04-16 08:30:00+00:00,2025-04-16 16:00:00+00:00,1,6.0,3299.6885535987035,3328.116553598704,3285.4745535987036,3328.116553598704,170.14800000000204,TP,30
2025-04-16 16:00:00+00:00,2025-04-17 04:30:00+00:00,1,5.0,3325.200954997059,3341.7327645589917,3308.540954997059,3358.5209549970587,82.30904780966367,TIME,50
2025-04-17 08:15:00+00:00,2025-04-17 12:00:00+00:00,-1,7.000000000000001,3322.2733161035135,3333.9923161035135,3333.9923161035135,3298.8353161035134,-82.52300000000037,SL,15
2025-04-17 14:30:00+00:00,2025-04-17 17:00:00+00:00,-1,5.0,3303.670288508649,3321.550288508649,3321.550288508649,3267.910288508649,-89.75000000000054,SL,10
2025-04-17 17:00:00+00:00,2025-04-17 19:15:00+00:00,-1,4.0,3316.081468121703,3315.631152300505,3335.661468121703,3276.921468121703,1.5212632847912755,SIGNAL_REVERSE,9
2025-04-17 19:15:00+00:00,2025-04-20 22:15:00+00:00,1,6.0,3315.6271814918455,3342.9331814918455,3301.9741814918452,3342.9331814918455,163.41600000000025,TP,12
2025-04-21 08:15:00+00:00,2025-04-21 11:45:00+00:00,1,8.0,3385.1816292770054,3405.9176292770057,3374.8136292770055,3405.9176292770057,165.32800000000265,TP,14
2025-04-21 11:45:00+00:00,2025-04-21 13:45:00+00:00,1,8.0,3403.382668615203,3424.330668615203,3392.9086686152027,3424.330668615203,167.02400000000256,TP,8
2025-04-21 13:45:00+00:00,2025-04-22 01:30:00+00:00,1,6.0,3416.99666636143,3445.78666636143,3402.60166636143,3445.78666636143,172.3199999999998,TP,47
2025-04-22 08:45:00+00:00,2025-04-22 13:45:00+00:00,-1,4.0,3451.154561417166,3409.6965614171663,3471.8835614171658,3409.6965614171663,165.55199999999851,TP,20
2025-04-22 13:45:00+00:00,2025-04-22 14:30:00+00:00,-1,3.0,3411.8606041262474,3437.3356041262477,3437.3356041262477,3360.910604126247,-76.63500000000109,SL,3
2025-04-22 14:30:00+00:00,2025-04-22 16:30:00+00:00,-1,3.0,3432.15725975914,3379.1652597591396,3458.65325975914,3379.1652597591396,158.76600000000056,TP,8
2025-04-22 16:30:00+00:00,2025-04-22 22:00:00+00:00,-1,2.0,3387.1884922016443,3320.848492201644,3420.3584922016444,3320.848492201644,132.5400000000003,TP,22
2025-04-23 08:15:00+00:00,2025-04-23 09:00:00+00:00,-1,4.0,3306.577981182796,3328.952981182796,3328.952981182796,3261.827981182796,-89.78,SL,3
2025-04-23 09:00:00+00:00,2025-04-23 11:30:00+00:00,-1,4.0,3321.4809716066,3336.0473494554526,3343.3969716066003,3277.6489716066003,-58.545511395409704,SIGNAL_REVERSE,10
2025-04-23 11:30:00+00:00,2025-04-23 12:00:00+00:00,1,4.0,3336.050317788433,3315.313317788433,3315.313317788433,3377.524317788433,-83.22800000000032,SL,2
2025-04-23 13:30:00+00:00,2025-04-24 00:15:00+00:00,-1,4.0,3299.6229563430625,3321.945956343063,3321.945956343063,3254.9769563430623,-89.57200000000128,SL,43
2025-04-24 14:00:00+00:00,2025-04-24 16:00:00+00:00,-1,6.0,3315.3477377130303,3330.8087377130305,3330.8087377130305,3284.4257377130302,-93.18600000000144,SL,8
2025-04-24 18:15:00+00:00,2025-04-24 22:30:00+00:00,1,6.0,3338.4069696645593,3368.126969664559,3323.546969664559,3368.126969664559,177.8999999999988,TP,17
2025-04-25 08:15:00+00:00,2025-04-25 18:30:00+00:00,-1,4.0,3295.412087367333,3293.3200654477832,3314.6320873673326,3256.9720873673327,8.088087678198209,SIGNAL_REVERSE,41
2025-04-25 18:30:00+00:00,2025-04-27 22:00:00+00:00,1,7.000000000000001,3293.3198670993415,3319.4298670993417,3280.2648670993417,3319.4298670993417,182.2800000000009,TP,14
2025-04-28 08:45:00+00:00,2025-04-28 11:45:00+00:00,-1,7.000000000000001,3282.378991506236,3295.642991506236,3295.642991506236,3255.8509915062364,-93.33799999999769,SL,12
2025-04-28 12:15:00+00:00,2025-04-28 14:30:00+00:00,1,8.0,3295.709374446005,3319.2933744460047,3283.917374446005,3319.2933744460047,188.11199999999866,TP,9
2025-04-28 14:30:00+00:00,2025-04-28 18:15:00+00:00,1,6.0,3311.224194733085,3341.842194733085,3295.9151947330847,3341.842194733085,183.28799999999964,TP,15
2025-04-28 18:15:00+00:00,2025-04-29 02:45:00+00:00,1,5.0,3338.143399340942,3321.767399340942,3321.767399340942,3370.895399340942,-82.22999999999874,SL,34
2025-04-29 12:00:00+00:00,2025-04-29 13:30:00+00:00,-1,9.0,3309.306208865488,3319.525208865488,3319.525208865488,3288.8682088654878,-92.60100000000045,SL,6
2025-04-29 17:00:00+00:00,2025-04-29 18:00:00+00:00,1,6.0,3328.811295165714,3313.162295165714,3313.162295165714,3360.1092951657142,-94.31399999999933,SL,4
2025-04-29 18:30:00+00:00,2025-04-30 03:00:00+00:00,1,7.000000000000001,3318.511350079158,3304.927350079158,3304.927350079158,3345.679350079158,-95.57800000000202,SL,34
2025-04-30 08:30:00+00:00,2025-04-30 12:45:00+00:00,-1,7.000000000000001,3285.5289080131633,3297.5889080131633,3297.5889080131633,3261.4089080131635,-84.90999999999963,SL,17
2025-04-30 13:30:00+00:00,2025-04-30 20:00:00+00:00,1,5.0,3304.209348841544,3295.8517789399893,3286.8893488415442,3338.849348841544,-42.13784950777299,SIGNAL_REVERSE,26
2025-04-30 20:00:00+00:00,2025-04-30 22:15:00+00:00,-1,8.0,3295.8490799711253,3272.597079971125,3307.4750799711255,3272.597079971125,185.45600000000326,TP,9
2025-05-01 09:45:00+00:00,2025-05-01 20:00:00+00:00,-1,8.0,3223.034744681629,3234.938744681629,3234.938744681629,3199.226744681629,-95.79199999999997,SL,41
2025-05-01 20:00:00+00:00,2025-05-02 03:15:00+00:00,1,7.000000000000001,3228.5450745643143,3253.4070745643144,3216.1140745643143,3253.4070745643144,173.54400000000058,TP,29
2025-05-02 08:15:00+00:00,2025-05-02 13:00:00+00:00,1,9.0,3256.423516418263,3245.8025164182627,3245.8025164182627,3277.6655164182625,-96.21900000000085,SL,19
2025-05-02 13:15:00+00:00,2025-05-02 13:30:00+00:00,-1,7.000000000000001,3243.1745357595523,3255.977535759552,3255.977535759552,3217.5685357595526,-90.1109999999992,SL,1
2025-05-02 14:00:00+00:00,2025-05-05 01:15:00+00:00,-1,6.0,3250.2897520484967,3264.6867520484966,3264.6867520484966,3221.495752048497,-86.80199999999961,SL,45
2025-05-05 08:15:00+00:00,2025-05-05 09:00:00+00:00,1,9.0,3263.471149877629,3283.861149877629,3253.276149877629,3283.861149877629,182.87999999999886,TP,3
2025-05-05 09:00:00+00:00,2025-05-05 09:30:00+00:00,1,8.0,3282.656981712296,3304.8769817122957,3271.5469817122957,3304.8769817122957,177.1999999999984,TP,2
2025-05-05 09:30:00+00:00,2025-05-05 14:00:00+00:00,1,7.000000000000001,3302.283957308383,3326.517957308383,3290.1669573083827,3326.517957308383,169.14799999999948,TP,18
2025-05-05 14:00:00+00:00,2025-05-06 01:00:00+00:00,1,7.000000000000001,3314.8369009577177,3341.440900957718,3301.5349009577176,3341.440900957718,185.7380000000019,TP,44
2025-05-06 08:15:00+00:00,2025-05-06 16:30:00+00:00,1,7.000000000000001,3377.9738451498733,3404.8218451498733,3364.5498451498734,3404.8218451498733,187.4459999999997,TP,33
2025-05-28 08:15:00+00:00,2025-05-28 10:45:00+00:00,1,9.0,3323.562629902693,3312.944629902693,3312.944629902693,3344.798629902693,-96.19199999999944,SL,10
2025-05-28 10:45:00+00:00,2025-05-28 12:00:00+00:00,1,10.0,3315.867407429535,3305.818407429535,3305.818407429535,3335.965407429535,-101.18999999999978,SL,5
2025-05-28 12:45:00+00:00,2025-05-28 15:30:00+00:00,-1,10.0,3311.4034925583373,3292.8954925583375,3320.6574925583373,3292.8954925583375,184.37999999999812,TP,11
2025-05-28 15:30:00+00:00,2025-05-28 23:00:00+00:00,-1,8.0,3295.2818376728983,3270.8778376728983,3307.483837672898,3270.8778376728983,194.67199999999997,TP,30
2025-05-29 08:15:00+00:00,2025-05-29 11:30:00+00:00,1,10.0,3284.2089795056627,3304.020979505663,3274.3029795056627,3304.020979505663,197.42000000000354,TP,13
2025-05-29 11:30:00+00:00,2025-05-29 16:00:00+00:00,1,9.0,3302.337457846765,3323.1594578467652,3291.926457846765,3323.1594578467652,186.76800000000105,TP,18
2025-05-29 16:00:00+00:00,2025-05-30 02:00:00+00:00,1,7.000000000000001,3321.6049889154874,3307.4659889154873,3307.4659889154873,3349.8829889154877,-99.46300000000087,SL,40
2025-05-30 13:00:00+00:00,2025-05-30 13:30:00+00:00,1,9.0,3304.0472965233625,3292.5722965233626,3292.5722965233626,3326.997296523363,-103.90499999999918,SL,2
2025-05-30 14:15:00+00:00,2025-05-30 19:30:00+00:00,-1,6.0,3282.3366936517305,3293.2365911774705,3297.9426936517307,3251.1246936517305,-65.8193851544401,SIGNAL_REVERSE,21
2025-05-30 19:30:00+00:00,2025-06-01 22:45:00+00:00,1,11.0,3293.2448024462524,3311.4908024462525,3284.1218024462523,3311.4908024462525,199.93600000000103,TP,13
2025-06-02 08:15:00+00:00,2025-06-02 13:45:00+00:00,1,9.0,3353.5772552345825,3375.6892552345826,3342.5212552345824,3375.6892552345826,198.37800000000072,TP,22
2025-06-02 13:45:00+00:00,2025-06-02 22:15:00+00:00,1,8.0,3366.7392168855476,3390.6032168855477,3354.807216885548,3390.6032168855477,190.35200000000026,TP,34
2025-06-03 12:30:00+00:00,2025-06-03 14:00:00+00:00,-1,12.0,3354.6394143593325,3337.5114143593323,3363.2034143593323,3337.5114143593323,204.69600000000187,TP,6
2025-06-03 14:00:00+00:00,2025-06-03 19:30:00+00:00,-1,9.0,3345.903797142849,3353.2331682006748,3357.386797142849,3322.9377971428485,-66.59433952043344,SIGNAL_REVERSE,22
2025-06-03 19:30:00+00:00,2025-06-04 01:00:00+00:00,1,17.0,3353.2277468553266,3346.8707468553266,3346.8707468553266,3365.9417468553265,-109.2589999999995,SL,22
2025-06-04 09:45:00+00:00,2025-06-04 10:45:00+00:00,1,10.0,3361.7004926990157,3351.7714926990157,3351.7714926990157,3381.5584926990155,-99.99000000000088,SL,4
2025-06-04 11:45:00+00:00,2025-06-04 12:45:00+00:00,-1,10.0,3349.629503661893,3359.8315036618933,3359.8315036618933,3329.225503661893,-102.72000000000226,SL,4
2025-06-04 12:45:00+00:00,2025-06-04 14:00:00+00:00,-1,10.0,3355.768973593477,3366.395973593477,3366.395973593477,3334.514973593477,-106.96999999999953,SL,5
2025-06-04 14:30:00+00:00,2025-06-05 03:00:00+00:00,1,7.000000000000001,3369.515554859865,3370.803313812382,3355.730554859865,3397.085554859865,8.52431266761847,TIME,50
2025-06-05 09:00:00+00:00,2025-06-05 10:00:00+00:00,1,13.0,3375.326611922429,3391.396611922429,3367.291611922429,3391.396611922429,208.00000000000213,TP,4
2025-06-05 10:00:00+00:00,2025-06-05 12:45:00+00:00,1,11.0,3389.4880205125937,3379.897020512594,3379.897020512594,3408.6700205125935,-106.27099999999884,SL,11
2025-06-05 12:45:00+00:00,2025-06-05 13:00:00+00:00,1,8.0,3394.0964491415684,3381.5854491415685,3381.5854491415685,3419.118449141569,-100.64799999999974,SL,1
2025-06-05 13:00:00+00:00,2025-06-05 14:00:00+00:00,1,7.000000000000001,3383.154219213208,3369.679219213208,3369.679219213208,3410.104219213208,-94.81499999999937,SL,4
2025-06-05 14:30:00+00:00,2025-06-05 15:45:00+00:00,-1,6.0,3375.579870455495,3342.8598704554947,3391.939870455495,3342.8598704554947,195.90000000000154,TP,5
2025-06-05 15:45:00+00:00,2025-06-06 03:30:00+00:00,-1,5.0,3350.578764248523,3369.3927642485232,3369.3927642485232,3312.950764248523,-94.42000000000152,SL,47
2025-06-06 08:15:00+00:00,2025-06-06 08:30:00+00:00,-1,11.0,3358.5514251182462,3367.4834251182465,3367.4834251182465,3340.687425118246,-99.02200000000268,SL,1
2025-06-06 08:30:00+00:00,2025-06-06 12:30:00+00:00,-1,11.0,3363.9722375385895,3346.0142375385894,3372.95123753859,3346.0142375385894,196.7680000000009,TP,16
2025-06-06 13:00:00+00:00,2025-06-06 14:15:00+00:00,-1,9.0,3353.379968228298,3330.823968228298,3364.6579682282977,3330.823968228298,202.37400000000036,TP,5
2025-06-06 14:15:00+00:00,2025-06-09 00:30:00+00:00,-1,7.000000000000001,3333.842056770252,3303.854056770252,3348.836056770252,3303.854056770252,209.42599999999882,TP,41
2025-06-09 08:15:00+00:00,2025-06-09 10:15:00+00:00,1,14.000000000000002,3323.468436459257,3316.0784364592573,3316.0784364592573,3338.2484364592574,-104.43999999999824,SL,8
2025-06-09 10:15:00+00:00,2025-06-09 12:15:00+00:00,1,13.0,3319.299527508743,3315.4599426631285,3311.157527508743,3335.583527508743,-50.8246029929866,SIGNAL_REVERSE,8
2025-06-09 12:15:00+00:00,2025-06-09 14:00:00+00:00,-1,13.0,3315.455156859882,3323.8551568598823,3323.8551568598823,3298.655156859882,-110.11000000000118,SL,7
2025-06-09 15:45:00+00:00,2025-06-09 21:00:00+00:00,1,9.0,3330.2472332258817,3326.3601202383516,3319.2452332258817,3352.2512332258816,-35.61401688777131,SIGNAL_REVERSE,21
2025-06-09 21:00:00+00:00,2025-06-10 01:00:00+00:00,-1,17.0,3326.3635048826054,3314.0415048826053,3332.5245048826055,3314.0415048826053,208.28400000000198,TP,16
2025-06-10 08:15:00+00:00,2025-06-10 15:45:00+00:00,1,11.0,3332.0484999923274,3326.027826892813,3322.3204999923273,3351.5044999923275,-66.99740409465586,SIGNAL_REVERSE,30
2025-06-10 15:45:00+00:00,2025-06-11 02:45:00+00:00,-1,9.0,3326.033255378563,3337.774255378563,3337.774255378563,3302.551255378563,-106.29899999999986,SL,44
2025-06-11 08:15:00+00:00,2025-06-11 09:00:00+00:00,1,13.0,3345.0708135130753,3337.1468135130754,3337.1468135130754,3360.9188135130753,-103.92199999999971,SL,3
2025-06-11 09:00:00+00:00,2025-06-11 09:45:00+00:00,1,12.0,3344.5991670102353,3336.0811670102353,3336.0811670102353,3361.6351670102354,-103.05600000000035,SL,3
2025-06-11 10:45:00+00:00,2025-06-11 12:15:00+00:00,-1,11.0,3331.314484204556,3340.591484204556,3340.591484204556,3312.7604842045557,-102.81700000000048,SL,6
2025-06-11 12:15:00+00:00,2025-06-11 12:30:00+00:00,-1,10.0,3334.615669247585,3344.8906692475853,3344.8906692475853,3314.065669247585,-103.45000000000091,SL,1
2025-06-19 08:15:00+00:00,2025-06-19 10:00:00+00:00,-1,9.0,3362.340863968597,3373.734863968597,3373.734863968597,3339.552863968597,-103.175999999998,SL,7
2025-06-19 10:30:00+00:00,2025-06-19 13:15:00+00:00,1,8.0,3375.9428392653576,3363.508839265358,3363.508839265358,3400.810839265357,-100.03199999999794,SL,11
2025-06-19 14:45:00+00:00,2025-06-20 03:00:00+00:00,-1,10.0,3366.300836865113,3347.1668368651135,3375.867836865113,3347.1668368651135,190.6399999999956,TP,39
2025-06-20 08:15:00+00:00,2025-06-20 09:30:00+00:00,-1,11.0,3348.675626396784,3357.9916263967843,3357.9916263967843,3330.043626396784,-103.24600000000284,SL,5
2025-06-20 10:00:00+00:00,2025-06-20 12:00:00+00:00,1,10.0,3355.447904703344,3345.726904703344,3345.726904703344,3374.889904703344,-97.91000000000004,SL,8
2025-06-20 14:00:00+00:00,2025-06-22 22:00:00+00:00,1,10.0,3370.3691223064966,3391.0011223064967,3360.053122306497,3391.0011223064967,205.62000000000063,TP,32
2025-06-23 09:30:00+00:00,2025-06-23 12:30:00+00:00,1,11.0,3365.1325886424024,3356.1355886424026,3356.1355886424026,3383.1265886424026,-99.73699999999828,SL,12
2025-06-23 12:30:00+00:00,2025-06-23 13:30:00+00:00,1,10.0,3362.778436673153,3382.838436673153,3352.748436673153,3382.838436673153,199.89999999999947,TP,4
2025-06-23 13:30:00+00:00,2025-06-23 16:15:00+00:00,1,8.0,3368.5486435707135,3392.1606435707135,3356.7426435707134,3392.1606435707135,188.33600000000064,TP,11
2025-06-23 16:15:00+00:00,2025-06-23 20:00:00+00:00,1,7.000000000000001,3387.664948231734,3374.2579482317337,3374.2579482317337,3414.478948231734,-94.33900000000108,SL,15
2025-06-23 20:15:00+00:00,2025-06-23 22:15:00+00:00,-1,10.0,3373.9194438547433,3353.0494438547435,3384.3544438547433,3353.0494438547435,207.99999999999892,TP,8
2025-06-24 08:15:00+00:00,2025-06-24 12:30:00+00:00,-1,8.0,3330.988106195464,3306.592106195464,3343.1861061954637,3306.592106195464,194.60799999999784,TP,17
2025-06-24 12:30:00+00:00,2025-06-24 17:45:00+00:00,-1,9.0,3313.5885653776586,3320.993279241471,3324.4235653776586,3291.9185653776585,-67.27242477431253,SIGNAL_REVERSE,21
2025-06-24 17:45:00+00:00,2025-06-25 06:15:00+00:00,1,8.0,3320.993618250994,3329.759367438676,3308.821618250994,3345.337618250994,69.56599350145319,TIME,50
2025-06-25 09:30:00+00:00,2025-06-25 16:30:00+00:00,-1,14.000000000000002,3322.4920544392508,3330.0610544392507,3330.0610544392507,3307.354054439251,-106.94599999999946,SL,28
2025-06-25 16:45:00+00:00,2025-06-26 05:15:00+00:00,1,11.0,3332.985228002475,3334.0188559674893,3323.545228002475,3351.865228002475,10.599907615155626,TIME,50
2025-07-03 10:15:00+00:00,2025-07-03 10:45:00+00:00,-1,13.0,3346.4367453116674,3354.6927453116677,3354.6927453116677,3329.9247453116673,-108.23800000000406,SL,2
2025-07-03 11:15:00+00:00,2025-07-03 12:30:00+00:00,-1,13.0,3348.070494601945,3332.384494601945,3355.913494601945,3332.384494601945,203.00800000000194,TP,5
2025-07-03 12:30:00+00:00,2025-07-03 12:45:00+00:00,-1,9.0,3349.7633529385953,3327.769352938595,3360.760352938595,3327.769352938595,197.31600000000128,TP,1
2025-07-03 13:00:00+00:00,2025-07-03 13:30:00+00:00,-1,8.0,3324.4821191792707,3337.2341191792707,3337.2341191792707,3298.9781191792704,-102.57599999999962,SL,2
2025-07-03 13:30:00+00:00,2025-07-04 02:00:00+00:00,-1,8.0,3332.479900110705,3329.9233668121897,3345.966900110705,3305.5059001107047,19.892266388121644,TIME,50
2025-07-04 08:15:00+00:00,2025-07-04 09:30:00+00:00,1,18.0,3341.9167175314606,3335.9637175314606,3335.9637175314606,3353.8227175314605,-108.41399999999955,SL,5
2025-07-04 10:15:00+00:00,2025-07-06 22:00:00+00:00,-1,16.0,3335.058878501243,3341.6358785012426,3341.6358785012426,3321.904878501243,-106.35199999999634,SL,31
2025-07-06 22:00:00+00:00,2025-07-06 23:00:00+00:00,1,19.0,3337.3825336861396,3331.8695336861397,3331.8695336861397,3348.4085336861394,-106.07699999999848,SL,4
2025-07-07 08:15:00+00:00,2025-07-07 13:45:00+00:00,-1,11.0,3307.015639524797,3316.262639524797,3316.262639524797,3288.5216395247967,-102.48700000000328,SL,22
2025-07-07 14:15:00+00:00,2025-07-07 19:15:00+00:00,1,9.0,3317.0161670369166,3338.8701670369164,3306.0891670369165,3338.8701670369164,196.05599999999833,TP,20
2025-07-07 19:15:00+00:00,2025-07-08 00:30:00+00:00,1,15.0,3338.1842639163415,3331.1592639163414,3331.1592639163414,3352.2342639163417,-106.42500000000136,SL,21
2025-07-08 09:00:00+00:00,2025-07-08 14:00:00+00:00,-1,14.000000000000002,3323.5989853246483,3308.9029853246484,3330.9469853246483,3308.9029853246484,204.76399999999882,TP,20
2025-07-08 14:15:00+00:00,2025-07-09 02:45:00+00:00,-1,10.0,3306.077332984126,3294.1755377470954,3316.306332984126,3285.619332984126,118.31795237030455,TIME,50
2025-07-09 08:15:00+00:00,2025-07-09 12:45:00+00:00,-1,13.0,3289.069938518444,3297.282938518444,3297.282938518444,3272.6439385184435,-107.6790000000025,SL,18
2025-07-09 13:15:00+00:00,2025-07-09 17:00:00+00:00,1,13.0,3297.9712262967405,3314.3792262967404,3289.7672262967403,3314.3792262967404,212.39399999999873,TP,15
2025-07-09 17:00:00+00:00,2025-07-10 05:30:00+00:00,1,11.0,3311.838068338399,3322.520683497919,3302.4820683383987,3330.550068338399,116.73876675472091,TIME,50
2025-07-10 09:00:00+00:00,2025-07-10 11:45:00+00:00,1,17.0,3328.550542981353,3322.070542981353,3322.070542981353,3341.510542981353,-111.3500000000003,SL,11
2025-07-10 14:15:00+00:00,2025-07-11 00:30:00+00:00,-1,10.0,3318.8794745206023,3329.3884745206024,3329.3884745206024,3297.8614745206023,-105.79000000000015,SL,41
2025-07-25 08:15:00+00:00,2025-07-25 11:15:00+00:00,-1,15.0,3353.954581384746,3339.4605813847456,3361.2015813847456,3339.4605813847456,216.36000000000212,TP,12
2025-07-25 11:15:00+00:00,2025-07-25 15:30:00+00:00,-1,14.000000000000002,3342.180605182334,3327.298605182334,3349.621605182334,3327.298605182334,207.3680000000009,TP,17
2025-07-25 15:30:00+00:00,2025-07-25 19:30:00+00:00,-1,10.0,3330.2828618184526,3339.614166950781,3340.6558618184526,3309.5368618184525,-94.01305132328453,SIGNAL_REVERSE,16
2025-07-25 19:30:00+00:00,2025-07-27 22:00:00+00:00,1,17.0,3339.6147657999013,3333.2887657999013,3333.2887657999013,3352.2667657999013,-108.73200000000037,SL,10
2025-07-28 12:30:00+00:00,2025-07-28 13:45:00+00:00,-1,15.0,3330.6020035310366,3316.3940035310366,3337.7060035310365,3316.3940035310366,212.07000000000124,TP,5
2025-07-28 13:45:00+00:00,2025-07-28 14:00:00+00:00,-1,12.0,3322.0132481460278,3303.799248146028,3331.1202481460277,3303.799248146028,217.7279999999993,TP,1
2025-07-28 14:00:00+00:00,2025-07-28 14:15:00+00:00,-1,11.0,3301.8128049584907,3311.3528049584907,3311.3528049584907,3282.7328049584908,-105.7099999999996,SL,1
2025-07-28 14:15:00+00:00,2025-07-28 19:45:00+00:00,-1,11.0,3308.550222477447,3318.4822224774466,3318.4822224774466,3288.686222477447,-110.02199999999767,SL,22
2025-07-28 20:30:00+00:00,2025-07-28 22:00:00+00:00,1,23.0,3318.1737450559913,3313.409745055991,3313.409745055991,3327.701745055991,-111.18200000000284,SL,6
2025-07-29 08:30:00+00:00,2025-07-29 11:00:00+00:00,1,13.0,3327.490000362149,3319.023000362149,3319.023000362149,3344.424000362149,-110.98100000000127,SL,10
2025-07-29 11:00:00+00:00,2025-07-29 13:30:00+00:00,1,12.0,3322.215553920617,3313.513553920617,3313.513553920617,3339.6195539206165,-105.26399999999725,SL,10
2025-07-29 14:15:00+00:00,2025-07-29 14:30:00+00:00,-1,11.0,3317.694601143973,3327.144601143973,3327.144601143973,3298.794601143973,-104.719999999998,SL,1
2025-07-29 15:15:00+00:00,2025-07-29 16:00:00+00:00,1,10.0,3329.917273909456,3319.384273909456,3319.384273909456,3350.983273909456,-106.02999999999902,SL,3
2025-07-29 18:00:00+00:00,2025-07-30 06:30:00+00:00,1,11.0,3328.333427712776,3323.588785194425,3319.125427712776,3346.7494277127757,-52.961067701862724,TIME,50
2025-07-30 09:15:00+00:00,2025-07-30 11:00:00+00:00,1,16.0,3332.650629578538,3326.218629578538,3326.218629578538,3345.5146295785376,-104.03199999999663,SL,7
2025-07-30 13:00:00+00:00,2025-07-30 15:15:00+00:00,-1,12.0,3313.411810304074,3295.801810304074,3322.216810304074,3295.801810304074,210.48000000000152,TP,9
2025-07-30 15:15:00+00:00,2025-07-30 19:00:00+00:00,-1,9.0,3300.8757057459497,3276.88370574595,3312.87170574595,3276.88370574595,215.29799999999761,TP,15
2025-07-30 19:00:00+00:00,2025-07-31 01:15:00+00:00,-1,10.0,3280.3016882175507,3290.920688217551,3290.920688217551,3259.0636882175504,-106.89000000000142,SL,25
2025-07-31 08:15:00+00:00,2025-07-31 10:45:00+00:00,1,13.0,3308.1333494441265,3299.9493494441263,3299.9493494441263,3324.5013494441264,-107.30200000000255,SL,10
2025-07-31 14:45:00+00:00,2025-08-01 03:15:00+00:00,-1,11.0,3297.51604096482,3295.959833350132,3307.27004096482,3278.0080409648203,16.34828376156791,TIME,50
2025-08-01 08:15:00+00:00,2025-08-01 08:45:00+00:00,-1,16.0,3287.7560571073054,3294.2330571073053,3294.2330571073053,3274.8020571073057,-104.75199999999779,SL,2
2025-08-01 08:45:00+00:00,2025-08-01 09:15:00+00:00,-1,15.0,3289.232231967126,3296.1412319671263,3296.1412319671263,3275.4142319671264,-104.68500000000158,SL,2
2025-08-01 11:00:00+00:00,2025-08-01 12:30:00+00:00,1,14.000000000000002,3298.4515843342615,3312.9875843342616,3291.1835843342615,3312.9875843342616,202.52400000000085,TP,6
2025-08-01 12:30:00+00:00,2025-08-01 12:45:00+00:00,1,10.0,3301.7758796374856,3323.197879637485,3291.064879637486,3323.197879637485,213.51999999999572,TP,1
2025-08-01 17:45:00+00:00,2025-08-04 06:15:00+00:00,1,9.0,3348.029739342141,3359.1028266819785,3335.887739342141,3372.313739342141,99.02778605853712,TIME,50
2025-08-04 11:30:00+00:00,2025-08-04 13:45:00+00:00,1,15.0,3367.7256276327794,3382.1816276327795,3360.4976276327793,3382.1816276327795,215.79000000000195,TP,9
2025-08-04 13:45:00+00:00,2025-08-05 02:15:00+00:00,1,13.0,3376.2350372550804,3380.611752478836,3367.6530372550806,3393.39903725508,55.98729790882257,TIME,50
2025-08-05 09:15:00+00:00,2025-08-05 11:00:00+00:00,-1,17.0,3365.269104694055,3352.423104694055,3371.6921046940547,3352.423104694055,217.19200000000006,TP,7
2025-08-05 11:00:00+00:00,2025-08-05 12:15:00+00:00,-1,15.0,3353.1604476965235,3360.6924476965237,3360.6924476965237,3338.0964476965237,-114.03000000000229,SL,5
2025-08-05 12:15:00+00:00,2025-08-05 12:30:00+00:00,-1,14.000000000000002,3353.071982307015,3360.918982307015,3360.918982307015,3337.377982307015,-110.83800000000292,SL,1
2025-08-05 12:30:00+00:00,2025-08-05 13:00:00+00:00,-1,14.000000000000002,3360.7650879996922,3368.8300879996923,3368.8300879996923,3344.635087999692,-113.89000000000078,SL,2
2025-08-05 13:00:00+00:00,2025-08-05 13:30:00+00:00,-1,13.0,3366.3156047496004,3374.5316047496003,3374.5316047496003,3349.8836047496,-107.71799999999863,SL,2
2025-08-05 14:00:00+00:00,2025-08-06 02:30:00+00:00,1,11.0,3373.9562565330684,3375.3608489257335,3364.1052565330683,3393.6582565330687,14.680516319316194,TIME,50
2025-08-06 08:30:00+00:00,2025-08-06 13:45:00+00:00,-1,17.0,3366.6385115306603,3373.0835115306604,3373.0835115306604,3353.74851153066,-110.75500000000278,SL,21
2025-08-06 14:15:00+00:00,2025-08-06 20:15:00+00:00,1,13.0,3371.912334907975,3370.181336278451,3363.4513349079753,3388.834334907975,-23.412982183812492,SIGNAL_REVERSE,24
2025-08-06 20:15:00+00:00,2025-08-07 01:00:00+00:00,-1,18.0,3370.1775371818726,3376.1715371818727,3376.1715371818727,3358.1895371818728,-109.15200000000256,SL,19
2025-08-07 10:45:00+00:00,2025-08-07 12:30:00+00:00,-1,10.0,3377.263758499871,3388.009758499871,3388.009758499871,3355.771758499871,-108.16000000000095,SL,7
2025-08-07 14:00:00+00:00,2025-08-08 02:30:00+00:00,1,9.0,3384.7883181262523,3386.667835668243,3372.798318126252,3408.7683181262523,16.28565787791433,TIME,50
2025-08-08 08:15:00+00:00,2025-08-08 10:15:00+00:00,1,11.0,3400.7012568279024,3391.180256827902,3391.180256827902,3419.7432568279028,-105.50100000000204,SL,8
2025-08-08 11:15:00+00:00,2025-08-08 12:15:00+00:00,-1,10.0,3385.5066278978516,3395.5106278978515,3395.5106278978515,3365.4986278978513,-100.73999999999906,SL,4
2025-08-08 12:15:00+00:00,2025-08-08 12:30:00+00:00,-1,10.0,3387.264531429774,3397.7175314297738,3397.7175314297738,3366.358531429774,-105.22999999999975,SL,1
2025-08-08 12:30:00+00:00,2025-08-08 17:30:00+00:00,-1,10.0,3394.5032560828217,3398.5954849458226,3404.785256082822,3373.939256082822,-41.622288630008555,SIGNAL_REVERSE,20
2025-08-08 17:30:00+00:00,2025-08-08 17:45:00+00:00,1,8.0,3398.596921142242,3386.446921142242,3386.446921142242,3422.8969211422423,-97.76000000000073,SL,1
2025-08-08 17:45:00+00:00,2025-08-08 18:00:00+00:00,1,8.0,3397.2250428281063,3384.487042828106,3384.487042828106,3422.7010428281064,-102.46400000000227,SL,1
2025-08-11 08:15:00+00:00,2025-08-11 20:45:00+00:00,-1,11.0,3359.019957896983,3347.0702831439557,3368.331957896983,3340.3959578969834,130.67642228330212,TIME,50
2025-08-11 21:15:00+00:00,2025-08-12 00:45:00+00:00,-1,12.0,3347.0284210821865,3355.3414210821866,3355.3414210821866,3330.4024210821863,-100.59600000000123,SL,14
2025-08-12 11:00:00+00:00,2025-08-12 12:30:00+00:00,-1,11.0,3344.8611508755284,3354.1461508755283,3354.1461508755283,3326.2911508755283,-102.9049999999984,SL,6
2025-08-12 12:30:00+00:00,2025-08-12 12:45:00+00:00,-1,10.0,3339.5649679230933,3349.7059679230933,3349.7059679230933,3319.282967923093,-102.11000000000077,SL,1
2025-08-12 14:30:00+00:00,2025-08-12 15:15:00+00:00,-1,7.000000000000001,3334.8682610884557,3349.614261088456,3349.614261088456,3305.376261088456,-103.71200000000067,SL,3
2025-08-13 08:15:00+00:00,2025-08-13 14:00:00+00:00,1,15.0,3353.755542910877,3367.387542910877,3346.939542910877,3367.387542910877,203.43000000000092,TP,23
2025-08-13 17:45:00+00:00,2025-08-13 23:30:00+00:00,-1,14.000000000000002,3354.436338295692,3361.9213382956923,3361.9213382956923,3339.466338295692,-105.7700000000018,SL,23
2025-08-14 08:15:00+00:00,2025-08-14 09:00:00+00:00,-1,12.0,3344.5147734601233,3352.920773460123,3352.920773460123,3327.7027734601234,-101.71199999999939,SL,3
2025-08-14 09:00:00+00:00,2025-08-14 09:15:00+00:00,-1,11.0,3346.279695248768,3355.666695248768,3355.666695248768,3327.505695248768,-104.02700000000188,SL,1
2025-08-14 09:15:00+00:00,2025-08-14 14:00:00+00:00,-1,10.0,3354.7760508211763,3335.3920508211763,3364.4680508211763,3335.3920508211763,193.14000000000016,TP,19
2025-08-14 14:00:00+00:00,2025-08-15 02:30:00+00:00,-1,9.0,3343.9792751042423,3338.1510841674653,3354.5892751042425,3322.7592751042425,51.82371843099292,TIME,50
2025-08-15 10:45:00+00:00,2025-08-15 13:00:00+00:00,-1,13.0,3338.228183891517,3345.767183891517,3345.767183891517,3323.150183891517,-98.91700000000279,SL,9
2025-08-15 18:15:00+00:00,2025-08-17 23:15:00+00:00,-1,16.0,3336.273775911523,3323.9977759115227,3342.411775911523,3323.9977759115227,195.2960000000047,TP,20
2025-08-18 12:15:00+00:00,2025-08-18 14:00:00+00:00,-1,18.0,3347.128250728992,3335.700250728992,3352.842250728992,3335.700250728992,204.4439999999979,TP,7
2025-08-18 14:00:00+00:00,2025-08-19 02:30:00+00:00,-1,15.0,3336.73619645118,3333.554742208328,3343.34219645118,3323.52419645118,46.67181364277913,TIME,50
2025-08-19 10:30:00+00:00,2025-08-19 12:00:00+00:00,1,19.0,3343.7794305199936,3338.256430519994,3338.256430519994,3354.8254305199935,-106.26699999999398,SL,6
2025-08-19 12:00:00+00:00,2025-08-19 12:30:00+00:00,1,21.0,3339.8484450485166,3334.841445048517,3334.841445048517,3349.8624450485163,-106.61699999999175,SL,2
2025-08-19 13:15:00+00:00,2025-08-19 13:30:00+00:00,-1,17.0,3329.5174669038443,3335.541466903844,3335.541466903844,3317.4694669038445,-103.59799999999808,SL,1
2025-08-19 13:30:00+00:00,2025-08-19 13:45:00+00:00,-1,16.0,3331.739571257119,3338.285571257119,3338.285571257119,3318.6475712571196,-105.85599999999715,SL,1
2025-08-19 13:45:00+00:00,2025-08-19 14:45:00+00:00,-1,15.0,3338.1124269534557,3324.404426953456,3344.9664269534555,3324.404426953456,204.56999999999442,TP,4
2025-08-19 14:45:00+00:00,2025-08-20 03:15:00+00:00,-1,12.0,3326.08327842115,3316.746702303006,3334.70127842115,3308.8472784211503,111.19891341773305,TIME,50
2025-08-20 08:15:00+00:00,2025-08-20 11:45:00+00:00,1,21.0,3323.049591770366,3332.779591770366,3318.184591770366,3332.779591770366,202.86000000000038,TP,14
2025-08-20 11:45:00+00:00,2025-08-20 12:30:00+00:00,1,20.0,3329.016701244056,3339.6587012440564,3323.695701244056,3339.6587012440564,211.4400000000056,TP,3
2025-08-20 12:30:00+00:00,2025-08-20 14:45:00+00:00,1,19.0,3338.00519718944,3348.81319718944,3332.60119718944,3348.81319718944,204.02199999999985,TP,9
2025-08-20 14:45:00+00:00,2025-08-20 15:00:00+00:00,1,14.000000000000002,3346.1255208877496,3338.4265208877496,3338.4265208877496,3361.52352088775,-108.76600000000099,SL,1
2025-08-20 15:00:00+00:00,2025-08-20 22:00:00+00:00,1,12.0,3332.2742988454393,3350.2922988454393,3323.2652988454392,3350.2922988454393,215.37600000000035,TP,28
2025-08-21 11:00:00+00:00,2025-08-21 12:00:00+00:00,-1,17.0,3328.934270386588,3335.3722703865883,3335.3722703865883,3316.058270386588,-110.63600000000173,SL,4
2025-08-21 12:00:00+00:00,2025-08-21 12:15:00+00:00,-1,15.0,3333.5642681930944,3340.6232681930946,3340.6232681930946,3319.4462681930945,-106.93500000000294,SL,1
2025-08-21 13:45:00+00:00,2025-08-21 19:00:00+00:00,1,11.0,3341.8295118844553,3339.342548997177,3332.5355118844554,3360.4175118844555,-28.126591760062656,SIGNAL_REVERSE,21
2025-08-21 19:00:00+00:00,2025-08-22 05:15:00+00:00,-1,17.0,3339.3353730614785,3327.0633730614786,3345.4713730614785,3327.0633730614786,207.4339999999989,TP,41
2025-08-22 08:15:00+00:00,2025-08-22 13:30:00+00:00,-1,20.0,3328.5558901416052,3334.0648901416052,3334.0648901416052,3317.537890141605,-111.5800000000003,SL,21
2025-08-22 14:30:00+00:00,2025-08-25 03:00:00+00:00,1,10.0,3365.879047432487,3364.270512684806,3355.7800474324868,3386.077047432487,-16.785347476810056,TIME,50
2025-08-25 09:30:00+00:00,2025-08-25 09:45:00+00:00,-1,24.0,3362.6512488634694,3367.0872488634695,3367.0872488634695,3353.7792488634695,-108.14400000000359,SL,1
2025-08-25 12:00:00+00:00,2025-08-25 12:30:00+00:00,1,23.0,3370.5353786611663,3365.8743786611662,3365.8743786611662,3379.857378661166,-108.81300000000134,SL,2
2025-08-25 12:30:00+00:00,2025-08-25 12:45:00+00:00,1,23.0,3368.927928468392,3364.228928468392,3364.228928468392,3378.325928468392,-109.68700000000159,SL,1
2025-08-25 14:15:00+00:00,2025-08-25 19:00:00+00:00,1,18.0,3373.866226734696,3367.895226734696,3367.895226734696,3385.8082267346954,-108.73800000000007,SL,19
2025-08-25 19:45:00+00:00,2025-08-25 23:00:00+00:00,-1,27.0,3367.4339762966997,3359.5059762967,3371.3979762966997,3359.5059762967,212.16599999999687,TP,13
2025-08-26 10:45:00+00:00,2025-08-26 11:00:00+00:00,-1,14.000000000000002,3369.399391384271,3376.923391384271,3376.923391384271,3354.351391384271,-106.31599999999844,SL,1
2025-08-26 11:00:00+00:00,2025-08-26 15:00:00+00:00,-1,13.0,3372.0740123514233,3380.079012351423,3380.079012351423,3356.0640123514236,-104.9749999999955,SL,16
2025-08-26 15:30:00+00:00,2025-08-27 04:00:00+00:00,1,12.0,3382.056029313238,3380.520194862852,3373.735029313238,3398.698029313238,-19.270013404633428,TIME,50
2025-08-27 09:15:00+00:00,2025-08-27 09:45:00+00:00,1,18.0,3384.799422823651,3378.919422823651,3378.919422823651,3396.5594228236514,-107.10000000000197,SL,2
2025-08-27 09:45:00+00:00,2025-08-27 10:30:00+00:00,1,17.0,3381.8263763478512,3375.7463763478513,3375.7463763478513,3393.9863763478515,-104.54999999999876,SL,3
2025-08-27 11:45:00+00:00,2025-08-27 12:15:00+00:00,-1,18.0,3374.924955509752,3380.725955509752,3380.725955509752,3363.3229555097523,-105.67799999999876,SL,2
2025-08-27 12:15:00+00:00,2025-08-27 13:00:00+00:00,-1,17.0,3376.9830702555823,3383.060070255582,3383.060070255582,3364.8290702555823,-104.4989999999961,SL,3
2025-08-27 14:45:00+00:00,2025-08-27 16:45:00+00:00,1,15.0,3383.607358922542,3396.957358922542,3376.932358922542,3396.957358922542,199.19999999999862,TP,8
2025-08-27 16:45:00+00:00,2025-08-28 01:30:00+00:00,1,13.0,3394.6630024844358,3387.0840024844356,3387.0840024844356,3409.8210024844357,-99.43700000000231,SL,35
2025-08-28 08:15:00+00:00,2025-08-28 11:30:00+00:00,1,21.0,3394.584154383505,3404.422154383505,3389.665154383505,3404.422154383505,205.12800000000405,TP,13
2025-08-28 11:30:00+00:00,2025-08-28 12:45:00+00:00,1,17.0,3404.1490594439747,3398.3210594439747,3398.3210594439747,3415.805059443975,-100.26599999999956,SL,5
2025-08-28 12:45:00+00:00,2025-08-28 13:00:00+00:00,1,15.0,3402.689050267265,3395.8970502672646,3395.8970502672646,3416.2730502672653,-102.93000000000556,SL,1
2025-08-28 13:45:00+00:00,2025-08-28 19:45:00+00:00,1,13.0,3405.742124812837,3421.8201248128375,3397.703124812837,3421.8201248128375,208.10400000000558,TP,24
2025-08-28 19:45:00+00:00,2025-08-29 00:15:00+00:00,1,19.0,3418.471269220157,3413.102269220157,3413.102269220157,3429.209269220157,-103.3410000000027,SL,18
2025-08-29 10:30:00+00:00,2025-08-29 12:30:00+00:00,-1,20.0,3406.5031585981333,3411.5611585981333,3411.5611585981333,3396.3871585981333,-102.55999999999986,SL,8
2025-08-29 13:15:00+00:00,2025-08-29 14:00:00+00:00,1,17.0,3418.766076891223,3430.728076891223,3412.7850768912226,3430.728076891223,202.16399999999982,TP,3
2025-08-29 14:00:00+00:00,2025-08-29 15:15:00+00:00,1,13.0,3429.069376118907,3444.261376118907,3421.473376118907,3444.261376118907,196.5860000000001,TP,5
2025-08-29 15:15:00+00:00,2025-09-01 02:00:00+00:00,1,11.0,3442.4806482836316,3460.372648283632,3433.5346482836317,3460.372648283632,196.04200000000307,TP,43
2025-09-01 08:15:00+00:00,2025-09-01 10:00:00+00:00,1,10.0,3477.3263870760316,3466.7753870760316,3466.7753870760316,3498.4283870760314,-106.20999999999931,SL,7
2025-09-01 10:00:00+00:00,2025-09-01 14:15:00+00:00,-1,10.0,3469.412067265066,3480.322067265066,3480.322067265066,3447.592067265066,-109.79999999999855,SL,17
2025-09-01 14:30:00+00:00,2025-09-02 01:15:00+00:00,1,12.0,3477.908059429964,3494.8200594299637,3469.452059429964,3494.8200594299637,202.10399999999768,TP,33
2025-09-02 08:15:00+00:00,2025-09-02 11:45:00+00:00,-1,11.0,3476.84238701799,3486.70838701799,3486.70838701799,3457.1103870179895,-109.29599999999984,SL,14
2025-09-02 14:00:00+00:00,2025-09-02 15:45:00+00:00,1,8.0,3489.6196076126625,3516.507607612663,3476.1756076126626,3516.507607612663,214.544000000003,TP,7
2025-09-02 15:45:00+00:00,2025-09-03 00:15:00+00:00,1,6.0,3514.511530635843,3545.675530635843,3498.9295306358426,3545.675530635843,186.5640000000013,TP,34
2025-09-03 08:45:00+00:00,2025-09-03 13:00:00+00:00,1,14.000000000000002,3538.500093898836,3554.192093898836,3530.654093898836,3554.192093898836,218.70800000000014,TP,17
2025-09-03 13:00:00+00:00,2025-09-03 16:45:00+00:00,1,11.0,3550.4870145656223,3569.4670145656223,3540.997014565622,3569.4670145656223,208.0100000000002,TP,15
2025-09-03 16:45:00+00:00,2025-09-03 21:00:00+00:00,1,9.0,3569.0360293904705,3562.336781295371,3556.569029390471,3593.9700293904702,-60.92323285589453,SIGNAL_REVERSE,17
2025-09-03 21:00:00+00:00,2025-09-04 01:30:00+00:00,-1,14.000000000000002,3562.340206953173,3546.866206953173,3570.077206953173,3546.866206953173,215.65600000000228,TP,18
2025-09-04 08:30:00+00:00,2025-09-04 21:00:00+00:00,1,11.0,3543.4756213918413,3544.8824187850037,3533.7856213918412,3562.8556213918414,14.704771324786162,TIME,50
2025-09-05 08:15:00+00:00,2025-09-05 09:45:00+00:00,-1,17.0,3546.8269596622163,3553.4279596622164,3553.4279596622164,3533.6249596622165,-113.40700000000191,SL,6
2025-09-05 09:45:00+00:00,2025-09-05 12:30:00+00:00,-1,15.0,3551.5374827367523,3558.9774827367523,3558.9774827367523,3536.6574827367526,-112.65000000000082,SL,11
2025-09-05 13:00:00+00:00,2025-09-05 21:15:00+00:00,1,9.0,3581.0837581663286,3589.9689791217397,3569.0447581663284,3605.1617581663286,79.33698859870003,SIGNAL_REVERSE,33
2025-09-05 21:15:00+00:00,2025-09-08 06:30:00+00:00,-1,15.0,3589.970770940656,3597.4557709406563,3597.4557709406563,3575.000770940656,-113.3250000000019,SL,37
2025-09-08 08:15:00+00:00,2025-09-08 13:00:00+00:00,1,12.0,3608.9192663499757,3626.7692663499756,3599.994266349976,3626.7692663499756,213.3599999999989,TP,19
2025-09-08 13:00:00+00:00,2025-09-08 15:00:00+00:00,1,11.0,3624.206940000445,3643.8109400004446,3614.4049400004446,3643.8109400004446,214.87399999999795,TP,8
2025-09-15 18:45:00+00:00,2025-09-16 07:15:00+00:00,1,12.0,3678.471507989615,3692.5791493124393,3669.170507989615,3697.073507989615,168.4516958738915,TIME,50
2025-09-16 08:15:00+00:00,2025-09-16 12:30:00+00:00,1,16.0,3695.8765486441143,3688.7265486441142,3688.7265486441142,3710.176548644114,-115.52000000000146,SL,17
2025-09-16 15:15:00+00:00,2025-09-16 20:30:00+00:00,-1,10.0,3684.2361433707997,3693.588684682033,3695.1371433707995,3662.4341433708,-94.22541311233381,SIGNAL_REVERSE,21
2025-09-16 20:30:00+00:00,2025-09-17 01:15:00+00:00,1,21.0,3693.5854973876553,3688.0924973876554,3688.0924973876554,3704.571497387655,-116.8229999999987,SL,19
2025-09-17 08:15:00+00:00,2025-09-17 12:30:00+00:00,-1,15.0,3665.3217211907927,3673.0207211907928,3673.0207211907928,3649.9237211907925,-116.53500000000103,SL,17
2025-09-17 13:15:00+00:00,2025-09-17 18:00:00+00:00,1,12.0,3678.483698567147,3669.1306985671467,3669.1306985671467,3697.189698567147,-113.07600000000079,SL,19
2025-09-17 18:00:00+00:00,2025-09-17 18:30:00+00:00,1,9.0,3686.5541695658585,3674.2041695658586,3674.2041695658586,3711.2541695658583,-111.77999999999918,SL,2
2025-09-17 19:00:00+00:00,2025-09-17 23:15:00+00:00,-1,6.0,3650.6600960158275,3668.0340960158273,3668.0340960158273,3615.9120960158275,-104.66399999999878,SL,17
2025-09-18 08:15:00+00:00,2025-09-18 08:45:00+00:00,-1,10.0,3655.1254366005996,3665.7294366005995,3665.7294366005995,3633.9174366006,-106.73999999999815,SL,2
2025-09-18 09:15:00+00:00,2025-09-18 13:15:00+00:00,1,9.0,3667.393752418092,3655.462752418092,3655.462752418092,3691.2557524180916,-108.00900000000036,SL,16
2025-09-18 14:00:00+00:00,2025-09-19 02:30:00+00:00,-1,8.0,3641.996747692829,3645.6435971006467,3655.533747692829,3614.922747692829,-29.73479526254101,TIME,50
2025-09-19 10:15:00+00:00,2025-09-19 11:15:00+00:00,1,13.0,3658.6288187541218,3650.703818754122,3650.703818754122,3674.4788187541217,-103.93499999999645,SL,4
2025-09-19 12:45:00+00:00,2025-09-19 13:15:00+00:00,-1,16.0,3647.3874353105925,3654.0224353105923,3654.0224353105923,3634.117435310593,-107.27999999999622,SL,2
2025-09-19 14:15:00+00:00,2025-09-19 17:45:00+00:00,1,12.0,3660.4707733900304,3678.53077339003,3651.4407733900307,3678.53077339003,215.87999999999388,TP,14
2025-09-19 17:45:00+00:00,2025-09-22 01:00:00+00:00,1,10.0,3673.1821968400172,3693.006196840017,3663.2701968400174,3693.006196840017,197.53999999999616,TP,29
2025-09-22 08:15:00+00:00,2025-09-22 15:45:00+00:00,1,12.0,3717.2367778610756,3735.206777861076,3708.2517778610754,3735.206777861076,214.80000000000305,TP,30
2025-09-22 15:45:00+00:00,2025-09-23 01:15:00+00:00,1,9.0,3733.112313939118,3755.824313939118,3721.7563139391177,3755.824313939118,203.7779999999999,TP,38
2025-09-23 08:15:00+00:00,2025-09-23 08:45:00+00:00,1,13.0,3754.9645759243417,3771.7765759243416,3746.5585759243418,3771.7765759243416,217.64599999999868,TP,2
2025-09-23 08:45:00+00:00,2025-09-23 09:15:00+00:00,1,12.0,3770.1780266332235,3789.2800266332233,3760.6270266332235,3789.2800266332233,228.38399999999834,TP,2
2025-09-23 09:15:00+00:00,2025-09-23 14:15:00+00:00,1,10.0,3784.0848616132394,3773.2528616132395,3773.2528616132395,3805.748861613239,-109.0199999999988,SL,20
2025-09-23 16:30:00+00:00,2025-09-24 05:00:00+00:00,-1,9.0,3775.371216239852,3768.17699723497,3788.419216239852,3749.275216239852,64.11797104393929,TIME,50
2025-09-24 08:15:00+00:00,2025-09-24 09:30:00+00:00,1,14.000000000000002,3772.566122862298,3764.5291228622978,3764.5291228622978,3788.640122862298,-113.49800000000369,SL,5
2025-09-24 10:30:00+00:00,2025-09-24 13:15:00+00:00,-1,13.0,3763.9271503808673,3772.4301503808674,3772.4301503808674,3746.921150380867,-111.44900000000203,SL,11
2025-09-24 14:00:00+00:00,2025-09-24 15:45:00+00:00,-1,11.0,3761.1894517459964,3741.1294517459964,3771.2194517459966,3741.1294517459964,219.8899999999994,TP,7
2025-09-24 15:45:00+00:00,2025-09-24 19:00:00+00:00,-1,9.0,3745.5919286870635,3722.0199286870634,3757.3779286870636,3722.0199286870634,211.51800000000105,TP,13
2025-09-24 19:00:00+00:00,2025-09-24 20:30:00+00:00,-1,10.0,3724.2489154963023,3735.8099154963024,3735.8099154963024,3701.1269154963024,-116.3100000000015,SL,6
2025-09-24 20:30:00+00:00,2025-09-24 22:15:00+00:00,-1,11.0,3731.8916789881214,3742.0496789881213,3742.0496789881213,3711.575678988121,-112.50799999999892,SL,7
2025-09-25 08:15:00+00:00,2025-09-25 11:00:00+00:00,1,11.0,3757.449483577573,3747.226483577573,3747.226483577573,3777.8954835775735,-113.22299999999952,SL,11
2025-09-25 11:00:00+00:00,2025-09-25 11:15:00+00:00,1,10.0,3757.1236266412575,3745.8656266412577,3745.8656266412577,3779.6396266412576,-113.27999999999811,SL,1
2025-09-25 13:00:00+00:00,2025-09-25 18:30:00+00:00,-1,8.0,3738.6783183352313,3751.7413183352314,3751.7413183352314,3712.552318335231,-105.06400000000082,SL,22
2025-09-25 18:45:00+00:00,2025-09-25 23:15:00+00:00,1,7.000000000000001,3755.442624018397,3740.663624018397,3740.663624018397,3785.000624018397,-103.94299999999998,SL,18
2025-09-26 08:15:00+00:00,2025-09-26 13:15:00+00:00,1,13.0,3748.6608349355142,3765.6688349355145,3740.1568349355143,3765.6688349355145,220.19400000000346,TP,20
2025-09-26 13:30:00+00:00,2025-09-26 14:15:00+00:00,1,11.0,3757.5849139804886,3778.3589139804885,3747.197913980489,3778.3589139804885,227.74399999999875,TP,3
2025-09-26 14:15:00+00:00,2025-09-26 20:30:00+00:00,1,9.0,3772.167414100663,3766.1123770883933,3759.6894141006633,3797.1234141006626,-55.1253331104266,SIGNAL_REVERSE,25
2025-09-26 20:30:00+00:00,2025-09-29 00:15:00+00:00,-1,12.0,3766.114074410613,3775.4570744106127,3775.4570744106127,3747.4280744106127,-112.95599999999817,SL,15
2025-09-29 08:15:00+00:00,2025-09-29 20:45:00+00:00,1,8.0,3815.9005401950208,3830.338866407636,3802.1505401950208,3843.4005401950203,114.94660970092212,TIME,50
2025-09-29 21:15:00+00:00,2025-09-30 01:15:00+00:00,1,15.0,3830.382259615729,3845.918259615729,3822.6142596157288,3845.918259615729,231.99000000000086,TP,16
2025-10-14 17:00:00+00:00,2025-10-15 03:45:00+00:00,1,4.0,4139.73835445926,4190.842354459261,4114.186354459261,4190.842354459261,204.13600000000108,TP,43
2025-10-15 08:15:00+00:00,2025-10-15 09:15:00+00:00,1,8.0,4212.855122568019,4198.25512256802,4198.25512256802,4242.055122568019,-117.35999999999564,SL,4
2025-10-15 09:15:00+00:00,2025-10-15 12:15:00+00:00,1,6.0,4202.881322295371,4184.706322295371,4184.706322295371,4239.231322295372,-109.4700000000011,SL,12
2025-10-15 12:45:00+00:00,2025-10-15 14:00:00+00:00,-1,5.0,4185.285013045075,4206.636013045076,4206.636013045076,4142.583013045075,-107.10500000000283,SL,5
2025-10-15 19:45:00+00:00,2025-10-16 03:00:00+00:00,1,6.0,4206.217945493538,4240.769945493538,4188.941945493538,4240.769945493538,206.89200000000355,TP,29
2025-10-16 10:15:00+00:00,2025-10-16 15:00:00+00:00,1,7.000000000000001,4238.856839344525,4271.470839344525,4222.549839344524,4271.470839344525,227.80800000000343,TP,19
2025-10-16 15:00:00+00:00,2025-10-16 19:45:00+00:00,1,6.0,4263.237817669579,4302.7338176695785,4243.48981766958,4302.7338176695785,236.55599999999512,TP,19
2025-10-16 19:45:00+00:00,2025-10-16 22:00:00+00:00,1,5.0,4296.359254154749,4340.983254154748,4274.047254154749,4340.983254154748,222.76999999999444,TP,9
2025-10-17 09:30:00+00:00,2025-10-17 13:30:00+00:00,-1,3.0,4335.42249087071,4272.384490870711,4366.94149087071,4272.384490870711,188.90399999999866,TP,16
2025-10-17 13:30:00+00:00,2025-10-17 14:00:00+00:00,-1,3.0,4316.1415303997455,4247.159530399746,4350.6325303997455,4247.159530399746,206.7359999999999,TP,2
2025-10-17 14:00:00+00:00,2025-10-17 17:00:00+00:00,-1,3.0,4273.788617932614,4192.456617932614,4314.454617932614,4192.456617932614,243.786000000001,TP,12
2025-10-17 17:00:00+00:00,2025-10-19 22:00:00+00:00,-1,2.0,4205.3915497201315,4253.179549720132,4253.179549720132,4109.8155497201315,-95.71600000000093,SL,20
2025-10-20 11:45:00+00:00,2025-10-20 12:15:00+00:00,1,7.000000000000001,4263.828960589449,4298.632960589449,4246.426960589449,4298.632960589449,243.13800000000063,TP,2
2025-10-20 12:15:00+00:00,2025-10-20 12:30:00+00:00,1,7.000000000000001,4280.845400312628,4316.369400312628,4263.083400312628,4316.369400312628,248.1780000000024,TP,1
2025-10-20 12:30:00+00:00,2025-10-20 14:15:00+00:00,1,6.0,4292.984179425017,4332.918179425017,4273.017179425017,4332.918179425017,239.1840000000012,TP,7
2025-10-20 14:15:00+00:00,2025-10-20 19:30:00+00:00,1,5.0,4316.2390688596,4368.4410688596,4290.1380688596,4368.4410688596,260.6600000000011,TP,21
2025-10-20 19:30:00+00:00,2025-10-20 20:15:00+00:00,1,8.0,4366.928281435161,4351.669281435161,4351.669281435161,4397.446281435161,-122.63200000000012,SL,3
2025-10-20 20:15:00+00:00,2025-10-21 01:30:00+00:00,1,8.0,4360.065864841963,4343.668864841963,4343.668864841963,4392.859864841963,-131.73599999999948,SL,21
2025-10-21 08:30:00+00:00,2025-10-21 12:45:00+00:00,-1,4.0,4266.968658167845,4212.262658167845,4294.321658167845,4212.262658167845,218.54400000000052,TP,17
2025-10-21 12:45:00+00:00,2025-10-21 14:15:00+00:00,-1,3.0,4218.136361750497,4148.0063617504975,4253.201361750496,4148.0063617504975,210.1799999999976,TP,6
2025-10-21 14:15:00+00:00,2025-10-21 14:30:00+00:00,-1,3.0,4181.824588467999,4102.246588468,4221.613588467999,4102.246588468,238.52399999999855,TP,1
2025-10-21 15:15:00+00:00,2025-10-22 00:00:00+00:00,-1,2.0,4140.9735472753255,4041.065547275326,4190.927547275325,4041.065547275326,199.6759999999989,TP,35
2025-10-22 09:00:00+00:00,2025-10-22 18:30:00+00:00,-1,3.0,4070.3835361017113,4073.8610227485533,4107.464536101711,3996.221536101711,-10.64245994052586,SIGNAL_REVERSE,38
2025-10-22 18:30:00+00:00,2025-10-23 07:00:00+00:00,1,3.0,4073.864212305027,4113.6406223163285,4037.957212305027,4145.678212305027,119.11923003390397,TIME,50
2025-10-23 08:15:00+00:00,2025-10-23 19:45:00+00:00,1,6.0,4111.058438064482,4119.807341593144,4088.495438064482,4156.1844380644825,52.07342117197011,SIGNAL_REVERSE,46
2025-10-23 19:45:00+00:00,2025-10-24 01:00:00+00:00,-1,7.000000000000001,4119.807574309382,4137.669574309382,4137.669574309382,4084.0835743093826,-125.52400000000057,SL,21
2025-10-24 08:15:00+00:00,2025-10-24 12:30:00+00:00,-1,6.0,4054.3825324386075,4075.112532438607,4075.112532438607,4012.922532438608,-124.79999999999738,SL,17
2025-10-24 12:30:00+00:00,2025-10-24 13:00:00+00:00,-1,5.0,4061.6133917363773,4085.530391736377,4085.530391736377,4013.7793917363774,-119.93499999999958,SL,2
2025-10-24 13:30:00+00:00,2025-10-24 20:00:00+00:00,1,5.0,4113.888578100325,4104.327243966078,4088.9025781003247,4163.860578100324,-48.156670671234316,SIGNAL_REVERSE,26
2025-10-24 20:00:00+00:00,2025-10-26 22:00:00+00:00,-1,7.000000000000001,4104.3280493661005,4068.4240493661005,4122.280049366101,4068.4240493661005,250.838,TP,8
2025-10-27 08:45:00+00:00,2025-10-27 11:30:00+00:00,-1,7.000000000000001,4058.9083414629363,4019.588341462936,4078.568341462936,4019.588341462936,274.7500000000012,TP,11
2025-10-27 11:30:00+00:00,2025-10-27 15:00:00+00:00,-1,5.0,4030.2967057143987,3983.040705714399,4053.924705714399,3983.040705714399,235.9299999999993,TP,14
2025-10-27 15:00:00+00:00,2025-10-28 01:00:00+00:00,-1,5.0,3988.0722286968767,4016.2972286968766,4016.2972286968766,3931.622228696877,-141.47499999999954,SL,40
2025-10-28 08:15:00+00:00,2025-10-28 14:15:00+00:00,-1,6.0,3921.8416031627457,3945.3366031627456,3945.3366031627456,3874.8516031627455,-141.38999999999933,SL,24
2025-10-28 14:15:00+00:00,2025-10-29 02:45:00+00:00,1,5.0,3939.325423394506,3954.126312542242,3914.690423394506,3988.595423394506,73.65444573868072,TIME,50
2025-10-29 08:15:00+00:00,2025-10-29 15:15:00+00:00,1,7.000000000000001,4007.150824297349,4009.522018777081,3987.563824297349,4046.324824297349,16.10836135812339,SIGNAL_REVERSE,28
2025-10-29 15:15:00+00:00,2025-10-29 18:30:00+00:00,-1,8.0,4009.5243058346855,3973.8423058346852,4027.365305834686,3973.8423058346852,284.89600000000195,TP,13
2025-10-29 18:30:00+00:00,2025-10-29 19:30:00+00:00,-1,6.0,3981.1577659049685,3934.957765904968,4004.257765904969,3934.957765904968,276.78000000000435,TP,4
2025-10-29 19:30:00+00:00,2025-10-30 04:30:00+00:00,-1,4.0,3953.1775126248044,3982.4055126248045,3982.4055126248045,3894.721512624804,-117.19200000000026,SL,36
2025-10-30 08:15:00+00:00,2025-10-30 17:45:00+00:00,1,5.0,3966.041661786521,4016.003661786521,3941.0606617865215,4016.003661786521,249.45999999999995,TP,38
2025-10-30 17:45:00+00:00,2025-10-31 06:15:00+00:00,1,6.0,4010.3970378097097,4009.635867839415,3986.3630378097096,4058.46503780971,-4.987019821768554,TIME,50
2025-10-31 08:15:00+00:00,2025-10-31 09:15:00+00:00,1,8.0,4023.16253158019,4005.87553158019,4005.87553158019,4057.73653158019,-138.85599999999846,SL,4
2025-10-31 13:00:00+00:00,2025-10-31 16:00:00+00:00,1,8.0,4023.1615775632354,4005.4915775632353,4005.4915775632353,4058.501577563235,-141.92000000000058,SL,12
2025-10-31 16:30:00+00:00,2025-10-31 18:15:00+00:00,-1,6.0,3985.5784905607657,4009.8234905607655,4009.8234905607655,3937.088490560766,-145.88999999999933,SL,7
2025-10-31 18:15:00+00:00,2025-11-03 07:45:00+00:00,-1,6.0,4006.4759564229994,4022.074283071331,4029.8819564229993,3959.6639564229995,-94.0099598899905,TIME,50
2025-11-03 08:15:00+00:00,2025-11-03 09:15:00+00:00,1,10.0,4021.69095637418,4007.65695637418,4007.65695637418,4049.7589563741803,-141.04000000000104,SL,4
2025-11-03 09:15:00+00:00,2025-11-03 09:30:00+00:00,1,9.0,4021.8391666941097,4006.6741666941098,4006.6741666941098,4052.16916669411,-137.11499999999967,SL,1
2025-11-03 10:30:00+00:00,2025-11-03 13:00:00+00:00,-1,8.0,3997.7713626602044,4013.8543626602045,4013.8543626602045,3965.6053626602043,-129.22400000000067,SL,10
2025-11-03 14:15:00+00:00,2025-11-03 14:30:00+00:00,1,9.0,4016.153190788411,4001.885190788411,4001.885190788411,4044.6891907884105,-129.04200000000026,SL,1
2025-11-03 15:00:00+00:00,2025-11-03 15:15:00+00:00,1,9.0,4022.721446053398,4008.516446053398,4008.516446053398,4051.1314460533977,-128.47499999999934,SL,1
2025-11-03 15:15:00+00:00,2025-11-03 15:30:00+00:00,1,8.0,4026.4257726603023,4010.6537726603024,4010.6537726603024,4057.969772660302,-126.73599999999948,SL,1
2025-11-03 15:30:00+00:00,2025-11-03 18:30:00+00:00,1,8.0,4011.07642186013,4001.265998141049,3994.30042186013,4044.62842186013,-79.04338975264778,SIGNAL_REVERSE,12
2025-11-03 18:30:00+00:00,2025-11-04 07:00:00+00:00,-1,7.000000000000001,4001.266155018519,3985.204518324487,4020.175155018519,3963.4481550185187,111.94145685822494,TIME,50
2025-11-04 08:45:00+00:00,2025-11-04 12:30:00+00:00,1,9.0,3999.2292785096733,3984.648278509673,3984.648278509673,4028.3912785096736,-131.85900000000117,SL,15
2025-11-04 13:45:00+00:00,2025-11-04 14:30:00+00:00,-1,9.0,3980.0571593909235,3950.6511593909236,3994.7601593909235,3950.6511593909236,264.02399999999955,TP,3
2025-11-04 14:30:00+00:00,2025-11-04 16:15:00+00:00,-1,7.000000000000001,3951.236717749727,3970.740717749727,3970.740717749727,3912.2287177497274,-137.01799999999938,SL,7
2025-11-04 16:15:00+00:00,2025-11-05 04:45:00+00:00,-1,5.0,3963.771843030942,3971.306453377112,3989.659843030942,3911.995843030942,-38.02305173085106,TIME,50
2025-11-05 08:15:00+00:00,2025-11-05 09:15:00+00:00,1,10.0,3982.154970263616,3968.400970263616,3968.400970263616,4009.6629702636164,-138.2400000000036,SL,4
2025-11-05 09:15:00+00:00,2025-11-05 10:00:00+00:00,1,9.0,3975.5153021920373,3961.179302192037,3961.179302192037,4004.1873021920374,-129.65400000000216,SL,3
2025-11-05 10:00:00+00:00,2025-11-05 11:30:00+00:00,1,9.0,3971.9309733591867,3958.1084978772583,3956.8239733591868,4002.1449733591867,-125.03227933735604,SIGNAL_REVERSE,6
2025-11-05 11:30:00+00:00,2025-11-05 13:00:00+00:00,-1,9.0,3958.1081821065804,3972.6971821065804,3972.6971821065804,3928.9301821065806,-131.93099999999947,SL,6
2025-11-05 14:30:00+00:00,2025-11-05 15:00:00+00:00,1,9.0,3983.85755627744,3969.17255627744,3969.17255627744,4013.22755627744,-132.7949999999995,SL,2
2025-11-05 15:00:00+00:00,2025-11-06 03:30:00+00:00,1,8.0,3967.2622157924425,3986.0028360043675,3952.2462157924424,3997.2942157924426,149.36496169540027,TIME,50
2025-11-06 08:15:00+00:00,2025-11-06 14:15:00+00:00,1,13.0,4009.253290382557,3999.1602903825574,3999.1602903825574,4029.4392903825574,-132.118999999998,SL,24
2025-11-06 14:45:00+00:00,2025-11-06 17:15:00+00:00,-1,9.0,3998.0528088332594,3970.752808833259,4011.7028088332595,3970.752808833259,245.07000000000164,TP,10
2025-11-06 17:15:00+00:00,2025-11-07 01:00:00+00:00,-1,7.000000000000001,3978.5880329397096,3996.6080329397096,3996.6080329397096,3942.5480329397096,-126.62999999999988,SL,31
2025-11-07 08:15:00+00:00,2025-11-07 11:15:00+00:00,1,13.0,4009.6828341348582,3999.351834134858,3999.351834134858,4030.344834134858,-135.2130000000017,SL,12
2025-11-07 12:45:00+00:00,2025-11-07 16:15:00+00:00,-1,11.0,3996.4031105424956,4008.1201105424957,4008.1201105424957,3972.9691105424954,-129.6570000000011,SL,14
2025-11-07 19:30:00+00:00,2025-11-10 01:15:00+00:00,1,7.000000000000001,4006.457379864876,4042.375379864876,3988.4983798648764,4042.375379864876,250.93599999999768,TP,23
2025-11-10 08:15:00+00:00,2025-11-10 13:00:00+00:00,1,11.0,4079.2827910373876,4102.314791037387,4067.7667910373875,4102.314791037387,252.58199999999667,TP,19
2025-11-10 13:00:00+00:00,2025-11-10 14:00:00+00:00,1,10.0,4097.735859989717,4085.477859989717,4085.477859989717,4122.251859989718,-123.27999999999811,SL,4
2025-11-10 14:00:00+00:00,2025-11-10 14:30:00+00:00,1,10.0,4091.6569076095243,4078.818907609524,4078.818907609524,4117.332907609524,-129.08000000000192,SL,2
2025-11-10 14:30:00+00:00,2025-11-10 18:15:00+00:00,1,10.0,4086.4295553090615,4112.497555309062,4073.3955553090614,4112.497555309062,259.9800000000021,TP,15
2025-11-10 18:15:00+00:00,2025-11-11 01:00:00+00:00,1,9.0,4104.744301819288,4134.660301819288,4089.786301819288,4134.660301819288,268.6140000000015,TP,27
2025-11-11 08:45:00+00:00,2025-11-11 09:30:00+00:00,-1,10.0,4132.119381221651,4145.284381221651,4145.284381221651,4105.789381221651,-132.34999999999962,SL,3
2025-11-11 10:45:00+00:00,2025-11-11 14:30:00+00:00,1,11.0,4139.498876778482,4127.883876778482,4127.883876778482,4162.728876778481,-128.5349999999976,SL,15
2025-11-11 14:45:00+00:00,2025-11-11 15:15:00+00:00,-1,10.0,4132.585216297777,4107.289216297777,4145.233216297777,4107.289216297777,252.26000000000278,TP,2
2025-11-11 15:15:00+00:00,2025-11-11 20:45:00+00:00,-1,9.0,4121.060362886938,4129.5893373497365,4136.106362886938,4090.9683628869375,-77.39077016519047,SIGNAL_REVERSE,22
2025-11-11 20:45:00+00:00,2025-11-12 03:00:00+00:00,1,12.0,4129.589116443169,4118.736116443169,4118.736116443169,4151.295116443169,-131.0760000000008,SL,25
2025-11-12 08:45:00+00:00,2025-11-12 15:00:00+00:00,1,9.0,4128.508121800726,4157.092121800727,4114.216121800726,4157.092121800727,256.6260000000067,TP,25
2025-11-12 15:00:00+00:00,2025-11-12 15:15:00+00:00,1,8.0,4136.458256948097,4170.354256948097,4119.510256948097,4170.354256948097,270.60799999999784,TP,1
2025-11-12 15:15:00+00:00,2025-11-12 16:45:00+00:00,1,7.000000000000001,4161.9118783706,4196.7318783706,4144.5018783706,4196.7318783706,243.24999999999798,TP,6
2025-11-12 16:45:00+00:00,2025-11-13 05:15:00+00:00,1,7.000000000000001,4193.345408355974,4217.3381818327425,4173.573408355974,4232.8894083559735,167.45941433738224,TIME,50
2025-11-13 08:15:00+00:00,2025-11-13 14:00:00+00:00,1,9.0,4229.567012044982,4214.202012044982,4214.202012044982,4260.297012044983,-138.91499999999803,SL,23
2025-11-13 14:45:00+00:00,2025-11-13 16:00:00+00:00,-1,6.0,4187.731157919968,4210.639157919968,4210.639157919968,4141.915157919968,-137.86800000000213,SL,5
2025-11-13 16:00:00+00:00,2025-11-13 18:30:00+00:00,-1,5.0,4202.663534610274,4152.305534610275,4227.842534610274,4152.305534610275,251.43999999999633,TP,10
2025-11-13 18:30:00+00:00,2025-11-14 07:00:00+00:00,-1,4.0,4189.969472489559,4175.092293504449,4219.640472489559,4130.627472489559,59.22871594043929,TIME,50
2025-11-14 08:15:00+00:00,2025-11-14 11:45:00+00:00,-1,8.0,4174.3214534442395,4138.683453444239,4192.14045344424,4138.683453444239,284.54400000000663,TP,14
2025-11-14 11:45:00+00:00,2025-11-14 12:15:00+00:00,-1,6.0,4153.713365834224,4111.469365834223,4174.835365834224,4111.469365834223,253.0440000000036,TP,2
2025-11-14 12:15:00+00:00,2025-11-14 13:15:00+00:00,-1,6.0,4126.13273494418,4081.6587349441797,4148.36973494418,4081.6587349441797,266.42400000000094,TP,4
2025-11-14 13:15:00+00:00,2025-11-14 19:00:00+00:00,-1,5.0,4086.236818870815,4098.117676487352,4113.887818870815,4030.9348188708154,-59.7542880826828,SIGNAL_REVERSE,23
2025-11-14 19:00:00+00:00,2025-11-17 05:15:00+00:00,1,5.0,4098.122747025931,4068.498747025931,4068.498747025931,4157.3707470259305,-148.46999999999898,SL,41
2025-11-17 09:45:00+00:00,2025-11-17 10:45:00+00:00,1,8.0,4086.188311994068,4068.902311994068,4068.902311994068,4120.760311994068,-138.84800000000047,SL,4
2025-11-17 10:45:00+00:00,2025-11-17 11:00:00+00:00,1,8.0,4079.4468873255432,4062.9028873255434,4062.9028873255434,4112.534887325543,-132.91199999999895,SL,1
2025-11-17 16:15:00+00:00,2025-11-17 19:30:00+00:00,-1,6.0,4061.377726914404,4016.333726914404,4083.899726914404,4016.333726914404,269.8439999999992,TP,13
2025-11-17 19:30:00+00:00,2025-11-17 19:45:00+00:00,-1,7.000000000000001,4056.180314549705,4014.7343145497052,4076.903314549705,4014.7343145497052,289.63199999999944,TP,1
2025-11-17 19:45:00+00:00,2025-11-17 20:45:00+00:00,-1,6.0,4019.3546872274874,4040.748687227487,4040.748687227487,3976.5666872274874,-128.78399999999866,SL,4
2025-11-17 20:45:00+00:00,2025-11-17 23:00:00+00:00,-1,7.000000000000001,4029.8454005758067,4051.283400575807,4051.283400575807,3986.969400575807,-150.55600000000075,SL,9
2025-11-18 09:00:00+00:00,2025-11-18 14:00:00+00:00,1,7.000000000000001,4036.526477534451,4075.0664775344508,4017.256477534451,4075.0664775344508,269.2899999999998,TP,20
2025-11-18 14:00:00+00:00,2025-11-18 16:00:00+00:00,1,8.0,4065.2385340697642,4047.572534069764,4047.572534069764,4100.570534069764,-141.88800000000134,SL,8
2025-11-18 16:00:00+00:00,2025-11-19 04:30:00+00:00,1,6.0,4052.94884794635,4074.2001057010075,4030.30384794635,4098.23884794635,127.08754652794603,TIME,50
2025-11-19 08:15:00+00:00,2025-11-19 09:45:00+00:00,1,10.0,4082.102854440223,4111.0228544402225,4067.642854440223,4111.0228544402225,288.4999999999962,TP,6
2025-11-19 09:45:00+00:00,2025-11-19 15:15:00+00:00,1,8.0,4098.605060902797,4132.155060902797,4081.830060902797,4132.155060902797,267.84000000000145,TP,22
2025-11-19 15:15:00+00:00,2025-11-19 15:30:00+00:00,1,8.0,4129.994324720514,4111.356324720514,4111.356324720514,4167.270324720514,-149.66399999999936,SL,1
2025-11-19 15:30:00+00:00,2025-11-19 15:45:00+00:00,1,7.000000000000001,4116.411459894603,4096.978459894603,4096.978459894603,4155.2774598946025,-136.521,SL,1
2025-11-19 16:30:00+00:00,2025-11-19 23:30:00+00:00,-1,6.0,4074.1554935112085,4098.203493511209,4098.203493511209,4026.0594935112085,-144.70800000000136,SL,28
2025-12-04 08:15:00+00:00,2025-12-04 10:30:00+00:00,-1,12.0,4191.216826104625,4199.274278382181,4203.445826104626,4166.758826104625,-97.52942733067161,SIGNAL_REVERSE,9
2025-12-04 10:30:00+00:00,2025-12-04 13:00:00+00:00,1,13.0,4199.27101000551,4187.6610100055095,4187.6610100055095,4222.491010005511,-151.84000000000756,SL,10
2025-12-04 14:30:00+00:00,2025-12-04 15:00:00+00:00,1,10.0,4207.958573089829,4193.286573089828,4193.286573089828,4237.30257308983,-147.4200000000048,SL,2
2025-12-04 15:45:00+00:00,2025-12-05 04:15:00+00:00,1,9.0,4206.819429140632,4213.508419676896,4190.432429140631,4239.593429140633,59.5709148263769,TIME,50
2025-12-05 08:15:00+00:00,2025-12-05 14:45:00+00:00,1,16.0,4223.179269318598,4241.721269318598,4213.908269318598,4241.721269318598,295.55200000000593,TP,26
2025-12-05 14:45:00+00:00,2025-12-05 16:00:00+00:00,1,12.0,4236.352316727835,4224.536316727836,4224.536316727836,4259.984316727835,-142.63199999999765,SL,5
2025-12-05 16:00:00+00:00,2025-12-05 16:15:00+00:00,1,7.000000000000001,4243.835918480161,4224.265918480161,4224.265918480161,4282.9759184801605,-137.479999999998,SL,1
2025-12-05 17:15:00+00:00,2025-12-08 05:45:00+00:00,-1,6.0,4214.81670013351,4214.667041886396,4237.251700133509,4169.946700133511,0.4779494826817245,TIME,50
2025-12-08 10:45:00+00:00,2025-12-08 15:00:00+00:00,-1,13.0,4206.1955605239045,4184.801560523904,4216.892560523905,4184.801560523904,277.212000000003,TP,17
2025-12-08 15:00:00+00:00,2025-12-09 03:30:00+00:00,-1,10.0,4196.513444542,4197.796291641961,4211.375444542,4166.789444542001,-13.528470999611454,TIME,50
2025-12-09 08:15:00+00:00,2025-12-09 09:00:00+00:00,-1,15.0,4188.276881238894,4198.257881238894,4198.257881238894,4168.3148812388945,-150.76499999999652,SL,3
2025-12-09 09:30:00+00:00,2025-12-09 14:00:00+00:00,1,12.0,4207.133187018277,4195.240187018277,4195.240187018277,4230.919187018277,-143.55600000000035,SL,18
2025-12-09 16:15:00+00:00,2025-12-09 17:45:00+00:00,1,9.0,4218.4923875941995,4202.298387594199,4202.298387594199,4250.880387594199,-146.37600000000373,SL,6
2025-12-10 08:15:00+00:00,2025-12-10 19:00:00+00:00,-1,18.0,4202.495394695361,4210.636394695361,4210.636394695361,4186.213394695362,-147.79799999999318,SL,43
2025-12-10 20:15:00+00:00,2025-12-11 03:00:00+00:00,1,6.0,4235.297705396287,4214.048705396287,4214.048705396287,4277.795705396286,-127.91399999999878,SL,27
2025-12-11 08:15:00+00:00,2025-12-11 10:00:00+00:00,-1,14.000000000000002,4215.24673351261,4225.029733512611,4225.029733512611,4195.68073351261,-137.942000000005,SL,7
2025-12-11 14:30:00+00:00,2025-12-11 15:45:00+00:00,1,10.0,4231.3885204053,4258.4665204053,4217.849520405301,4258.4665204053,270.0799999999952,TP,5
2025-12-11 15:45:00+00:00,2025-12-12 04:15:00+00:00,1,8.0,4254.6103739862565,4268.8505439997025,4237.299373986257,4289.232373986256,113.36136010756803,TIME,50
2025-12-12 08:15:00+00:00,2025-12-12 09:00:00+00:00,1,17.0,4293.495058500227,4310.429058500226,4285.028058500227,4310.429058500226,286.6879999999879,TP,3
2025-12-12 09:00:00+00:00,2025-12-12 10:45:00+00:00,1,14.000000000000002,4308.170744621935,4328.918744621935,4297.796744621935,4328.918744621935,289.49199999999433,TP,7
2025-12-12 10:45:00+00:00,2025-12-12 14:45:00+00:00,1,11.0,4327.842475058877,4352.912475058877,4315.307475058878,4352.912475058877,274.9999999999968,TP,16
2025-12-12 14:45:00+00:00,2025-12-12 15:15:00+00:00,1,9.0,4339.846745523836,4322.992745523836,4322.992745523836,4373.554745523836,-152.31600000000242,SL,2
2025-12-12 15:15:00+00:00,2025-12-12 15:30:00+00:00,1,7.000000000000001,4343.374316558619,4321.896316558619,4321.896316558619,4386.330316558619,-150.8360000000005,SL,1
2025-12-12 16:15:00+00:00,2025-12-15 01:15:00+00:00,-1,5.0,4286.169696004605,4314.526696004605,4314.526696004605,4229.455696004605,-142.13499999999985,SL,36
2025-12-15 08:15:00+00:00,2025-12-15 13:45:00+00:00,1,15.0,4342.8267824600325,4332.947782460033,4332.947782460033,4362.584782460032,-149.2349999999986,SL,22
2025-12-15 14:15:00+00:00,2025-12-15 16:00:00+00:00,-1,12.0,4328.92854052429,4304.910540524289,4340.93754052429,4304.910540524289,287.3760000000113,TP,7
2025-12-15 16:00:00+00:00,2025-12-16 03:00:00+00:00,-1,8.0,4318.353080772915,4280.993080772914,4337.033080772915,4280.993080772914,298.32000000000465,TP,44
2025-12-16 08:15:00+00:00,2025-12-16 12:45:00+00:00,-1,12.0,4281.464364666516,4293.940364666516,4293.940364666516,4256.512364666516,-150.5519999999959,SL,18
2025-12-16 13:00:00+00:00,2025-12-16 14:00:00+00:00,1,14.000000000000002,4294.681853152424,4316.137853152424,4283.953853152424,4316.137853152424,299.4040000000019,TP,4
2025-12-16 14:00:00+00:00,2025-12-16 16:30:00+00:00,1,11.0,4313.176106948833,4300.423106948833,4300.423106948833,4338.682106948833,-141.05299999999673,SL,10
2025-12-16 16:30:00+00:00,2025-12-17 05:00:00+00:00,1,7.000000000000001,4307.7260621744845,4329.667600564368,4288.037062174484,4347.104062174484,153.10076872918196,TIME,50
2025-12-17 08:30:00+00:00,2025-12-17 13:15:00+00:00,-1,11.0,4316.254447977668,4329.289447977668,4329.289447977668,4290.184447977668,-144.1549999999984,SL,19
2025-12-17 13:45:00+00:00,2025-12-17 14:15:00+00:00,1,12.0,4338.593097691791,4326.000097691791,4326.000097691791,4363.77909769179,-151.95599999999817,SL,2
2025-12-17 14:15:00+00:00,2025-12-18 02:45:00+00:00,1,10.0,4327.5429614875875,4333.853586065718,4313.337961487588,4355.952961487587,62.40624578130955,TIME,50
2025-12-18 08:45:00+00:00,2025-12-18 13:30:00+00:00,-1,17.0,4328.569816193527,4337.206816193527,4337.206816193527,4311.295816193528,-148.01899999999517,SL,19
2025-12-18 13:30:00+00:00,2025-12-18 13:45:00+00:00,-1,14.000000000000002,4320.804033745089,4331.509033745089,4331.509033745089,4299.394033745089,-150.849999999999,SL,1
2025-12-18 14:15:00+00:00,2025-12-18 14:30:00+00:00,1,13.0,4336.371325712199,4324.975325712198,4324.975325712198,4359.163325712199,-149.05800000000832,SL,1
2025-12-18 14:30:00+00:00,2025-12-18 14:45:00+00:00,1,10.0,4332.87562930013,4319.0666293001295,4319.0666293001295,4360.49362930013,-138.79000000000195,SL,1
2025-12-18 16:00:00+00:00,2025-12-19 01:15:00+00:00,1,7.000000000000001,4338.034444808563,4317.618444808563,4317.618444808563,4378.866444808564,-143.4020000000012,SL,37
2025-12-29 08:15:00+00:00,2025-12-29 11:30:00+00:00,-1,7.000000000000001,4483.862922692646,4442.138922692646,4504.724922692646,4442.138922692646,291.57800000000117,TP,13
2025-12-29 11:30:00+00:00,2025-12-29 13:45:00+00:00,-1,6.0,4465.19817105344,4416.59817105344,4489.49817105344,4416.59817105344,291.18000000000217,TP,9
2025-12-29 13:45:00+00:00,2025-12-29 14:30:00+00:00,-1,6.0,4429.423717085756,4383.163717085756,4452.553717085756,4383.163717085756,277.1400000000013,TP,3
2025-12-29 14:30:00+00:00,2025-12-29 15:00:00+00:00,-1,5.0,4389.882904035516,4332.286904035516,4418.680904035516,4332.286904035516,287.6299999999977,TP,2
2025-12-29 15:00:00+00:00,2025-12-30 03:30:00+00:00,-1,4.0,4360.2604905035105,4368.210730961413,4393.59849050351,4293.584490503511,-32.08096183161004,TIME,50
2025-12-30 08:15:00+00:00,2025-12-30 08:30:00+00:00,1,8.0,4370.754988632404,4353.284988632404,4353.284988632404,4405.694988632404,-140.32000000000204,SL,1
2025-12-30 10:45:00+00:00,2025-12-30 14:30:00+00:00,1,8.0,4382.865259262282,4364.235259262282,4364.235259262282,4420.125259262282,-149.60000000000088,SL,15
2025-12-30 14:30:00+00:00,2025-12-30 14:45:00+00:00,1,8.0,4390.665003144197,4371.647003144197,4371.647003144197,4428.701003144198,-152.70400000000024,SL,1
2025-12-30 15:45:00+00:00,2025-12-31 04:15:00+00:00,-1,7.000000000000001,4362.371496329053,4348.288661563679,4384.044496329053,4319.025496329053,98.08984335761923,TIME,50
2025-12-31 08:15:00+00:00,2025-12-31 14:15:00+00:00,-1,5.0,4322.976161627638,4340.234125825477,4348.759161627639,4271.410161627638,-86.6398209891955,SIGNAL_REVERSE,24
2025-12-31 14:15:00+00:00,2025-12-31 16:30:00+00:00,1,7.000000000000001,4340.233805249764,4319.485805249765,4319.485805249765,4381.729805249764,-145.72599999999719,SL,9
2025-12-31 16:30:00+00:00,2025-12-31 19:15:00+00:00,1,6.0,4325.7864317875055,4317.810878951648,4302.425431787506,4372.508431787504,-48.27331701514406,SIGNAL_REVERSE,11
2025-12-31 19:15:00+00:00,2026-01-01 23:15:00+00:00,-1,7.000000000000001,4317.807541148377,4337.449541148377,4337.449541148377,4278.523541148377,-137.98399999999882,SL,8
2026-01-02 08:15:00+00:00,2026-01-02 13:15:00+00:00,1,13.0,4385.018126110678,4374.210126110678,4374.210126110678,4406.634126110678,-141.4139999999999,SL,20
2026-01-02 13:15:00+00:00,2026-01-02 13:30:00+00:00,1,9.0,4399.761632380285,4384.6746323802845,4384.6746323802845,4429.935632380286,-136.413000000004,SL,1
2026-01-02 14:00:00+00:00,2026-01-02 15:15:00+00:00,-1,9.0,4365.302628571368,4332.566628571367,4381.670628571368,4332.566628571367,293.9940000000071,TP,5
2026-01-02 15:15:00+00:00,2026-01-04 23:00:00+00:00,-1,6.0,4340.70176580742,4362.1367658074205,4362.1367658074205,4297.831765807419,-129.0300000000024,SL,31
2026-01-05 08:15:00+00:00,2026-01-05 12:30:00+00:00,1,10.0,4424.263604296493,4409.735604296493,4409.735604296493,4453.319604296494,-145.98000000000246,SL,17
2026-01-05 12:45:00+00:00,2026-01-05 14:00:00+00:00,-1,10.0,4409.922494909639,4424.063494909638,4424.063494909638,4381.640494909639,-142.1099999999962,SL,5
2026-01-05 14:00:00+00:00,2026-01-05 14:45:00+00:00,-1,8.0,4416.865356759131,4434.499356759131,4434.499356759131,4381.597356759131,-141.63200000000012,SL,3
2026-01-05 15:30:00+00:00,2026-01-06 04:00:00+00:00,1,6.0,4444.62806259561,4467.714764718901,4422.34406259561,4489.19606259561,138.1002127397497,TIME,50
2026-01-06 10:15:00+00:00,2026-01-06 13:00:00+00:00,-1,8.0,4449.9924509909615,4466.390450990962,4466.390450990962,4417.196450990962,-131.7440000000011,SL,11
2026-01-06 14:15:00+00:00,2026-01-06 23:15:00+00:00,1,10.0,4471.756712049422,4499.888712049422,4457.6907120494225,4499.888712049422,280.6199999999961,TP,36
2026-01-07 08:15:00+00:00,2026-01-07 13:00:00+00:00,-1,9.0,4465.869931730338,4436.013931730337,4480.797931730338,4436.013931730337,268.0740000000061,TP,19
2026-01-07 13:00:00+00:00,2026-01-07 16:15:00+00:00,-1,9.0,4445.013872839336,4460.570872839336,4460.570872839336,4413.899872839336,-140.6429999999981,SL,13
2026-01-07 17:45:00+00:00,2026-01-08 02:30:00+00:00,1,6.0,4456.971260488773,4433.726260488773,4433.726260488773,4503.461260488773,-139.88999999999933,SL,35
2026-01-08 08:15:00+00:00,2026-01-08 15:00:00+00:00,-1,10.0,4425.896251009294,4440.506251009294,4440.506251009294,4396.676251009294,-146.79999999999671,SL,27
2026-01-08 15:30:00+00:00,2026-01-09 04:00:00+00:00,1,7.000000000000001,4447.698625188818,4464.093315072806,4427.514625188818,4488.066625188819,114.27282918791369,TIME,50
2026-01-09 08:15:00+00:00,2026-01-09 08:45:00+00:00,1,15.0,4474.4790002499585,4464.907000249958,4464.907000249958,4493.623000249959,-144.63000000000176,SL,2
2026-01-09 09:30:00+00:00,2026-01-09 12:30:00+00:00,1,13.0,4474.002859668214,4463.390859668214,4463.390859668214,4495.226859668214,-138.86600000000104,SL,12
2026-01-09 14:00:00+00:00,2026-01-09 15:30:00+00:00,1,9.0,4482.930914876741,4514.720914876741,4467.03591487674,4514.720914876741,285.4799999999997,TP,6
2026-01-09 15:30:00+00:00,2026-01-09 17:45:00+00:00,1,6.0,4505.486011432134,4483.852011432134,4483.852011432134,4548.754011432134,-130.22400000000007,SL,9
2026-01-09 17:45:00+00:00,2026-01-12 00:00:00+00:00,1,5.0,4501.900371871544,4551.508371871544,4477.096371871544,4551.508371871544,247.69000000000088,TP,25
2026-01-12 08:15:00+00:00,2026-01-12 13:15:00+00:00,1,10.0,4583.519680853815,4610.859680853815,4569.849680853815,4610.859680853815,272.70000000000147,TP,20
2026-01-12 13:30:00+00:00,2026-01-12 14:15:00+00:00,1,9.0,4605.018271122561,4589.885271122561,4589.885271122561,4635.284271122561,-136.8269999999983,SL,3
2026-01-12 14:15:00+00:00,2026-01-12 20:45:00+00:00,1,8.0,4596.516101605961,4592.675188880643,4578.479101605961,4632.5901016059615,-31.287301802544388,SIGNAL_REVERSE,26
2026-01-12 20:45:00+00:00,2026-01-13 09:15:00+00:00,-1,9.0,4592.683239566801,4594.126927428908,4608.911239566801,4560.227239566801,-13.623190758965285,TIME,50
2026-01-13 13:30:00+00:00,2026-01-13 14:45:00+00:00,1,10.0,4601.086455826921,4629.508455826921,4586.875455826921,4629.508455826921,283.5199999999957,TP,5
2026-01-13 14:45:00+00:00,2026-01-13 15:15:00+00:00,1,8.0,4625.5407019303875,4608.203701930388,4608.203701930388,4660.2147019303875,-139.25599999999628,SL,2
2026-01-13 15:15:00+00:00,2026-01-13 16:15:00+00:00,1,7.000000000000001,4621.439436695745,4601.451436695745,4601.451436695745,4661.415436695745,-140.40600000000202,SL,4
2026-01-13 16:15:00+00:00,2026-01-13 17:45:00+00:00,1,6.0,4612.367495571821,4589.098495571821,4589.098495571821,4658.90549557182,-140.03399999999593,SL,6
2026-01-13 19:15:00+00:00,2026-01-14 02:00:00+00:00,-1,6.0,4595.730705766169,4620.4467057661695,4620.4467057661695,4546.298705766169,-148.71600000000208,SL,27
2026-01-14 09:00:00+00:00,2026-01-14 14:30:00+00:00,1,9.0,4634.841735218511,4619.284735218511,4619.284735218511,4665.95573521851,-140.6429999999981,SL,22
2026-01-14 15:00:00+00:00,2026-01-14 18:45:00+00:00,-1,8.0,4617.062182994685,4635.137182994685,4635.137182994685,4580.912182994684,-145.15999999999855,SL,15
2026-01-14 19:45:00+00:00,2026-01-14 21:15:00+00:00,1,7.000000000000001,4640.124152457761,4621.597152457761,4621.597152457761,4677.178152457761,-130.17900000000034,SL,6
2026-01-14 21:15:00+00:00,2026-01-14 23:15:00+00:00,1,8.0,4624.348063462372,4607.081063462372,4607.081063462372,4658.882063462373,-138.6959999999986,SL,8
2026-01-15 09:00:00+00:00,2026-01-15 13:30:00+00:00,1,9.0,4604.286981790309,4588.925981790309,4588.925981790309,4635.008981790309,-138.87899999999888,SL,18
2026-01-15 14:00:00+00:00,2026-01-15 14:15:00+00:00,-1,10.0,4588.345454321531,4602.327454321531,4602.327454321531,4560.381454321531,-140.5199999999997,SL,1
2026-01-15 14:15:00+00:00,2026-01-15 14:45:00+00:00,-1,9.0,4599.816894393899,4614.456894393899,4614.456894393899,4570.536894393898,-132.39000000000294,SL,2
2026-01-15 14:45:00+00:00,2026-01-15 16:00:00+00:00,-1,8.0,4602.631568623751,4618.457568623751,4618.457568623751,4570.979568623751,-127.16800000000018,SL,5
2026-01-15 19:15:00+00:00,2026-01-15 20:00:00+00:00,1,9.0,4619.153414318512,4604.444414318512,4604.444414318512,4648.571414318511,-133.0109999999985,SL,3
2026-01-15 20:00:00+00:00,2026-01-15 20:15:00+00:00,1,10.0,4615.720188142492,4602.642188142492,4602.642188142492,4641.876188142492,-131.4799999999952,SL,1
2026-01-16 12:00:00+00:00,2026-01-16 12:45:00+00:00,1,11.0,4612.698467524983,4600.859467524983,4600.859467524983,4636.376467524983,-130.99899999999937,SL,3
2026-01-16 15:45:00+00:00,2026-01-16 16:00:00+00:00,-1,5.0,4555.6466038841045,4581.693603884104,4581.693603884104,4503.552603884104,-130.58499999999785,SL,1
2026-01-16 16:00:00+00:00,2026-01-16 16:30:00+00:00,-1,4.0,4571.107478349331,4598.885478349332,4598.885478349332,4515.551478349332,-111.39200000000099,SL,2
2026-01-16 16:30:00+00:00,2026-01-18 23:00:00+00:00,-1,4.0,4591.672021251573,4620.516021251573,4620.516021251573,4533.984021251573,-115.6560000000002,SL,26
2026-01-19 08:30:00+00:00,2026-01-19 23:15:00+00:00,1,11.0,4669.551066785152,4670.891306097765,4657.698066785152,4693.257066785152,13.972632438737929,TIME,50
2026-01-20 08:15:00+00:00,2026-01-20 16:45:00+00:00,1,8.0,4724.585010519726,4754.4530105197255,4709.651010519726,4754.4530105197255,238.38399999999586,TP,34
2026-01-20 16:45:00+00:00,2026-01-21 01:00:00+00:00,1,6.0,4745.344618157414,4787.836618157414,4724.0986181574135,4787.836618157414,254.53200000000115,TP,33
2026-02-04 08:15:00+00:00,2026-02-04 09:30:00+00:00,1,4.0,5077.550496290761,5046.381496290761,5046.381496290761,5139.888496290761,-124.95599999999948,SL,5
2026-02-04 11:15:00+00:00,2026-02-04 14:30:00+00:00,-1,3.0,5042.189015673983,4972.227015673982,5077.170015673983,4972.227015673982,209.67600000000132,TP,13
2026-02-04 14:45:00+00:00,2026-02-04 15:30:00+00:00,-1,2.0,4996.499001085744,4901.917001085743,5043.790001085744,4901.917001085743,189.02400000000068,TP,3
2026-02-04 15:30:00+00:00,2026-02-04 23:15:00+00:00,-1,2.0,4958.009493585391,5015.5684935853915,5015.5684935853915,4842.891493585391,-115.2580000000004,SL,31
2026-02-05 08:30:00+00:00,2026-02-05 09:00:00+00:00,1,2.0,4920.887900478448,4866.363900478447,4866.363900478447,5029.935900478447,-109.18800000000068,SL,2
2026-02-05 09:00:00+00:00,2026-02-05 09:15:00+00:00,1,2.0,4912.41471576125,4856.11971576125,4856.11971576125,5025.00471576125,-112.73000000000015,SL,1
2026-02-05 10:45:00+00:00,2026-02-05 18:45:00+00:00,-1,2.0,4876.638783315874,4871.221709213606,4932.261783315874,4765.392783315875,10.694148204536177,SIGNAL_REVERSE,32
2026-02-05 18:45:00+00:00,2026-02-05 20:15:00+00:00,1,2.0,4871.219547927573,4811.148547927573,4811.148547927573,4991.361547927573,-120.28199999999983,SL,6
2026-02-05 21:00:00+00:00,2026-02-05 23:45:00+00:00,-1,2.0,4810.492121385995,4712.204121385995,4859.6361213859955,4712.204121385995,196.43600000000094,TP,11
2026-02-06 08:15:00+00:00,2026-02-06 14:30:00+00:00,1,2.0,4851.185643489822,4943.301643489822,4805.127643489822,4943.301643489822,184.09199999999998,TP,25
2026-02-06 14:30:00+00:00,2026-02-08 23:00:00+00:00,1,3.0,4904.398502301966,4989.886502301966,4861.654502301966,4989.886502301966,256.2540000000009,TP,34
2026-02-09 10:45:00+00:00,2026-02-09 12:30:00+00:00,-1,4.0,4986.803239025707,5018.289239025707,5018.289239025707,4923.831239025707,-126.2239999999995,SL,7
2026-02-09 15:00:00+00:00,2026-02-09 23:00:00+00:00,1,4.0,5037.581620882684,5007.862620882684,5007.862620882684,5097.019620882684,-119.1560000000002,SL,32
2026-02-10 09:30:00+00:00,2026-02-10 12:30:00+00:00,1,5.0,5052.473790038848,5027.0957900388485,5027.0957900388485,5103.229790038848,-127.2399999999985,SL,12
2026-02-10 12:30:00+00:00,2026-02-10 12:45:00+00:00,1,5.0,5046.5080275485825,5021.973027548583,5021.973027548583,5095.578027548582,-123.02499999999927,SL,1
2026-02-10 16:00:00+00:00,2026-02-10 23:15:00+00:00,-1,4.0,5019.611671173746,5053.6096711737455,5053.6096711737455,4951.615671173746,-136.27199999999837,SL,29
2026-02-11 10:30:00+00:00,2026-02-11 11:45:00+00:00,1,6.0,5071.1017036450385,5112.129703645038,5050.587703645038,5112.129703645038,245.74799999999604,TP,5
2026-02-11 11:45:00+00:00,2026-02-11 12:15:00+00:00,1,6.0,5109.156492714343,5087.971492714343,5087.971492714343,5151.526492714342,-127.52999999999695,SL,2
2026-02-11 12:15:00+00:00,2026-02-11 12:30:00+00:00,1,6.0,5106.244294374267,5083.547294374267,5083.547294374267,5151.6382943742665,-136.6020000000007,SL,1
2026-02-11 12:30:00+00:00,2026-02-11 12:45:00+00:00,1,5.0,5095.048638467811,5068.304638467811,5068.304638467811,5148.53663846781,-134.06999999999843,SL,1
2026-02-11 12:45:00+00:00,2026-02-11 13:30:00+00:00,1,4.0,5067.716011994459,5039.893011994459,5039.893011994459,5123.362011994459,-111.57200000000128,SL,3
2026-02-11 13:30:00+00:00,2026-02-11 14:30:00+00:00,1,3.0,5083.69674684005,5047.44874684005,5047.44874684005,5156.19274684005,-108.95399999999877,SL,4
2026-02-11 15:45:00+00:00,2026-02-11 17:30:00+00:00,-1,2.0,5048.44567253924,5095.61167253924,5095.61167253924,4954.11367253924,-94.47200000000034,SL,7
2026-02-11 19:30:00+00:00,2026-02-11 23:00:00+00:00,1,4.0,5091.797471192884,5059.933471192883,5059.933471192883,5155.525471192884,-127.73600000000195,SL,14
2026-02-12 16:45:00+00:00,2026-02-13 05:15:00+00:00,-1,2.0,4952.188377311962,4978.086561652235,5004.983377311962,4846.5983773119615,-51.93636868054695,TIME,50
2026-02-13 11:30:00+00:00,2026-02-13 12:15:00+00:00,-1,4.0,4944.863058983076,4972.622058983076,4972.622058983076,4889.345058983076,-111.31600000000006,SL,3
2026-02-13 14:15:00+00:00,2026-02-13 14:30:00+00:00,1,4.0,4998.7237923821895,4970.029792382189,4970.029792382189,5056.111792382189,-115.05600000000166,SL,1
2026-02-13 14:30:00+00:00,2026-02-16 03:00:00+00:00,1,4.0,5003.016480332201,4994.604812494133,4970.979480332201,5067.090480332202,-33.92667135227501,TIME,50
2026-02-16 08:45:00+00:00,2026-02-16 13:45:00+00:00,1,7.000000000000001,5006.560012331895,4995.416372731866,4988.391012331896,5042.898012331895,-78.49547720020314,SIGNAL_REVERSE,20
2026-02-16 13:45:00+00:00,2026-02-16 20:00:00+00:00,-1,8.0,4995.421740089545,4991.006281622706,5010.032740089545,4966.199740089545,34.76366773470858,SIGNAL_REVERSE,25
2026-02-16 20:00:00+00:00,2026-02-17 00:00:00+00:00,1,11.0,4991.014822308296,4979.881822308296,4979.881822308296,5013.280822308297,-123.23299999999792,SL,6
2026-02-17 08:15:00+00:00,2026-02-17 11:30:00+00:00,-1,4.0,4927.478232613705,4927.80350690632,4958.795232613705,4864.844232613705,-1.5810971704607073,SIGNAL_REVERSE,13
2026-02-17 11:30:00+00:00,2026-02-17 13:45:00+00:00,1,5.0,4927.802521382723,4905.906521382723,4905.906521382723,4971.5945213827235,-109.82999999999865,SL,9
2026-02-17 14:15:00+00:00,2026-02-18 02:45:00+00:00,-1,3.0,4896.40801757726,4904.898845640671,4928.746017577259,4831.73201757726,-25.682484190235265,TIME,50
2026-02-18 08:15:00+00:00,2026-02-18 09:00:00+00:00,1,8.0,4929.338243399932,4914.868243399932,4914.868243399932,4958.278243399932,-116.32000000000204,SL,3
2026-02-18 10:00:00+00:00,2026-02-18 12:45:00+00:00,-1,8.0,4917.397830414041,4931.795830414041,4931.795830414041,4888.601830414042,-115.74400000000111,SL,11
2026-02-18 13:15:00+00:00,2026-02-18 14:45:00+00:00,1,7.000000000000001,4957.8621671300825,4993.386167130082,4940.100167130083,4993.386167130082,248.17799999999605,TP,6
2026-02-18 14:45:00+00:00,2026-02-18 20:30:00+00:00,1,5.0,4981.894505883841,4977.349313401821,4959.874505883841,5025.934505883841,-23.075962410099784,SIGNAL_REVERSE,23
2026-02-18 20:30:00+00:00,2026-02-19 05:30:00+00:00,-1,7.000000000000001,4977.352053788942,4994.831053788941,4994.831053788941,4942.394053788942,-122.84299999999553,SL,36
2026-02-19 08:15:00+00:00,2026-02-19 09:30:00+00:00,1,9.0,5011.829895287994,4998.949895287994,4998.949895287994,5037.589895287994,-116.55000000000098,SL,5
2026-02-19 09:30:00+00:00,2026-02-19 10:00:00+00:00,1,8.0,5000.381137138167,4985.212137138167,4985.212137138167,5030.719137138168,-121.91199999999895,SL,2
2026-02-19 10:00:00+00:00,2026-02-19 11:00:00+00:00,1,8.0,4995.889267297996,4993.157088668766,4980.2422672979965,5027.183267297996,-22.4174290338438,SIGNAL_REVERSE,4
2026-02-19 11:00:00+00:00,2026-02-19 14:45:00+00:00,-1,7.000000000000001,4993.159153867878,5010.346153867878,5010.346153867878,4958.785153867878,-120.7989999999993,SL,15
2026-02-19 15:45:00+00:00,2026-02-19 17:30:00+00:00,1,4.0,5015.325094357277,4989.058094357277,4989.058094357277,5067.859094357277,-105.3479999999993,SL,7
2026-02-19 19:00:00+00:00,2026-02-19 23:00:00+00:00,-1,4.0,4981.559301601117,5007.368301601117,5007.368301601117,4929.941301601118,-103.51600000000079,SL,16
2026-02-20 08:15:00+00:00,2026-02-20 14:30:00+00:00,1,6.0,5012.671336037859,5049.539336037859,4994.237336037859,5049.539336037859,220.78800000000237,TP,25
2026-02-20 14:30:00+00:00,2026-02-20 15:00:00+00:00,1,5.0,5041.414152612516,5020.908152612516,5020.908152612516,5082.426152612516,-102.88000000000156,SL,2
2026-02-20 15:00:00+00:00,2026-02-20 15:15:00+00:00,1,4.0,5054.829137216738,5027.311137216738,5027.311137216738,5109.865137216738,-110.35200000000012,SL,1
2026-02-20 16:00:00+00:00,2026-02-22 23:00:00+00:00,1,3.0,5042.600744676593,5109.852744676594,5008.974744676593,5109.852744676594,201.54600000000121,TP,28
2026-02-23 08:15:00+00:00,2026-02-23 10:15:00+00:00,-1,6.0,5138.290250025493,5156.417250025494,5156.417250025494,5102.036250025493,-109.18200000000245,SL,8
2026-02-23 12:45:00+00:00,2026-02-23 13:15:00+00:00,1,6.0,5164.520316564285,5146.670316564285,5146.670316564285,5200.220316564285,-107.52000000000218,SL,2
2026-02-23 13:15:00+00:00,2026-02-23 14:45:00+00:00,1,6.0,5155.115673040707,5190.777673040708,5137.284673040707,5190.777673040708,213.55200000000158,TP,6
2026-02-23 14:45:00+00:00,2026-02-23 20:45:00+00:00,1,5.0,5190.763972836676,5232.163972836676,5170.063972836675,5232.163972836676,206.65000000000273,TP,24
2026-02-23 20:45:00+00:00,2026-02-24 01:00:00+00:00,1,5.0,5227.754104123398,5206.134104123398,5206.134104123398,5270.994104123398,-108.44999999999945,SL,17
2026-02-24 12:45:00+00:00,2026-02-24 13:45:00+00:00,-1,6.0,5157.819519403902,5121.913519403902,5175.772519403902,5121.913519403902,215.0159999999997,TP,4
2026-02-24 13:45:00+00:00,2026-02-24 14:00:00+00:00,-1,5.0,5145.439434444843,5101.923434444842,5167.197434444843,5101.923434444842,217.23000000000266,TP,1
2026-02-24 14:00:00+00:00,2026-02-24 14:45:00+00:00,-1,5.0,5114.83442443964,5139.09242443964,5139.09242443964,5066.31842443964,-121.63999999999905,SL,3
2026-02-24 14:45:00+00:00,2026-02-24 18:00:00+00:00,-1,4.0,5137.129020494868,5165.449020494868,5165.449020494868,5080.489020494869,-113.55999999999884,SL,13
2026-02-24 18:15:00+00:00,2026-02-24 23:00:00+00:00,1,3.0,5164.4892915179,5132.8542915179005,5132.8542915179005,5227.759291517899,-95.11499999999792,SL,19
2026-02-25 10:45:00+00:00,2026-02-25 15:00:00+00:00,-1,7.000000000000001,5176.667909563697,5193.532909563697,5193.532909563697,5142.937909563698,-118.54499999999848,SL,17
2026-02-25 16:15:00+00:00,2026-02-25 20:45:00+00:00,1,5.0,5192.435471249167,5170.0144712491665,5170.0144712491665,5237.277471249167,-112.45500000000138,SL,18
2026-02-25 21:00:00+00:00,2026-02-25 21:15:00+00:00,-1,6.0,5152.447891123173,5172.634891123173,5172.634891123173,5112.073891123172,-121.54199999999939,SL,1
2026-02-25 21:15:00+00:00,2026-02-25 23:00:00+00:00,-1,6.0,5161.5121310617615,5181.4901310617615,5181.4901310617615,5121.556131061761,-120.2880000000004,SL,7
2026-02-26 08:45:00+00:00,2026-02-26 14:30:00+00:00,-1,7.000000000000001,5174.2784829466955,5141.566482946696,5190.634482946695,5141.566482946696,228.49399999999676,TP,23
2026-02-26 14:30:00+00:00,2026-02-26 15:45:00+00:00,-1,5.0,5170.478728740247,5192.081728740247,5192.081728740247,5127.272728740247,-108.36500000000032,SL,5
2026-02-26 20:00:00+00:00,2026-02-27 08:15:00+00:00,1,4.0,5186.947268414847,5178.600595476548,5161.372268414847,5238.097268414846,-33.66669175319592,SIGNAL_REVERSE,49
2026-02-27 08:15:00+00:00,2026-02-27 13:00:00+00:00,-1,8.0,5178.596643667409,5192.166643667409,5192.166643667409,5151.456643667409,-109.11999999999767,SL,19
2026-02-27 13:15:00+00:00,2026-02-27 15:45:00+00:00,1,7.000000000000001,5212.861055916436,5245.633055916436,5196.475055916436,5245.633055916436,228.91399999999956,TP,10
2026-02-27 15:45:00+00:00,2026-03-01 23:00:00+00:00,1,4.0,5231.16568738302,5285.72168738302,5203.8876873830195,5285.72168738302,217.94400000000198,TP,29
2026-03-02 08:15:00+00:00,2026-03-02 09:15:00+00:00,1,5.0,5409.749429088313,5385.878429088314,5385.878429088314,5457.4914290883125,-119.70499999999592,SL,4
2026-03-02 09:15:00+00:00,2026-03-02 14:00:00+00:00,1,4.0,5395.5481177145875,5369.345117714588,5369.345117714588,5447.954117714587,-105.09199999999808,SL,19
2026-03-02 14:30:00+00:00,2026-03-03 01:15:00+00:00,-1,3.0,5333.12858354321,5373.93258354321,5373.93258354321,5251.52058354321,-122.62200000000026,SL,43
2026-03-03 08:15:00+00:00,2026-03-03 09:15:00+00:00,-1,3.0,5320.438854360586,5250.614854360587,5355.350854360587,5250.614854360587,209.26199999999884,TP,4
2026-03-03 09:15:00+00:00,2026-03-03 11:00:00+00:00,-1,2.0,5295.964896018984,5207.498896018984,5340.1978960189845,5207.498896018984,176.7920000000007,TP,7
2026-03-03 11:00:00+00:00,2026-03-03 11:15:00+00:00,-1,2.0,5247.908923044905,5141.236923044905,5301.244923044906,5141.236923044905,213.20400000000097,TP,1
2026-03-03 11:45:00+00:00,2026-03-03 12:00:00+00:00,-1,1.0,5123.46765150346,5188.85665150346,5188.85665150346,4992.68965150346,-65.45900000000012,SL,1
2026-03-03 12:00:00+00:00,2026-03-03 12:45:00+00:00,-1,1.0,5145.307312699676,5214.888312699676,5214.888312699676,5006.145312699676,-69.65100000000012,SL,3
2026-03-03 12:45:00+00:00,2026-03-03 14:45:00+00:00,-1,1.0,5202.814410242296,5053.832410242295,5277.305410242296,5053.832410242295,148.9120000000009,TP,8
2026-03-03 15:00:00+00:00,2026-03-03 16:30:00+00:00,-1,1.0,5039.211963415828,5132.844963415828,5132.844963415828,4851.9459634158275,-93.7029999999998,SL,6
2026-03-03 16:30:00+00:00,2026-03-04 05:00:00+00:00,-1,1.0,5113.380787264394,5156.786797717079,5195.093787264394,4949.954787264393,-43.47601045268522,TIME,50
2026-03-04 10:00:00+00:00,2026-03-04 14:45:00+00:00,1,3.0,5182.379207338711,5150.044207338711,5150.044207338711,5247.049207338711,-97.2150000000001,SL,19
2026-03-04 15:15:00+00:00,2026-03-05 00:00:00+00:00,-1,3.0,5133.724288704641,5169.7872887046415,5169.7872887046415,5061.598288704641,-108.3990000000003,SL,35
2026-03-05 08:15:00+00:00,2026-03-05 08:45:00+00:00,-1,4.0,5141.69386782717,5168.03586782717,5168.03586782717,5089.009867827171,-105.64799999999858,SL,2
2026-03-05 08:45:00+00:00,2026-03-05 13:15:00+00:00,-1,4.0,5160.898313052371,5106.894313052372,5187.900313052371,5106.894313052372,215.73599999999598,TP,18
2026-03-05 13:45:00+00:00,2026-03-05 15:00:00+00:00,-1,4.0,5130.802374275388,5071.746374275387,5160.330374275388,5071.746374275387,235.94400000000198,TP,5
2026-03-05 15:00:00+00:00,2026-03-06 01:45:00+00:00,-1,3.0,5101.3478859415245,5138.618885941524,5138.618885941524,5026.805885941524,-112.02299999999919,SL,43
2026-03-06 08:30:00+00:00,2026-03-06 11:45:00+00:00,-1,6.0,5100.55451891472,5063.730518914719,5118.96651891472,5063.730518914719,220.52400000000316,TP,13
2026-03-06 11:45:00+00:00,2026-03-06 13:30:00+00:00,-1,4.0,5081.24937296947,5107.36937296947,5107.36937296947,5029.00937296947,-104.75999999999956,SL,7
2026-03-06 13:30:00+00:00,2026-03-06 13:45:00+00:00,-1,4.0,5083.141085513364,5114.610085513364,5114.610085513364,5020.2030855133635,-126.1560000000002,SL,1
2026-03-06 15:15:00+00:00,2026-03-08 22:45:00+00:00,1,2.0,5149.41296971392,5104.59596971392,5104.59596971392,5239.04696971392,-89.77400000000002,SL,34
2026-03-09 08:15:00+00:00,2026-03-09 11:45:00+00:00,1,4.0,5099.642839515802,5085.291244403576,5073.025839515802,5152.876839515802,-57.68638044890511,SIGNAL_REVERSE,14
2026-03-09 11:45:00+00:00,2026-03-09 12:30:00+00:00,-1,4.0,5085.288772859859,5111.223772859859,5111.223772859859,5033.418772859859,-104.0200000000016,SL,3
2026-03-09 14:00:00+00:00,2026-03-09 14:30:00+00:00,-1,4.0,5073.072724511311,5103.144724511311,5103.144724511311,5012.928724511312,-120.56800000000047,SL,2
2026-03-09 14:30:00+00:00,2026-03-09 14:45:00+00:00,-1,3.0,5080.889195931638,5111.950195931638,5111.950195931638,5018.7671959316385,-93.39299999999908,SL,1
2026-03-09 19:00:00+00:00,2026-03-10 01:45:00+00:00,1,4.0,5123.31581264694,5176.587812646941,5096.679812646939,5176.587812646941,212.80800000000337,TP,27
2026-03-10 08:15:00+00:00,2026-03-10 10:30:00+00:00,1,7.000000000000001,5179.909346042842,5163.6383460428415,5163.6383460428415,5212.4513460428425,-114.38700000000449,SL,9
2026-03-10 13:30:00+00:00,2026-03-10 13:45:00+00:00,1,5.0,5222.156827276816,5198.1978272768165,5198.1978272768165,5270.074827276816,-120.14499999999916,SL,1
2026-03-10 13:45:00+00:00,2026-03-10 18:15:00+00:00,1,4.0,5209.363833811822,5184.735833811822,5184.735833811822,5258.619833811822,-98.79199999999881,SL,18
2026-03-10 18:15:00+00:00,2026-03-10 19:00:00+00:00,1,4.0,5215.80944900818,5187.21044900818,5187.21044900818,5273.00744900818,-114.67600000000064,SL,3
2026-03-10 19:45:00+00:00,2026-03-11 00:45:00+00:00,-1,4.0,5187.799092262513,5215.977092262513,5215.977092262513,5131.443092262513,-112.99199999999954,SL,20
2026-03-11 08:15:00+00:00,2026-03-11 13:00:00+00:00,-1,7.000000000000001,5198.3313961813965,5164.2553961813965,5215.369396181397,5164.2553961813965,238.04200000000017,TP,19
2026-03-11 13:00:00+00:00,2026-03-11 14:15:00+00:00,-1,5.0,5167.2121125896465,5191.051112589646,5191.051112589646,5119.534112589647,-119.5449999999997,SL,5
2026-03-11 16:00:00+00:00,2026-03-12 04:30:00+00:00,-1,4.0,5166.142970802169,5152.484118715827,5194.523970802169,5109.380970802169,54.35540834536616,TIME,50
2026-03-12 08:15:00+00:00,2026-03-12 12:15:00+00:00,1,7.000000000000001,5181.662994657825,5166.299994657825,5166.299994657825,5212.388994657825,-108.031000000002,SL,16
2026-03-19 14:15:00+00:00,2026-03-19 19:30:00+00:00,-1,1.0,4630.313667388556,4644.322467248763,4705.785667388555,4479.369667388556,-14.078799860207546,SIGNAL_REVERSE,21
2026-03-19 19:30:00+00:00,2026-03-20 08:00:00+00:00,1,2.0,4644.319185307771,4706.424846033449,4589.780185307771,4753.39718530777,124.07132145135743,TIME,50
2026-03-20 10:00:00+00:00,2026-03-20 14:00:00+00:00,-1,3.0,4667.279716326796,4597.439716326796,4702.199716326796,4597.439716326796,209.31000000000043,TP,16
2026-03-20 14:15:00+00:00,2026-03-20 18:45:00+00:00,-1,2.0,4587.323699535599,4495.2316995356,4633.369699535599,4495.2316995356,184.0439999999993,TP,18
2026-03-20 18:45:00+00:00,2026-03-23 00:15:00+00:00,-1,2.0,4526.272900656869,4416.796900656869,4581.010900656869,4416.796900656869,218.81199999999933,TP,22
2026-03-24 08:15:00+00:00,2026-03-24 12:30:00+00:00,1,2.0,4414.6419604096145,4366.866960409615,4366.866960409615,4510.191960409614,-95.68999999999927,SL,17
2026-03-24 13:30:00+00:00,2026-03-24 14:00:00+00:00,-1,2.0,4356.0224285796285,4404.074428579628,4404.074428579628,4259.918428579629,-96.24399999999936,SL,2
2026-03-24 14:00:00+00:00,2026-03-24 14:45:00+00:00,-1,2.0,4381.436081117981,4431.480081117981,4431.480081117981,4281.348081117982,-100.22799999999974,SL,3
2026-03-24 17:00:00+00:00,2026-03-24 17:45:00+00:00,1,2.0,4421.351571697584,4373.908571697584,4373.908571697584,4516.237571697584,-95.02600000000042,SL,3
2026-03-24 20:45:00+00:00,2026-03-24 23:30:00+00:00,1,2.0,4460.36332283485,4544.07932283485,4418.50532283485,4544.07932283485,167.2920000000007,TP,11
2026-03-25 08:15:00+00:00,2026-03-25 11:30:00+00:00,-1,5.0,4558.378848104616,4582.950848104616,4582.950848104616,4509.234848104616,-123.21000000000058,SL,13
2026-03-25 11:45:00+00:00,2026-03-25 12:15:00+00:00,1,4.0,4583.823688495911,4557.798688495911,4557.798688495911,4635.873688495911,-104.37999999999855,SL,2
2026-03-25 12:15:00+00:00,2026-03-25 12:30:00+00:00,1,4.0,4577.66861684675,4548.77061684675,4548.77061684675,4635.464616846751,-115.87200000000055,SL,1
2026-03-25 19:15:00+00:00,2026-03-26 01:00:00+00:00,-1,3.0,4509.289508594231,4543.7025085942305,4543.7025085942305,4440.463508594231,-103.44899999999866,SL,23
2026-03-26 08:15:00+00:00,2026-03-26 14:30:00+00:00,-1,3.0,4445.839841095995,4479.226841095995,4479.226841095995,4379.065841095995,-100.37099999999914,SL,25
2026-03-26 14:45:00+00:00,2026-03-26 16:15:00+00:00,1,3.0,4460.204037907081,4420.956037907081,4420.956037907081,4538.700037907081,-117.9540000000015,SL,6
2026-03-26 16:45:00+00:00,2026-03-27 02:00:00+00:00,-1,2.0,4381.4933508459135,4423.640350845913,4423.640350845913,4297.199350845914,-84.43399999999987,SL,37
2026-03-27 08:15:00+00:00,2026-03-27 08:45:00+00:00,1,5.0,4447.280780607633,4423.970780607633,4423.970780607633,4493.900780607632,-116.89999999999745,SL,2
2026-03-27 09:15:00+00:00,2026-03-27 14:00:00+00:00,-1,4.0,4429.347455688057,4453.635455688057,4453.635455688057,4380.771455688057,-97.43199999999823,SL,19
2026-03-27 14:30:00+00:00,2026-03-27 14:45:00+00:00,1,4.0,4455.178700497606,4513.130700497606,4426.202700497606,4513.130700497606,231.5280000000009,TP,1
2026-03-27 14:45:00+00:00,2026-03-27 15:00:00+00:00,1,3.0,4464.033675815247,4531.065675815247,4430.5176758152475,4531.065675815247,200.88600000000045,TP,1
2026-03-27 15:00:00+00:00,2026-03-27 20:45:00+00:00,1,3.0,4509.558730147671,4495.0132669124005,4473.687730147671,4581.300730147671,-43.84638970581087,EOD,23
